{"dates": ["6/24/21", "6/25/21", "6/26/21", "6/27/21", "6/28/21", "6/29/21", "6/30/21", "7/1/21", "7/2/21", "7/3/21", "7/4/21", "7/5/21", "7/6/21", "7/7/21", "7/8/21", "7/9/21", "7/10/21", "7/11/21", "7/12/21", "7/13/21", "7/14/21", "7/15/21"], "max_14": 327, "max": 4450, "value": [2.0714285714285716, 2.4285714285714284, 2.7857142857142856, 3.7857142857142856, 4.928571428571429, 5.571428571428571, 5.714285714285714, 5.357142857142857, 5.0, 6.714285714285714, 8.5, 8.5, 10.071428571428571, 11.571428571428571, 11.571428571428571, 14.785714285714286, 17.357142857142858, 17.642857142857142, 20.571428571428573, 21.785714285714285, 21.0, 21.0, 24.857142857142858, 27.0], "time": ["6/21/21", "6/22/21", "6/23/21", "6/24/21", "6/25/21", "6/26/21", "6/27/21", "6/28/21", "6/29/21", "6/30/21", "7/1/21", "7/2/21", "7/3/21", "7/4/21", "7/5/21", "7/6/21", "7/7/21", "7/8/21", "7/9/21", "7/10/21", "7/11/21", "7/12/21", "7/13/21", "7/14/21", "7/15/21", "7/16/21", "7/17/21", "7/18/21", "7/19/21"], "original_values": [0, 4, 1, 3, 3, 2, 3, 2, 7, 12, 8, 7, 0, 0, 0, 33, 11, 9, 28, 0, 0, 45, 24, 24, 37, 17, 0, 0, 99]}