{"dates": ["6/24/21", "6/25/21", "6/26/21", "6/27/21", "6/28/21", "6/29/21", "6/30/21", "7/1/21", "7/2/21", "7/3/21", "7/4/21", "7/5/21", "7/6/21", "7/7/21", "7/8/21", "7/9/21", "7/10/21", "7/11/21", "7/12/21", "7/13/21", "7/14/21", "7/15/21"], "max_14": 350, "max": 4532, "value": [15.714285714285714, 16.142857142857142, 16.357142857142858, 17.857142857142858, 18.357142857142858, 17.5, 16.428571428571427, 17.0, 19.142857142857142, 19.071428571428573, 18.357142857142858, 18.857142857142858, 20.5, 23.5, 24.642857142857142, 22.642857142857142, 22.714285714285715, 23.928571428571427, 24.928571428571427, 26.642857142857142, 27.928571428571427, 28.214285714285715, 28.214285714285715, 26.714285714285715], "time": ["6/21/21", "6/22/21", "6/23/21", "6/24/21", "6/25/21", "6/26/21", "6/27/21", "6/28/21", "6/29/21", "6/30/21", "7/1/21", "7/2/21", "7/3/21", "7/4/21", "7/5/21", "7/6/21", "7/7/21", "7/8/21", "7/9/21", "7/10/21", "7/11/21", "7/12/21", "7/13/21", "7/14/21", "7/15/21", "7/16/21", "7/17/21", "7/18/21", "7/19/21"], "original_values": [14, 14, 11, 39, 14, 14, 8, 12, 19, 27, 30, 11, 2, 28, 22, 8, 28, 36, 28, 27, 19, 3, 28, 25, 53, 35, 38, 12, 10]}