{"dates": ["6/24/21", "6/25/21", "6/26/21", "6/27/21", "6/28/21", "6/29/21", "6/30/21", "7/1/21", "7/2/21", "7/3/21", "7/4/21", "7/5/21", "7/6/21", "7/7/21", "7/8/21", "7/9/21", "7/10/21", "7/11/21", "7/12/21", "7/13/21", "7/14/21", "7/15/21"], "max_14": 265, "max": 4807, "value": [9.428571428571429, 9.5, 8.285714285714286, 6.285714285714286, 5.571428571428571, 7.0, 8.428571428571429, 8.428571428571429, 8.357142857142858, 6.357142857142857, 3.7142857142857144, 7.642857142857143, 13.285714285714286, 14.285714285714286, 14.285714285714286, 16.785714285714285, 19.285714285714285, 19.928571428571427, 22.0, 22.357142857142858, 21.285714285714285, 21.285714285714285, 19.928571428571427, 18.5], "time": ["6/21/21", "6/22/21", "6/23/21", "6/24/21", "6/25/21", "6/26/21", "6/27/21", "6/28/21", "6/29/21", "6/30/21", "7/1/21", "7/2/21", "7/3/21", "7/4/21", "7/5/21", "7/6/21", "7/7/21", "7/8/21", "7/9/21", "7/10/21", "7/11/21", "7/12/21", "7/13/21", "7/14/21", "7/15/21", "7/16/21", "7/17/21", "7/18/21", "7/19/21"], "original_values": [0, 46, 20, 0, 0, 0, 0, 1, 28, 10, 0, 20, 0, 0, 0, 1, 0, 65, 34, 0, 0, 35, 1, 9, 85, 19, 0, 0, 16]}