{"dates": ["6/24/21", "6/25/21", "6/26/21", "6/27/21", "6/28/21", "6/29/21", "6/30/21", "7/1/21", "7/2/21", "7/3/21", "7/4/21", "7/5/21", "7/6/21", "7/7/21", "7/8/21", "7/9/21", "7/10/21", "7/11/21", "7/12/21", "7/13/21", "7/14/21", "7/15/21"], "max_14": 276, "max": 71519, "value": [6.0, 7.142857142857143, 7.857142857142857, 8.5, 9.285714285714286, 10.285714285714286, 11.357142857142858, 11.714285714285714, 11.5, 11.5, 11.214285714285714, 11.071428571428571, 11.785714285714286, 12.357142857142858, 12.428571428571429, 12.785714285714286, 13.857142857142858, 15.357142857142858, 17.142857142857142, 18.857142857142858, 20.5, 23.071428571428573, 25.5, 25.0], "time": ["6/21/21", "6/22/21", "6/23/21", "6/24/21", "6/25/21", "6/26/21", "6/27/21", "6/28/21", "6/29/21", "6/30/21", "7/1/21", "7/2/21", "7/3/21", "7/4/21", "7/5/21", "7/6/21", "7/7/21", "7/8/21", "7/9/21", "7/10/21", "7/11/21", "7/12/21", "7/13/21", "7/14/21", "7/15/21", "7/16/21", "7/17/21", "7/18/21", "7/19/21"], "original_values": [5, 3, 6, 2, 13, 7, 12, 9, 9, 9, 10, 19, 16, 8, 10, 8, 6, 11, 28, 15, 10, 13, 20, 15, 27, 36, 30, 31, 26]}