{"dates": ["6/24/21", "6/25/21", "6/26/21", "6/27/21", "6/28/21", "6/29/21", "6/30/21", "7/1/21", "7/2/21", "7/3/21", "7/4/21", "7/5/21", "7/6/21", "7/7/21", "7/8/21", "7/9/21", "7/10/21", "7/11/21", "7/12/21", "7/13/21", "7/14/21", "7/15/21"], "max_14": 398, "max": 9713, "value": [10.285714285714286, 13.142857142857142, 15.928571428571429, 16.285714285714285, 16.857142857142858, 17.142857142857142, 17.285714285714285, 17.285714285714285, 16.071428571428573, 14.214285714285714, 13.214285714285714, 13.357142857142858, 14.357142857142858, 14.857142857142858, 14.857142857142858, 19.857142857142858, 27.5, 31.214285714285715, 32.07142857142857, 33.07142857142857, 34.285714285714285, 34.285714285714285, 33.142857142857146, 29.0], "time": ["6/21/21", "6/22/21", "6/23/21", "6/24/21", "6/25/21", "6/26/21", "6/27/21", "6/28/21", "6/29/21", "6/30/21", "7/1/21", "7/2/21", "7/3/21", "7/4/21", "7/5/21", "7/6/21", "7/7/21", "7/8/21", "7/9/21", "7/10/21", "7/11/21", "7/12/21", "7/13/21", "7/14/21", "7/15/21", "7/16/21", "7/17/21", "7/18/21", "7/19/21"], "original_values": [4, 15, 14, 26, 13, 0, 0, 44, 14, 20, 28, 15, 0, 0, 27, 5, 15, 35, 22, 0, 0, 97, 42, 30, 32, 39, 0, 0, 81]}