{"dates": ["6/24/21", "6/25/21", "6/26/21", "6/27/21", "6/28/21", "6/29/21", "6/30/21", "7/1/21", "7/2/21", "7/3/21", "7/4/21", "7/5/21", "7/6/21", "7/7/21", "7/8/21", "7/9/21", "7/10/21", "7/11/21", "7/12/21", "7/13/21", "7/14/21", "7/15/21"], "max_14": 719, "max": 47658, "value": [44.714285714285715, 44.142857142857146, 42.5, 39.285714285714285, 36.285714285714285, 33.0, 28.142857142857142, 25.714285714285715, 22.357142857142858, 22.285714285714285, 25.357142857142858, 26.214285714285715, 26.428571428571427, 25.571428571428573, 25.571428571428573, 31.785714285714285, 39.92857142857143, 46.214285714285715, 52.142857142857146, 56.57142857142857, 59.42857142857143, 59.42857142857143, 62.07142857142857, 57.214285714285715], "time": ["6/21/21", "6/22/21", "6/23/21", "6/24/21", "6/25/21", "6/26/21", "6/27/21", "6/28/21", "6/29/21", "6/30/21", "7/1/21", "7/2/21", "7/3/21", "7/4/21", "7/5/21", "7/6/21", "7/7/21", "7/8/21", "7/9/21", "7/10/21", "7/11/21", "7/12/21", "7/13/21", "7/14/21", "7/15/21", "7/16/21", "7/17/21", "7/18/21", "7/19/21"], "original_values": [55, 47, 55, 49, 73, 34, 0, 47, 32, 25, 37, 39, 0, 0, 0, 78, 22, 52, 27, 0, 0, 87, 105, 83, 74, 67, 0, 0, 124]}