{"dates": ["6/24/21", "6/25/21", "6/26/21", "6/27/21", "6/28/21", "6/29/21", "6/30/21", "7/1/21", "7/2/21", "7/3/21", "7/4/21", "7/5/21", "7/6/21", "7/7/21", "7/8/21", "7/9/21", "7/10/21", "7/11/21", "7/12/21", "7/13/21", "7/14/21", "7/15/21"], "max_14": 89, "max": 49985, "value": [1.2857142857142858, 4.0, 4.857142857142857, 2.5714285714285716, 6.285714285714286, 10.428571428571429, 10.428571428571429, 10.428571428571429, 10.428571428571429, 10.428571428571429, 10.428571428571429, 6.571428571428571, 2.7142857142857144, 2.7142857142857144, 2.7142857142857144, 2.7142857142857144, 2.7142857142857144, 2.7142857142857144, 4.857142857142857, 7.0, 7.0, 7.0, 8.5, 10.0], "time": ["6/21/21", "6/22/21", "6/23/21", "6/24/21", "6/25/21", "6/26/21", "6/27/21", "6/28/21", "6/29/21", "6/30/21", "7/1/21", "7/2/21", "7/3/21", "7/4/21", "7/5/21", "7/6/21", "7/7/21", "7/8/21", "7/9/21", "7/10/21", "7/11/21", "7/12/21", "7/13/21", "7/14/21", "7/15/21", "7/16/21", "7/17/21", "7/18/21", "7/19/21"], "original_values": [-38, 26, 6, 15, 0, 0, 0, 0, 0, 0, 73, 0, 0, 0, 0, 0, 0, 19, 0, 0, 0, 0, 0, 0, 49, 0, 0, 0, 21]}