{"dates": ["6/24/21", "6/25/21", "6/26/21", "6/27/21", "6/28/21", "6/29/21", "6/30/21", "7/1/21", "7/2/21", "7/3/21", "7/4/21", "7/5/21", "7/6/21", "7/7/21", "7/8/21", "7/9/21", "7/10/21", "7/11/21", "7/12/21", "7/13/21", "7/14/21", "7/15/21"], "max_14": 234, "max": 17661, "value": [7.928571428571429, 8.5, 9.0, 9.642857142857142, 10.857142857142858, 11.857142857142858, 10.642857142857142, 8.928571428571429, 8.071428571428571, 8.857142857142858, 10.071428571428571, 10.0, 10.857142857142858, 11.714285714285714, 11.714285714285714, 14.0, 15.714285714285714, 15.714285714285714, 15.928571428571429, 15.285714285714286, 15.0, 15.0, 16.071428571428573, 15.785714285714286], "time": ["6/21/21", "6/22/21", "6/23/21", "6/24/21", "6/25/21", "6/26/21", "6/27/21", "6/28/21", "6/29/21", "6/30/21", "7/1/21", "7/2/21", "7/3/21", "7/4/21", "7/5/21", "7/6/21", "7/7/21", "7/8/21", "7/9/21", "7/10/21", "7/11/21", "7/12/21", "7/13/21", "7/14/21", "7/15/21", "7/16/21", "7/17/21", "7/18/21", "7/19/21"], "original_values": [4, 5, 7, 9, 9, 19, 5, 7, 9, 12, 21, 11, 0, 0, 0, 27, 11, 21, 23, 0, 0, 32, 19, 19, 16, 19, 0, 0, 47]}