{"dates": ["6/24/21", "6/25/21", "6/26/21", "6/27/21", "6/28/21", "6/29/21", "6/30/21", "7/1/21", "7/2/21", "7/3/21", "7/4/21", "7/5/21", "7/6/21", "7/7/21", "7/8/21", "7/9/21", "7/10/21", "7/11/21", "7/12/21", "7/13/21", "7/14/21", "7/15/21"], "max_14": 199, "max": 5883, "value": [2.2857142857142856, 2.7142857142857144, 3.142857142857143, 3.2142857142857144, 3.2857142857142856, 4.0, 4.714285714285714, 4.714285714285714, 4.071428571428571, 3.4285714285714284, 5.071428571428571, 6.714285714285714, 7.071428571428571, 8.714285714285714, 10.0, 10.714285714285714, 11.428571428571429, 11.0, 12.857142857142858, 15.071428571428571, 14.571428571428571, 15.142857142857142, 16.571428571428573, 17.0], "time": ["6/21/21", "6/22/21", "6/23/21", "6/24/21", "6/25/21", "6/26/21", "6/27/21", "6/28/21", "6/29/21", "6/30/21", "7/1/21", "7/2/21", "7/3/21", "7/4/21", "7/5/21", "7/6/21", "7/7/21", "7/8/21", "7/9/21", "7/10/21", "7/11/21", "7/12/21", "7/13/21", "7/14/21", "7/15/21", "7/16/21", "7/17/21", "7/18/21", "7/19/21"], "original_values": [3, 0, 12, 0, 1, 0, 0, 9, 0, 13, 0, 11, 0, 0, 0, 0, 36, 0, 16, 18, 0, 10, 0, 30, 32, 15, 12, 14, 16]}