{"dates": ["6/24/21", "6/25/21", "6/26/21", "6/27/21", "6/28/21", "6/29/21", "6/30/21", "7/1/21", "7/2/21", "7/3/21", "7/4/21", "7/5/21", "7/6/21", "7/7/21", "7/8/21", "7/9/21", "7/10/21", "7/11/21", "7/12/21", "7/13/21", "7/14/21", "7/15/21"], "max_14": 75, "max": 19426, "value": [2.9285714285714284, 3.0714285714285716, 2.7857142857142856, 2.642857142857143, 2.7142857142857144, 3.142857142857143, 4.0, 4.428571428571429, 4.285714285714286, 4.142857142857143, 3.857142857142857, 3.857142857142857, 4.285714285714286, 4.214285714285714, 3.7857142857142856, 3.857142857142857, 4.357142857142857, 5.142857142857143, 5.571428571428571, 5.357142857142857, 5.214285714285714, 5.714285714285714, 6.357142857142857, 6.214285714285714], "time": ["6/21/21", "6/22/21", "6/23/21", "6/24/21", "6/25/21", "6/26/21", "6/27/21", "6/28/21", "6/29/21", "6/30/21", "7/1/21", "7/2/21", "7/3/21", "7/4/21", "7/5/21", "7/6/21", "7/7/21", "7/8/21", "7/9/21", "7/10/21", "7/11/21", "7/12/21", "7/13/21", "7/14/21", "7/15/21", "7/16/21", "7/17/21", "7/18/21", "7/19/21"], "original_values": [3, 3, 2, 5, 2, 3, 5, 0, 2, 1, 7, 6, 11, 3, 0, 0, -1, 9, 10, 6, 2, 2, 5, 5, 9, 7, 7, 8, 5]}