{"dates": ["6/24/21", "6/25/21", "6/26/21", "6/27/21", "6/28/21", "6/29/21", "6/30/21", "7/1/21", "7/2/21", "7/3/21", "7/4/21", "7/5/21", "7/6/21", "7/7/21", "7/8/21", "7/9/21", "7/10/21", "7/11/21", "7/12/21", "7/13/21", "7/14/21", "7/15/21"], "max_14": 174, "max": 2568, "value": [6.0, 6.0, 6.357142857142857, 7.142857142857143, 6.357142857142857, 7.142857142857143, 8.357142857142858, 7.571428571428571, 7.642857142857143, 7.571428571428571, 7.357142857142857, 7.5, 5.785714285714286, 7.071428571428571, 10.285714285714286, 10.285714285714286, 10.714285714285714, 11.285714285714286, 11.357142857142858, 9.785714285714286, 11.5, 14.714285714285714, 14.642857142857142, 13.928571428571429], "time": ["6/21/21", "6/22/21", "6/23/21", "6/24/21", "6/25/21", "6/26/21", "6/27/21", "6/28/21", "6/29/21", "6/30/21", "7/1/21", "7/2/21", "7/3/21", "7/4/21", "7/5/21", "7/6/21", "7/7/21", "7/8/21", "7/9/21", "7/10/21", "7/11/21", "7/12/21", "7/13/21", "7/14/21", "7/15/21", "7/16/21", "7/17/21", "7/18/21", "7/19/21"], "original_values": [0, 0, -6, 13, 24, 11, 0, 0, 5, 0, -4, 52, 0, 0, 1, 3, -1, -1, 25, 45, 0, 1, 9, 1, -2, 4, 90, 0, 0]}