{"dates": ["6/24/21", "6/25/21", "6/26/21", "6/27/21", "6/28/21", "6/29/21", "6/30/21", "7/1/21", "7/2/21", "7/3/21", "7/4/21", "7/5/21", "7/6/21", "7/7/21", "7/8/21", "7/9/21", "7/10/21", "7/11/21", "7/12/21", "7/13/21", "7/14/21", "7/15/21"], "max_14": 35, "max": 9434, "value": [-0.14285714285714285, 0.21428571428571427, 0.8571428571428571, 1.3571428571428572, 1.4285714285714286, 1.2857142857142858, 1.2857142857142858, 1.2857142857142858, 0.9285714285714286, 0.5714285714285714, 0.42857142857142855, 0.35714285714285715, 0.21428571428571427, 0.0, 0.0, 0.6428571428571429, 1.3571428571428572, 1.4285714285714286, 1.7857142857142858, 2.857142857142857, 3.5714285714285716, 3.5714285714285716, 3.642857142857143, 3.5714285714285716], "time": ["6/21/21", "6/22/21", "6/23/21", "6/24/21", "6/25/21", "6/26/21", "6/27/21", "6/28/21", "6/29/21", "6/30/21", "7/1/21", "7/2/21", "7/3/21", "7/4/21", "7/5/21", "7/6/21", "7/7/21", "7/8/21", "7/9/21", "7/10/21", "7/11/21", "7/12/21", "7/13/21", "7/14/21", "7/15/21", "7/16/21", "7/17/21", "7/18/21", "7/19/21"], "original_values": [0, -3, -1, 2, 1, 0, 0, 5, 1, 2, 0, 1, 0, 0, 0, 1, 0, 1, -2, 0, 0, 9, 2, 0, 6, 8, 0, 0, 10]}