{"dates": ["6/24/21", "6/25/21", "6/26/21", "6/27/21", "6/28/21", "6/29/21", "6/30/21", "7/1/21", "7/2/21", "7/3/21", "7/4/21", "7/5/21", "7/6/21", "7/7/21", "7/8/21", "7/9/21", "7/10/21", "7/11/21", "7/12/21", "7/13/21", "7/14/21", "7/15/21"], "max_14": 49, "max": 2319, "value": [3.0, 3.5, 4.214285714285714, 4.857142857142857, 5.714285714285714, 5.928571428571429, 5.714285714285714, 5.714285714285714, 5.142857142857143, 4.714285714285714, 4.928571428571429, 4.571428571428571, 4.285714285714286, 4.428571428571429, 4.428571428571429, 4.785714285714286, 4.571428571428571, 3.2142857142857144, 2.2857142857142856, 1.8571428571428572, 1.5714285714285714, 1.5714285714285714, 1.7142857142857142, 1.7857142857142858], "time": ["6/21/21", "6/22/21", "6/23/21", "6/24/21", "6/25/21", "6/26/21", "6/27/21", "6/28/21", "6/29/21", "6/30/21", "7/1/21", "7/2/21", "7/3/21", "7/4/21", "7/5/21", "7/6/21", "7/7/21", "7/8/21", "7/9/21", "7/10/21", "7/11/21", "7/12/21", "7/13/21", "7/14/21", "7/15/21", "7/16/21", "7/17/21", "7/18/21", "7/19/21"], "original_values": [1, 4, 6, 3, 7, 0, 0, 8, 7, 12, 9, 4, 0, 0, 0, 9, 13, 3, 6, 0, 0, 5, 1, 2, 1, 2, 0, 0, 7]}