{"dates": ["6/24/21", "6/25/21", "6/26/21", "6/27/21", "6/28/21", "6/29/21", "6/30/21", "7/1/21", "7/2/21", "7/3/21", "7/4/21", "7/5/21", "7/6/21", "7/7/21", "7/8/21", "7/9/21", "7/10/21", "7/11/21", "7/12/21", "7/13/21", "7/14/21", "7/15/21"], "max_14": 92, "max": 21392, "value": [6.571428571428571, 6.714285714285714, 5.928571428571429, 5.214285714285714, 4.785714285714286, 4.428571428571429, 4.642857142857143, 4.571428571428571, 4.0, 3.7142857142857144, 6.785714285714286, 9.785714285714286, 10.357142857142858, 10.642857142857142, 10.142857142857142, 10.071428571428571, 9.714285714285714, 7.5, 5.571428571428571, 4.357142857142857, 3.142857142857143, 3.142857142857143, 3.142857142857143, 3.142857142857143], "time": ["6/21/21", "6/22/21", "6/23/21", "6/24/21", "6/25/21", "6/26/21", "6/27/21", "6/28/21", "6/29/21", "6/30/21", "7/1/21", "7/2/21", "7/3/21", "7/4/21", "7/5/21", "7/6/21", "7/7/21", "7/8/21", "7/9/21", "7/10/21", "7/11/21", "7/12/21", "7/13/21", "7/14/21", "7/15/21", "7/16/21", "7/17/21", "7/18/21", "7/19/21"], "original_values": [7, 13, 7, 6, 8, 2, 6, 3, 6, 4, 3, 6, 7, 0, 1, 4, 49, 0, 17, 0, 0, 0, 0, 22, 0, 0, 0, 0, 0]}