{"dates": ["6/24/21", "6/25/21", "6/26/21", "6/27/21", "6/28/21", "6/29/21", "6/30/21", "7/1/21", "7/2/21", "7/3/21", "7/4/21", "7/5/21", "7/6/21", "7/7/21", "7/8/21", "7/9/21", "7/10/21", "7/11/21", "7/12/21", "7/13/21", "7/14/21", "7/15/21"], "max_14": 89, "max": 11638, "value": [4.857142857142857, 5.571428571428571, 5.5, 6.071428571428571, 6.5, 6.5, 6.142857142857143, 5.0, 4.214285714285714, 4.142857142857143, 3.357142857142857, 2.4285714285714284, 2.2857142857142856, 3.0, 3.9285714285714284, 4.642857142857143, 4.928571428571429, 5.285714285714286, 6.142857142857143, 6.714285714285714, 6.285714285714286, 5.214285714285714, 6.214285714285714, 7.5], "time": ["6/21/21", "6/22/21", "6/23/21", "6/24/21", "6/25/21", "6/26/21", "6/27/21", "6/28/21", "6/29/21", "6/30/21", "7/1/21", "7/2/21", "7/3/21", "7/4/21", "7/5/21", "7/6/21", "7/7/21", "7/8/21", "7/9/21", "7/10/21", "7/11/21", "7/12/21", "7/13/21", "7/14/21", "7/15/21", "7/16/21", "7/17/21", "7/18/21", "7/19/21"], "original_values": [5, 3, 6, 9, -1, 6, 12, 3, 4, 13, 8, 0, 0, 2, 2, 4, 2, 6, 0, 10, 5, 9, 1, 10, 10, 4, 0, 0, 28]}