{"dates": ["6/24/21", "6/25/21", "6/26/21", "6/27/21", "6/28/21", "6/29/21", "6/30/21", "7/1/21", "7/2/21", "7/3/21", "7/4/21", "7/5/21", "7/6/21", "7/7/21", "7/8/21", "7/9/21", "7/10/21", "7/11/21", "7/12/21", "7/13/21", "7/14/21", "7/15/21"], "max_14": 311, "max": 18206, "value": [6.428571428571429, 2.142857142857143, -3.0714285714285716, -15.285714285714286, -27.571428571428573, -28.428571428571427, -29.071428571428573, -29.857142857142858, -26.714285714285715, -19.428571428571427, -3.7142857142857144, 6.785714285714286, 8.0, 10.285714285714286, 10.285714285714286, 13.642857142857142, 15.0, 15.857142857142858, 19.714285714285715, 18.285714285714285, 15.857142857142858, 18.428571428571427, 24.214285714285715, 26.142857142857142], "time": ["6/21/21", "6/22/21", "6/23/21", "6/24/21", "6/25/21", "6/26/21", "6/27/21", "6/28/21", "6/29/21", "6/30/21", "7/1/21", "7/2/21", "7/3/21", "7/4/21", "7/5/21", "7/6/21", "7/7/21", "7/8/21", "7/9/21", "7/10/21", "7/11/21", "7/12/21", "7/13/21", "7/14/21", "7/15/21", "7/16/21", "7/17/21", "7/18/21", "7/19/21"], "original_values": [16, 1, 9, 8, 0, 11, 0, -44, -12, -149, -6, 2, 0, 0, 0, 46, 13, -21, 34, 0, 0, 47, 18, 53, -7, 0, 0, 36, 92]}