{"dates": ["6/24/21", "6/25/21", "6/26/21", "6/27/21", "6/28/21", "6/29/21", "6/30/21", "7/1/21", "7/2/21", "7/3/21", "7/4/21", "7/5/21", "7/6/21", "7/7/21", "7/8/21", "7/9/21", "7/10/21", "7/11/21", "7/12/21", "7/13/21", "7/14/21", "7/15/21"], "max_14": 1138, "max": 18218, "value": [53.42857142857143, 56.57142857142857, 56.642857142857146, 57.42857142857143, 61.285714285714285, 63.07142857142857, 58.5, 56.714285714285715, 60.357142857142854, 59.0, 61.42857142857143, 66.28571428571429, 70.5, 78.57142857142857, 80.57142857142857, 76.78571428571429, 80.5, 84.07142857142857, 84.35714285714286, 86.28571428571429, 87.07142857142857, 87.85714285714286, 87.57142857142857, 80.07142857142857], "time": ["6/21/21", "6/22/21", "6/23/21", "6/24/21", "6/25/21", "6/26/21", "6/27/21", "6/28/21", "6/29/21", "6/30/21", "7/1/21", "7/2/21", "7/3/21", "7/4/21", "7/5/21", "7/6/21", "7/7/21", "7/8/21", "7/9/21", "7/10/21", "7/11/21", "7/12/21", "7/13/21", "7/14/21", "7/15/21", "7/16/21", "7/17/21", "7/18/21", "7/19/21"], "original_values": [8, 77, 51, 91, 67, 64, 32, 20, 66, 73, 123, 60, 7, 64, 39, 28, 145, 119, 123, 57, 42, 8, 111, 112, 156, 113, 78, 32, 14]}