{"dates": ["6/24/21", "6/25/21", "6/26/21", "6/27/21", "6/28/21", "6/29/21", "6/30/21", "7/1/21", "7/2/21", "7/3/21", "7/4/21", "7/5/21", "7/6/21", "7/7/21", "7/8/21", "7/9/21", "7/10/21", "7/11/21", "7/12/21", "7/13/21", "7/14/21", "7/15/21"], "max_14": 424, "max": 22715, "value": [9.857142857142858, 9.785714285714286, 9.0, 6.428571428571429, 5.214285714285714, 6.142857142857143, 6.428571428571429, 6.428571428571429, 5.071428571428571, 6.428571428571429, 10.928571428571429, 14.357142857142858, 17.642857142857142, 19.285714285714285, 19.285714285714285, 25.714285714285715, 30.785714285714285, 29.071428571428573, 28.785714285714285, 28.928571428571427, 29.0, 29.0, 28.714285714285715, 26.642857142857142], "time": ["6/21/21", "6/22/21", "6/23/21", "6/24/21", "6/25/21", "6/26/21", "6/27/21", "6/28/21", "6/29/21", "6/30/21", "7/1/21", "7/2/21", "7/3/21", "7/4/21", "7/5/21", "7/6/21", "7/7/21", "7/8/21", "7/9/21", "7/10/21", "7/11/21", "7/12/21", "7/13/21", "7/14/21", "7/15/21", "7/16/21", "7/17/21", "7/18/21", "7/19/21"], "original_values": [20, 16, 26, 0, 7, 0, 0, 19, 6, 0, 9, 11, 0, 0, 0, 44, 25, 32, 34, 0, 0, 90, 25, 20, 33, 35, 0, 0, 86]}