{"dates": ["6/24/21", "6/25/21", "6/26/21", "6/27/21", "6/28/21", "6/29/21", "6/30/21", "7/1/21", "7/2/21", "7/3/21", "7/4/21", "7/5/21", "7/6/21", "7/7/21", "7/8/21", "7/9/21", "7/10/21", "7/11/21", "7/12/21", "7/13/21", "7/14/21", "7/15/21"], "max_14": 1143, "max": 25313, "value": [38.285714285714285, 38.285714285714285, 38.285714285714285, 38.285714285714285, 38.285714285714285, 41.142857142857146, 44.0, 44.0, 44.0, 44.0, 44.0, 44.0, 52.142857142857146, 60.285714285714285, 60.285714285714285, 60.285714285714285, 60.285714285714285, 60.285714285714285, 60.285714285714285, 81.64285714285714, 103.0, 103.0, 103.0, 103.0], "time": ["6/21/21", "6/22/21", "6/23/21", "6/24/21", "6/25/21", "6/26/21", "6/27/21", "6/28/21", "6/29/21", "6/30/21", "7/1/21", "7/2/21", "7/3/21", "7/4/21", "7/5/21", "7/6/21", "7/7/21", "7/8/21", "7/9/21", "7/10/21", "7/11/21", "7/12/21", "7/13/21", "7/14/21", "7/15/21", "7/16/21", "7/17/21", "7/18/21", "7/19/21"], "original_values": [0, 0, 0, 0, 268, 0, 0, 0, 0, 0, 0, 308, 0, 0, 0, 0, 0, 0, 422, 0, 0, 0, 0, 0, 0, 721, 0, 0, 0]}