{"dates": ["6/24/21", "6/25/21", "6/26/21", "6/27/21", "6/28/21", "6/29/21", "6/30/21", "7/1/21", "7/2/21", "7/3/21", "7/4/21", "7/5/21", "7/6/21", "7/7/21", "7/8/21", "7/9/21", "7/10/21", "7/11/21", "7/12/21", "7/13/21", "7/14/21", "7/15/21"], "max_14": 210, "max": 52669, "value": [3.857142857142857, 4.0, 3.7142857142857144, 4.142857142857143, 4.785714285714286, 4.928571428571429, 4.928571428571429, 4.571428571428571, 4.071428571428571, 4.642857142857143, 4.857142857142857, 3.7857142857142856, 4.571428571428571, 5.857142857142857, 5.857142857142857, 7.857142857142857, 10.071428571428571, 10.285714285714286, 12.285714285714286, 14.5, 14.714285714285714, 14.714285714285714, 17.428571428571427, 18.857142857142858], "time": ["6/21/21", "6/22/21", "6/23/21", "6/24/21", "6/25/21", "6/26/21", "6/27/21", "6/28/21", "6/29/21", "6/30/21", "7/1/21", "7/2/21", "7/3/21", "7/4/21", "7/5/21", "7/6/21", "7/7/21", "7/8/21", "7/9/21", "7/10/21", "7/11/21", "7/12/21", "7/13/21", "7/14/21", "7/15/21", "7/16/21", "7/17/21", "7/18/21", "7/19/21"], "original_values": [5, 6, 4, 8, 1, 1, 4, 3, 4, 12, 9, 2, 0, 0, 0, 15, 4, 2, 20, 0, 0, 28, 18, 4, 30, 23, 0, 0, 66]}