{"dates": ["6/24/21", "6/25/21", "6/26/21", "6/27/21", "6/28/21", "6/29/21", "6/30/21", "7/1/21", "7/2/21", "7/3/21", "7/4/21", "7/5/21", "7/6/21", "7/7/21", "7/8/21", "7/9/21", "7/10/21", "7/11/21", "7/12/21", "7/13/21", "7/14/21", "7/15/21"], "max_14": 180, "max": 14591, "value": [3.9285714285714284, 4.214285714285714, 4.285714285714286, 4.714285714285714, 4.857142857142857, 4.714285714285714, 4.142857142857143, 3.2142857142857144, 2.7142857142857144, 4.285714285714286, 6.142857142857143, 6.928571428571429, 7.928571428571429, 8.285714285714286, 8.285714285714286, 9.428571428571429, 9.5, 9.642857142857142, 11.0, 11.0, 10.857142857142858, 10.857142857142858, 13.0, 14.357142857142858], "time": ["6/21/21", "6/22/21", "6/23/21", "6/24/21", "6/25/21", "6/26/21", "6/27/21", "6/28/21", "6/29/21", "6/30/21", "7/1/21", "7/2/21", "7/3/21", "7/4/21", "7/5/21", "7/6/21", "7/7/21", "7/8/21", "7/9/21", "7/10/21", "7/11/21", "7/12/21", "7/13/21", "7/14/21", "7/15/21", "7/16/21", "7/17/21", "7/18/21", "7/19/21"], "original_values": [3, 0, 4, 6, 4, 8, 5, 2, 2, 8, 4, 4, 0, 0, 0, 26, 10, 13, 9, 0, 0, 16, 11, 27, 15, 7, 0, 0, 46]}