{"dates": ["6/24/21", "6/25/21", "6/26/21", "6/27/21", "6/28/21", "6/29/21", "6/30/21", "7/1/21", "7/2/21", "7/3/21", "7/4/21", "7/5/21", "7/6/21", "7/7/21", "7/8/21", "7/9/21", "7/10/21", "7/11/21", "7/12/21", "7/13/21", "7/14/21", "7/15/21"], "max_14": 15, "max": 1070, "value": [0.2857142857142857, 0.35714285714285715, 0.5, 0.5714285714285714, 0.5, 0.42857142857142855, 0.42857142857142855, 0.42857142857142855, 0.42857142857142855, 0.5, 1.0, 1.5714285714285714, 1.8571428571428572, 2.0, 2.0, 2.0714285714285716, 1.9285714285714286, 1.2857142857142858, -0.07142857142857142, -1.1428571428571428, -1.2857142857142858, -1.2857142857142858, -1.2857142857142858, -1.2857142857142858], "time": ["6/21/21", "6/22/21", "6/23/21", "6/24/21", "6/25/21", "6/26/21", "6/27/21", "6/28/21", "6/29/21", "6/30/21", "7/1/21", "7/2/21", "7/3/21", "7/4/21", "7/5/21", "7/6/21", "7/7/21", "7/8/21", "7/9/21", "7/10/21", "7/11/21", "7/12/21", "7/13/21", "7/14/21", "7/15/21", "7/16/21", "7/17/21", "7/18/21", "7/19/21"], "original_values": [-1, 1, 0, 2, 0, 0, 0, 0, 2, 0, 1, 0, 0, 0, 0, 3, 6, 3, 2, 0, 0, 1, 0, 0, -10, 0, 0, 0, 1]}