{"dates": ["6/24/21", "6/25/21", "6/26/21", "6/27/21", "6/28/21", "6/29/21", "6/30/21", "7/1/21", "7/2/21", "7/3/21", "7/4/21", "7/5/21", "7/6/21", "7/7/21", "7/8/21", "7/9/21", "7/10/21", "7/11/21", "7/12/21", "7/13/21", "7/14/21", "7/15/21"], "max_14": 72, "max": 6958, "value": [1.5714285714285714, 1.8571428571428572, 2.0, 2.0, 2.142857142857143, 2.357142857142857, 2.142857142857143, 1.7857142857142858, 1.5714285714285714, 1.2142857142857142, 0.9285714285714286, 0.7857142857142857, 0.7142857142857143, 1.5, 2.5, 2.7857142857142856, 3.0, 3.7857142857142856, 5.714285714285714, 7.642857142857143, 7.571428571428571, 6.571428571428571, 6.857142857142857, 7.285714285714286], "time": ["6/21/21", "6/22/21", "6/23/21", "6/24/21", "6/25/21", "6/26/21", "6/27/21", "6/28/21", "6/29/21", "6/30/21", "7/1/21", "7/2/21", "7/3/21", "7/4/21", "7/5/21", "7/6/21", "7/7/21", "7/8/21", "7/9/21", "7/10/21", "7/11/21", "7/12/21", "7/13/21", "7/14/21", "7/15/21", "7/16/21", "7/17/21", "7/18/21", "7/19/21"], "original_values": [0, 3, 1, 3, 0, 3, 2, 2, 3, 1, 5, 1, -1, 1, 0, 0, 0, 4, 1, 10, 4, 1, 2, 9, 22, 10, 0, 0, 9]}