{"dates": ["6/24/21", "6/25/21", "6/26/21", "6/27/21", "6/28/21", "6/29/21", "6/30/21", "7/1/21", "7/2/21", "7/3/21", "7/4/21", "7/5/21", "7/6/21", "7/7/21", "7/8/21", "7/9/21", "7/10/21", "7/11/21", "7/12/21", "7/13/21", "7/14/21", "7/15/21"], "max_14": 396, "max": 93568, "value": [8.5, 9.285714285714286, 9.571428571428571, 9.571428571428571, 9.714285714285714, 9.857142857142858, 9.142857142857142, 7.928571428571429, 6.928571428571429, 7.785714285714286, 8.928571428571429, 8.5, 9.0, 9.571428571428571, 9.571428571428571, 13.285714285714286, 17.285714285714285, 19.642857142857142, 23.785714285714285, 28.285714285714285, 30.714285714285715, 30.714285714285715, 35.142857142857146, 37.357142857142854], "time": ["6/21/21", "6/22/21", "6/23/21", "6/24/21", "6/25/21", "6/26/21", "6/27/21", "6/28/21", "6/29/21", "6/30/21", "7/1/21", "7/2/21", "7/3/21", "7/4/21", "7/5/21", "7/6/21", "7/7/21", "7/8/21", "7/9/21", "7/10/21", "7/11/21", "7/12/21", "7/13/21", "7/14/21", "7/15/21", "7/16/21", "7/17/21", "7/18/21", "7/19/21"], "original_values": [3, 8, 10, 13, 11, 12, 5, 9, 6, 12, 13, 13, 0, 0, 0, 27, 7, 12, 21, 0, 0, 52, 31, 36, 41, 55, 0, 0, 114]}