{"dates": ["6/24/21", "6/25/21", "6/26/21", "6/27/21", "6/28/21", "6/29/21", "6/30/21", "7/1/21", "7/2/21", "7/3/21", "7/4/21", "7/5/21", "7/6/21", "7/7/21", "7/8/21", "7/9/21", "7/10/21", "7/11/21", "7/12/21", "7/13/21", "7/14/21", "7/15/21"], "max_14": 53, "max": 2017, "value": [1.2142857142857142, 1.3571428571428572, 1.6428571428571428, 2.2142857142857144, 2.5, 2.357142857142857, 2.2857142857142856, 2.2857142857142856, 2.2857142857142856, 2.0714285714285716, 1.7857142857142858, 1.6428571428571428, 2.2857142857142856, 3.0, 3.357142857142857, 3.642857142857143, 3.7857142857142856, 4.357142857142857, 4.928571428571429, 4.785714285714286, 4.428571428571429, 4.142857142857143, 3.9285714285714284, 3.7142857142857144], "time": ["6/21/21", "6/22/21", "6/23/21", "6/24/21", "6/25/21", "6/26/21", "6/27/21", "6/28/21", "6/29/21", "6/30/21", "7/1/21", "7/2/21", "7/3/21", "7/4/21", "7/5/21", "7/6/21", "7/7/21", "7/8/21", "7/9/21", "7/10/21", "7/11/21", "7/12/21", "7/13/21", "7/14/21", "7/15/21", "7/16/21", "7/17/21", "7/18/21", "7/19/21"], "original_values": [0, 1, 0, 3, 1, 3, 1, 1, 4, 5, 2, 0, 3, 1, 1, 1, 4, 1, 10, 3, 6, 0, 4, 9, 4, 5, 3, 2, 1]}