{"dates": ["6/24/21", "6/25/21", "6/26/21", "6/27/21", "6/28/21", "6/29/21", "6/30/21", "7/1/21", "7/2/21", "7/3/21", "7/4/21", "7/5/21", "7/6/21", "7/7/21", "7/8/21", "7/9/21", "7/10/21", "7/11/21", "7/12/21", "7/13/21", "7/14/21", "7/15/21"], "max_14": 244, "max": 16587, "value": [5.571428571428571, 5.071428571428571, 4.571428571428571, 4.5, 4.428571428571429, 4.071428571428571, 3.7142857142857144, 3.7142857142857144, 3.5714285714285716, 3.4285714285714284, 5.857142857142857, 8.285714285714286, 9.785714285714286, 13.142857142857142, 15.0, 15.428571428571429, 15.857142857142858, 14.571428571428571, 15.428571428571429, 17.285714285714285, 16.571428571428573, 17.071428571428573, 18.5, 19.0], "time": ["6/21/21", "6/22/21", "6/23/21", "6/24/21", "6/25/21", "6/26/21", "6/27/21", "6/28/21", "6/29/21", "6/30/21", "7/1/21", "7/2/21", "7/3/21", "7/4/21", "7/5/21", "7/6/21", "7/7/21", "7/8/21", "7/9/21", "7/10/21", "7/11/21", "7/12/21", "7/13/21", "7/14/21", "7/15/21", "7/16/21", "7/17/21", "7/18/21", "7/19/21"], "original_values": [9, 0, 14, 0, 16, 0, 0, 2, 0, 13, 0, 11, 0, 0, 0, 0, 47, 0, 32, 26, 0, 6, 0, 29, 30, 28, 20, 13, 13]}