{"dates": ["6/24/21", "6/25/21", "6/26/21", "6/27/21", "6/28/21", "6/29/21", "6/30/21", "7/1/21", "7/2/21", "7/3/21", "7/4/21", "7/5/21", "7/6/21", "7/7/21", "7/8/21", "7/9/21", "7/10/21", "7/11/21", "7/12/21", "7/13/21", "7/14/21", "7/15/21"], "max_14": 137, "max": 4291, "value": [1.0, 0.8571428571428571, 0.7142857142857143, 1.5, 2.2857142857142856, 1.7857142857142858, 1.2857142857142858, 1.2857142857142858, 1.0, 0.7142857142857143, 1.7857142857142858, 2.857142857142857, 4.428571428571429, 6.357142857142857, 6.714285714285714, 7.142857142857143, 7.571428571428571, 8.928571428571429, 11.642857142857142, 12.357142857142858, 12.214285714285714, 12.785714285714286, 12.428571428571429, 12.0], "time": ["6/21/21", "6/22/21", "6/23/21", "6/24/21", "6/25/21", "6/26/21", "6/27/21", "6/28/21", "6/29/21", "6/30/21", "7/1/21", "7/2/21", "7/3/21", "7/4/21", "7/5/21", "7/6/21", "7/7/21", "7/8/21", "7/9/21", "7/10/21", "7/11/21", "7/12/21", "7/13/21", "7/14/21", "7/15/21", "7/16/21", "7/17/21", "7/18/21", "7/19/21"], "original_values": [6, 0, -7, 0, 8, 0, 0, 4, 0, 4, 0, 1, 0, 0, 0, 0, 19, 0, 23, 5, 0, 6, 0, 38, 19, 14, 12, 1, 0]}