{"dates": ["6/24/21", "6/25/21", "6/26/21", "6/27/21", "6/28/21", "6/29/21", "6/30/21", "7/1/21", "7/2/21", "7/3/21", "7/4/21", "7/5/21", "7/6/21", "7/7/21", "7/8/21", "7/9/21", "7/10/21", "7/11/21", "7/12/21", "7/13/21", "7/14/21", "7/15/21"], "max_14": 222, "max": 14292, "value": [11.785714285714286, 13.071428571428571, 14.071428571428571, 15.142857142857142, 16.0, 16.142857142857142, 14.928571428571429, 13.071428571428571, 10.928571428571429, 11.071428571428571, 12.071428571428571, 11.071428571428571, 10.285714285714286, 10.142857142857142, 10.142857142857142, 12.0, 12.5, 11.142857142857142, 11.285714285714286, 12.785714285714286, 14.142857142857142, 14.142857142857142, 16.0, 16.071428571428573], "time": ["6/21/21", "6/22/21", "6/23/21", "6/24/21", "6/25/21", "6/26/21", "6/27/21", "6/28/21", "6/29/21", "6/30/21", "7/1/21", "7/2/21", "7/3/21", "7/4/21", "7/5/21", "7/6/21", "7/7/21", "7/8/21", "7/9/21", "7/10/21", "7/11/21", "7/12/21", "7/13/21", "7/14/21", "7/15/21", "7/16/21", "7/17/21", "7/18/21", "7/19/21"], "original_values": [12, 16, 10, 10, 15, 13, 13, 17, 25, 16, 16, 11, 0, 0, 0, 44, 11, 7, 9, 0, 0, 26, 25, 11, 9, 28, 0, 0, 52]}