{"dates": ["6/24/21", "6/25/21", "6/26/21", "6/27/21", "6/28/21", "6/29/21", "6/30/21", "7/1/21", "7/2/21", "7/3/21", "7/4/21", "7/5/21", "7/6/21", "7/7/21", "7/8/21", "7/9/21", "7/10/21", "7/11/21", "7/12/21", "7/13/21", "7/14/21", "7/15/21"], "max_14": 389, "max": 9229, "value": [10.0, 9.928571428571429, 9.857142857142858, 10.357142857142858, 11.142857142857142, 12.357142857142858, 13.285714285714286, 13.285714285714286, 12.142857142857142, 12.214285714285714, 14.071428571428571, 15.357142857142858, 16.714285714285715, 17.428571428571427, 17.428571428571427, 20.642857142857142, 24.642857142857142, 26.214285714285715, 28.142857142857142, 28.357142857142858, 27.428571428571427, 27.428571428571427, 29.571428571428573, 28.0], "time": ["6/21/21", "6/22/21", "6/23/21", "6/24/21", "6/25/21", "6/26/21", "6/27/21", "6/28/21", "6/29/21", "6/30/21", "7/1/21", "7/2/21", "7/3/21", "7/4/21", "7/5/21", "7/6/21", "7/7/21", "7/8/21", "7/9/21", "7/10/21", "7/11/21", "7/12/21", "7/13/21", "7/14/21", "7/15/21", "7/16/21", "7/17/21", "7/18/21", "7/19/21"], "original_values": [17, 24, 9, 13, 7, 0, 0, 16, 24, 16, 17, 20, 0, 0, 0, 41, 25, 26, 30, 0, 0, 45, 52, 36, 42, 17, 0, 0, 75]}