{"dates": ["6/24/21", "6/25/21", "6/26/21", "6/27/21", "6/28/21", "6/29/21", "6/30/21", "7/1/21", "7/2/21", "7/3/21", "7/4/21", "7/5/21", "7/6/21", "7/7/21", "7/8/21", "7/9/21", "7/10/21", "7/11/21", "7/12/21", "7/13/21", "7/14/21", "7/15/21"], "max_14": 75, "max": 5384, "value": [1.7142857142857142, 1.7142857142857142, 1.7142857142857142, 3.0714285714285716, 4.428571428571429, 4.428571428571429, 4.428571428571429, 4.428571428571429, 4.428571428571429, 4.428571428571429, 4.357142857142857, 4.285714285714286, 4.285714285714286, 4.285714285714286, 4.285714285714286, 4.285714285714286, 4.285714285714286, 5.357142857142857, 6.428571428571429, 6.428571428571429, 6.428571428571429, 6.428571428571429, 6.428571428571429, 6.428571428571429], "time": ["6/21/21", "6/22/21", "6/23/21", "6/24/21", "6/25/21", "6/26/21", "6/27/21", "6/28/21", "6/29/21", "6/30/21", "7/1/21", "7/2/21", "7/3/21", "7/4/21", "7/5/21", "7/6/21", "7/7/21", "7/8/21", "7/9/21", "7/10/21", "7/11/21", "7/12/21", "7/13/21", "7/14/21", "7/15/21", "7/16/21", "7/17/21", "7/18/21", "7/19/21"], "original_values": [0, 0, 12, 0, 0, 0, 0, 0, 0, 31, 0, 0, 0, 0, 0, 0, 30, 0, 0, 0, 0, 0, 0, 45, 0, 0, 0, 0, 0]}