{"dates": ["6/24/21", "6/25/21", "6/26/21", "6/27/21", "6/28/21", "6/29/21", "6/30/21", "7/1/21", "7/2/21", "7/3/21", "7/4/21", "7/5/21", "7/6/21", "7/7/21", "7/8/21", "7/9/21", "7/10/21", "7/11/21", "7/12/21", "7/13/21", "7/14/21", "7/15/21"], "max_14": 59, "max": 5042, "value": [1.4285714285714286, 1.3571428571428572, 1.6428571428571428, 2.0714285714285716, 2.0714285714285716, 1.8571428571428572, 1.6428571428571428, 1.5714285714285714, 1.5, 1.3571428571428572, 1.5, 1.7857142857142858, 2.142857142857143, 2.4285714285714284, 2.4285714285714284, 2.857142857142857, 3.2857142857142856, 3.0714285714285716, 3.142857142857143, 3.857142857142857, 4.285714285714286, 4.285714285714286, 4.714285714285714, 4.785714285714286], "time": ["6/21/21", "6/22/21", "6/23/21", "6/24/21", "6/25/21", "6/26/21", "6/27/21", "6/28/21", "6/29/21", "6/30/21", "7/1/21", "7/2/21", "7/3/21", "7/4/21", "7/5/21", "7/6/21", "7/7/21", "7/8/21", "7/9/21", "7/10/21", "7/11/21", "7/12/21", "7/13/21", "7/14/21", "7/15/21", "7/16/21", "7/17/21", "7/18/21", "7/19/21"], "original_values": [2, 1, 2, 1, 3, 1, 0, 1, 6, 3, 0, 1, 0, 0, 0, 5, 6, 1, 5, 0, 0, 6, 5, 3, 5, 11, 0, 0, 12]}