{"dates": ["6/24/21", "6/25/21", "6/26/21", "6/27/21", "6/28/21", "6/29/21", "6/30/21", "7/1/21", "7/2/21", "7/3/21", "7/4/21", "7/5/21", "7/6/21", "7/7/21", "7/8/21", "7/9/21", "7/10/21", "7/11/21", "7/12/21", "7/13/21", "7/14/21", "7/15/21"], "max_14": 455, "max": 46816, "value": [22.714285714285715, 19.857142857142858, 17.642857142857142, 18.357142857142858, 17.571428571428573, 16.357142857142858, 16.0, 16.0, 13.428571428571429, 11.857142857142858, 14.571428571428571, 16.071428571428573, 15.214285714285714, 14.571428571428571, 14.571428571428571, 22.0, 29.071428571428573, 29.214285714285715, 29.928571428571427, 31.928571428571427, 33.714285714285715, 33.714285714285715, 34.642857142857146, 34.214285714285715], "time": ["6/21/21", "6/22/21", "6/23/21", "6/24/21", "6/25/21", "6/26/21", "6/27/21", "6/28/21", "6/29/21", "6/30/21", "7/1/21", "7/2/21", "7/3/21", "7/4/21", "7/5/21", "7/6/21", "7/7/21", "7/8/21", "7/9/21", "7/10/21", "7/11/21", "7/12/21", "7/13/21", "7/14/21", "7/15/21", "7/16/21", "7/17/21", "7/18/21", "7/19/21"], "original_values": [76, 1, 14, 31, 37, 0, 0, 36, 10, 15, 19, 32, 0, 0, 0, 24, 39, 16, 23, 0, 0, 104, 19, 46, 19, 48, 0, 0, 117]}