{"dates": ["6/24/21", "6/25/21", "6/26/21", "6/27/21", "6/28/21", "6/29/21", "6/30/21", "7/1/21", "7/2/21", "7/3/21", "7/4/21", "7/5/21", "7/6/21", "7/7/21", "7/8/21", "7/9/21", "7/10/21", "7/11/21", "7/12/21", "7/13/21", "7/14/21", "7/15/21"], "max_14": 901, "max": 33361, "value": [13.857142857142858, 13.857142857142858, 13.857142857142858, 13.857142857142858, 13.857142857142858, 18.714285714285715, 23.571428571428573, 23.571428571428573, 23.571428571428573, 23.571428571428573, 23.571428571428573, 23.571428571428573, 29.571428571428573, 35.57142857142857, 35.57142857142857, 35.57142857142857, 35.57142857142857, 35.57142857142857, 35.57142857142857, 64.35714285714286, 93.14285714285714, 93.14285714285714, 93.14285714285714, 93.14285714285714], "time": ["6/21/21", "6/22/21", "6/23/21", "6/24/21", "6/25/21", "6/26/21", "6/27/21", "6/28/21", "6/29/21", "6/30/21", "7/1/21", "7/2/21", "7/3/21", "7/4/21", "7/5/21", "7/6/21", "7/7/21", "7/8/21", "7/9/21", "7/10/21", "7/11/21", "7/12/21", "7/13/21", "7/14/21", "7/15/21", "7/16/21", "7/17/21", "7/18/21", "7/19/21"], "original_values": [0, 0, 0, 0, 97, 0, 0, 0, 0, 0, 0, 165, 0, 0, 0, 0, 0, 0, 249, 0, 0, 0, 0, 0, 0, 652, 0, 0, 0]}