{"dates": ["6/24/21", "6/25/21", "6/26/21", "6/27/21", "6/28/21", "6/29/21", "6/30/21", "7/1/21", "7/2/21", "7/3/21", "7/4/21", "7/5/21", "7/6/21", "7/7/21", "7/8/21", "7/9/21", "7/10/21", "7/11/21", "7/12/21", "7/13/21", "7/14/21", "7/15/21"], "max_14": 15121, "max": 1267860, "value": [223.78571428571428, 251.0, 271.0, 288.92857142857144, 314.57142857142856, 346.2142857142857, 378.92857142857144, 413.0, 440.42857142857144, 457.0, 466.2142857142857, 495.85714285714283, 558.6428571428571, 634.5714285714286, 716.7142857142857, 805.0714285714286, 916.5714285714286, 1029.857142857143, 1022.1428571428571, 1128.142857142857, 1334.7142857142858, 1421.5714285714287, 1386.2142857142858, 1217.357142857143], "time": ["6/21/21", "6/22/21", "6/23/21", "6/24/21", "6/25/21", "6/26/21", "6/27/21", "6/28/21", "6/29/21", "6/30/21", "7/1/21", "7/2/21", "7/3/21", "7/4/21", "7/5/21", "7/6/21", "7/7/21", "7/8/21", "7/9/21", "7/10/21", "7/11/21", "7/12/21", "7/13/21", "7/14/21", "7/15/21", "7/16/21", "7/17/21", "7/18/21", "7/19/21"], "original_values": [126, 165, 252, 254, 322, 328, 239, 268, 303, 365, 500, 519, 589, 455, 436, 367, 430, 850, 1048, 1123, 1071, 1057, 1307, 1076, 96, 3286, 1777, 1633, 0]}