{"dates": ["6/24/21", "6/25/21", "6/26/21", "6/27/21", "6/28/21", "6/29/21", "6/30/21", "7/1/21", "7/2/21", "7/3/21", "7/4/21", "7/5/21", "7/6/21", "7/7/21", "7/8/21", "7/9/21", "7/10/21", "7/11/21", "7/12/21", "7/13/21", "7/14/21", "7/15/21"], "max_14": 6577, "max": 111236, "value": [116.0, 116.0, 116.0, 116.0, 116.0, 158.21428571428572, 200.42857142857142, 200.42857142857142, 200.42857142857142, 200.42857142857142, 200.42857142857142, 200.42857142857142, 253.0, 305.57142857142856, 305.57142857142856, 305.57142857142856, 305.57142857142856, 305.57142857142856, 305.57142857142856, 469.7857142857143, 634.0, 634.0, 634.0, 634.0], "time": ["6/21/21", "6/22/21", "6/23/21", "6/24/21", "6/25/21", "6/26/21", "6/27/21", "6/28/21", "6/29/21", "6/30/21", "7/1/21", "7/2/21", "7/3/21", "7/4/21", "7/5/21", "7/6/21", "7/7/21", "7/8/21", "7/9/21", "7/10/21", "7/11/21", "7/12/21", "7/13/21", "7/14/21", "7/15/21", "7/16/21", "7/17/21", "7/18/21", "7/19/21"], "original_values": [0, 0, 0, 0, 812, 0, 0, 0, 0, 0, 0, 1403, 0, 0, 0, 0, 0, 0, 2139, 0, 0, 0, 0, 0, 0, 4438, 0, 0, 0]}