{"dates": ["6/24/21", "6/25/21", "6/26/21", "6/27/21", "6/28/21", "6/29/21", "6/30/21", "7/1/21", "7/2/21", "7/3/21", "7/4/21", "7/5/21", "7/6/21", "7/7/21", "7/8/21", "7/9/21", "7/10/21", "7/11/21", "7/12/21", "7/13/21", "7/14/21", "7/15/21"], "max_14": 56, "max": 20129, "value": [1.2142857142857142, 1.2857142857142858, 1.2142857142857142, 1.1428571428571428, 0.9285714285714286, 1.2142857142857142, 1.8571428571428572, 2.142857142857143, 2.2857142857142856, 2.2142857142857144, 2.357142857142857, 2.642857142857143, 2.4285714285714284, 2.142857142857143, 2.0, 2.0, 2.4285714285714284, 3.0, 3.642857142857143, 4.214285714285714, 4.642857142857143, 5.285714285714286, 5.785714285714286, 5.571428571428571], "time": ["6/21/21", "6/22/21", "6/23/21", "6/24/21", "6/25/21", "6/26/21", "6/27/21", "6/28/21", "6/29/21", "6/30/21", "7/1/21", "7/2/21", "7/3/21", "7/4/21", "7/5/21", "7/6/21", "7/7/21", "7/8/21", "7/9/21", "7/10/21", "7/11/21", "7/12/21", "7/13/21", "7/14/21", "7/15/21", "7/16/21", "7/17/21", "7/18/21", "7/19/21"], "original_values": [1, 2, 1, 3, 1, 0, 1, 1, 1, 1, 0, 8, 2, 3, 1, 0, 4, 1, 4, 2, 1, 3, 4, 8, 6, 7, 5, 7, 4]}