{"dates": ["6/24/21", "6/25/21", "6/26/21", "6/27/21", "6/28/21", "6/29/21", "6/30/21", "7/1/21", "7/2/21", "7/3/21", "7/4/21", "7/5/21", "7/6/21", "7/7/21", "7/8/21", "7/9/21", "7/10/21", "7/11/21", "7/12/21", "7/13/21", "7/14/21", "7/15/21"], "max_14": 97, "max": 1847, "value": [1.9285714285714286, 2.142857142857143, 2.2142857142857144, 2.5714285714285716, 3.0714285714285716, 2.857142857142857, 2.4285714285714284, 2.357142857142857, 2.2857142857142856, 2.142857142857143, 1.9285714285714286, 1.5714285714285714, 1.7857142857142858, 2.857142857142857, 3.642857142857143, 3.7142857142857144, 4.571428571428571, 5.785714285714286, 7.214285714285714, 8.214285714285714, 9.071428571428571, 10.071428571428571, 10.142857142857142, 9.285714285714286], "time": ["6/21/21", "6/22/21", "6/23/21", "6/24/21", "6/25/21", "6/26/21", "6/27/21", "6/28/21", "6/29/21", "6/30/21", "7/1/21", "7/2/21", "7/3/21", "7/4/21", "7/5/21", "7/6/21", "7/7/21", "7/8/21", "7/9/21", "7/10/21", "7/11/21", "7/12/21", "7/13/21", "7/14/21", "7/15/21", "7/16/21", "7/17/21", "7/18/21", "7/19/21"], "original_values": [0, 1, 2, 3, 5, 2, 1, 2, 0, 8, 4, 1, 0, 2, 0, 0, 5, 2, 6, 10, 3, 0, 12, 10, 17, 5, 23, 4, 0]}