{"dates": ["6/24/21", "6/25/21", "6/26/21", "6/27/21", "6/28/21", "6/29/21", "6/30/21", "7/1/21", "7/2/21", "7/3/21", "7/4/21", "7/5/21", "7/6/21", "7/7/21", "7/8/21", "7/9/21", "7/10/21", "7/11/21", "7/12/21", "7/13/21", "7/14/21", "7/15/21"], "max_14": 165, "max": 21328, "value": [3.857142857142857, 4.285714285714286, 4.642857142857143, 4.785714285714286, 5.0, 5.071428571428571, 5.142857142857143, 5.142857142857143, 3.857142857142857, 3.0714285714285716, 3.7142857142857144, 4.5, 5.0, 4.857142857142857, 4.857142857142857, 7.142857142857143, 9.071428571428571, 9.357142857142858, 9.714285714285714, 10.142857142857142, 10.857142857142858, 10.857142857142858, 12.5, 13.785714285714286], "time": ["6/21/21", "6/22/21", "6/23/21", "6/24/21", "6/25/21", "6/26/21", "6/27/21", "6/28/21", "6/29/21", "6/30/21", "7/1/21", "7/2/21", "7/3/21", "7/4/21", "7/5/21", "7/6/21", "7/7/21", "7/8/21", "7/9/21", "7/10/21", "7/11/21", "7/12/21", "7/13/21", "7/14/21", "7/15/21", "7/16/21", "7/17/21", "7/18/21", "7/19/21"], "original_values": [12, 4, 2, 4, 5, 0, 0, 18, 3, 5, 4, 6, 0, 0, 0, 10, 7, 13, 4, 0, 0, 32, 5, 16, 9, 14, 0, 0, 55]}