{"dates": ["6/24/21", "6/25/21", "6/26/21", "6/27/21", "6/28/21", "6/29/21", "6/30/21", "7/1/21", "7/2/21", "7/3/21", "7/4/21", "7/5/21", "7/6/21", "7/7/21", "7/8/21", "7/9/21", "7/10/21", "7/11/21", "7/12/21", "7/13/21", "7/14/21", "7/15/21"], "max_14": 191, "max": 7010, "value": [3.2857142857142856, 4.0, 4.785714285714286, 5.071428571428571, 4.928571428571429, 5.071428571428571, 5.571428571428571, 5.571428571428571, 4.714285714285714, 4.142857142857143, 5.214285714285714, 6.428571428571429, 7.0, 7.142857142857143, 7.142857142857143, 8.928571428571429, 10.285714285714286, 10.357142857142858, 11.571428571428571, 12.928571428571429, 13.571428571428571, 13.571428571428571, 15.071428571428571, 16.071428571428573], "time": ["6/21/21", "6/22/21", "6/23/21", "6/24/21", "6/25/21", "6/26/21", "6/27/21", "6/28/21", "6/29/21", "6/30/21", "7/1/21", "7/2/21", "7/3/21", "7/4/21", "7/5/21", "7/6/21", "7/7/21", "7/8/21", "7/9/21", "7/10/21", "7/11/21", "7/12/21", "7/13/21", "7/14/21", "7/15/21", "7/16/21", "7/17/21", "7/18/21", "7/19/21"], "original_values": [2, 8, 2, 9, 2, 0, 0, 12, 9, 5, 4, 9, 0, 0, 0, 13, 16, 10, 11, 0, 0, 25, 7, 23, 20, 20, 0, 0, 46]}