{"dates": ["6/24/21", "6/25/21", "6/26/21", "6/27/21", "6/28/21", "6/29/21", "6/30/21", "7/1/21", "7/2/21", "7/3/21", "7/4/21", "7/5/21", "7/6/21", "7/7/21", "7/8/21", "7/9/21", "7/10/21", "7/11/21", "7/12/21", "7/13/21", "7/14/21", "7/15/21"], "max_14": 432, "max": 28263, "value": [20.142857142857142, 21.0, 20.571428571428573, 20.714285714285715, 20.0, 19.642857142857142, 21.785714285714285, 23.785714285714285, 24.714285714285715, 24.357142857142858, 23.928571428571427, 24.642857142857142, 25.857142857142858, 25.142857142857142, 23.642857142857142, 24.142857142857142, 26.071428571428573, 27.357142857142858, 27.142857142857142, 25.428571428571427, 24.928571428571427, 29.0, 34.5, 34.642857142857146], "time": ["6/21/21", "6/22/21", "6/23/21", "6/24/21", "6/25/21", "6/26/21", "6/27/21", "6/28/21", "6/29/21", "6/30/21", "7/1/21", "7/2/21", "7/3/21", "7/4/21", "7/5/21", "7/6/21", "7/7/21", "7/8/21", "7/9/21", "7/10/21", "7/11/21", "7/12/21", "7/13/21", "7/14/21", "7/15/21", "7/16/21", "7/17/21", "7/18/21", "7/19/21"], "original_values": [9, 27, 18, 44, 19, 20, 8, 13, 17, 30, 22, 36, 33, 23, 11, 14, 27, 35, 40, 19, 16, 25, 27, 32, 27, 24, 28, 64, 54]}