{"dates": ["6/24/21", "6/25/21", "6/26/21", "6/27/21", "6/28/21", "6/29/21", "6/30/21", "7/1/21", "7/2/21", "7/3/21", "7/4/21", "7/5/21", "7/6/21", "7/7/21", "7/8/21", "7/9/21", "7/10/21", "7/11/21", "7/12/21", "7/13/21", "7/14/21", "7/15/21"], "max_14": 795, "max": 14037, "value": [9.285714285714286, 11.857142857142858, 14.428571428571429, 15.285714285714286, 17.142857142857142, 19.428571428571427, 20.714285714285715, 20.714285714285715, 22.071428571428573, 22.714285714285715, 25.214285714285715, 30.785714285714285, 35.714285714285715, 38.285714285714285, 38.285714285714285, 41.785714285714285, 50.714285714285715, 56.57142857142857, 57.42857142857143, 59.142857142857146, 60.42857142857143, 60.42857142857143, 64.35714285714286, 62.0], "time": ["6/21/21", "6/22/21", "6/23/21", "6/24/21", "6/25/21", "6/26/21", "6/27/21", "6/28/21", "6/29/21", "6/30/21", "7/1/21", "7/2/21", "7/3/21", "7/4/21", "7/5/21", "7/6/21", "7/7/21", "7/8/21", "7/9/21", "7/10/21", "7/11/21", "7/12/21", "7/13/21", "7/14/21", "7/15/21", "7/16/21", "7/17/21", "7/18/21", "7/19/21"], "original_values": [3, 22, 15, 20, 5, 0, 0, 39, 22, 27, 34, 23, 0, 0, 58, 12, 72, 67, 59, 0, 0, 107, 88, 78, 73, 77, 0, 0, 162]}