{"dates": ["6/24/21", "6/25/21", "6/26/21", "6/27/21", "6/28/21", "6/29/21", "6/30/21", "7/1/21", "7/2/21", "7/3/21", "7/4/21", "7/5/21", "7/6/21", "7/7/21", "7/8/21", "7/9/21", "7/10/21", "7/11/21", "7/12/21", "7/13/21", "7/14/21", "7/15/21"], "max_14": 126, "max": 13377, "value": [2.0, 1.9285714285714286, 2.0714285714285716, 2.2142857142857144, 2.0, 1.7142857142857142, 1.5714285714285714, 1.5714285714285714, 1.5, 1.5, 2.0, 3.2142857142857144, 4.0, 4.0, 4.0, 4.714285714285714, 6.0, 7.571428571428571, 9.0, 9.785714285714286, 10.142857142857142, 10.142857142857142, 11.357142857142858, 11.5], "time": ["6/21/21", "6/22/21", "6/23/21", "6/24/21", "6/25/21", "6/26/21", "6/27/21", "6/28/21", "6/29/21", "6/30/21", "7/1/21", "7/2/21", "7/3/21", "7/4/21", "7/5/21", "7/6/21", "7/7/21", "7/8/21", "7/9/21", "7/10/21", "7/11/21", "7/12/21", "7/13/21", "7/14/21", "7/15/21", "7/16/21", "7/17/21", "7/18/21", "7/19/21"], "original_values": [2, 3, 2, 3, 4, 0, 0, 1, 6, 1, 1, 2, 0, 0, 0, 7, 7, 12, 2, 0, 0, 10, 15, 21, 18, 7, 0, 0, 27]}