{"dates": ["6/24/21", "6/25/21", "6/26/21", "6/27/21", "6/28/21", "6/29/21", "6/30/21", "7/1/21", "7/2/21", "7/3/21", "7/4/21", "7/5/21", "7/6/21", "7/7/21", "7/8/21", "7/9/21", "7/10/21", "7/11/21", "7/12/21", "7/13/21", "7/14/21", "7/15/21"], "max_14": 88, "max": 3505, "value": [0.7142857142857143, 0.7142857142857143, 0.7142857142857143, 0.35714285714285715, 0.0, 0.0, 0.0, 0.0, 0.0, 0.0, 0.0, 2.5, 5.0, 5.0, 5.0, 5.214285714285714, 5.428571428571429, 5.428571428571429, 2.9285714285714284, 2.0714285714285716, 3.7142857142857144, 3.7142857142857144, 5.428571428571429, 7.142857142857143], "time": ["6/21/21", "6/22/21", "6/23/21", "6/24/21", "6/25/21", "6/26/21", "6/27/21", "6/28/21", "6/29/21", "6/30/21", "7/1/21", "7/2/21", "7/3/21", "7/4/21", "7/5/21", "7/6/21", "7/7/21", "7/8/21", "7/9/21", "7/10/21", "7/11/21", "7/12/21", "7/13/21", "7/14/21", "7/15/21", "7/16/21", "7/17/21", "7/18/21", "7/19/21"], "original_values": [0, 0, 5, 0, 0, 0, 0, 0, 0, 0, 0, 0, 0, 0, 0, 0, 0, 35, 0, 0, 0, 3, 0, 0, 0, 23, 0, 0, 27]}