{"dates": ["6/24/21", "6/25/21", "6/26/21", "6/27/21", "6/28/21", "6/29/21", "6/30/21", "7/1/21", "7/2/21", "7/3/21", "7/4/21", "7/5/21", "7/6/21", "7/7/21", "7/8/21", "7/9/21", "7/10/21", "7/11/21", "7/12/21", "7/13/21", "7/14/21", "7/15/21"], "max_14": 25, "max": 350, "value": [-1.8571428571428572, -1.2142857142857142, -1.6428571428571428, -2.642857142857143, -2.5, -1.9285714285714286, -1.4285714285714286, -1.4285714285714286, -1.2857142857142858, -0.2857142857142857, 0.5714285714285714, 0.35714285714285715, -0.21428571428571427, -0.5714285714285714, -0.5714285714285714, -1.3571428571428572, -2.0714285714285716, -1.9285714285714286, -2.142857142857143, -2.357142857142857, -2.2857142857142856, -2.2857142857142856, -1.7142857142857142, -1.3571428571428572], "time": ["6/21/21", "6/22/21", "6/23/21", "6/24/21", "6/25/21", "6/26/21", "6/27/21", "6/28/21", "6/29/21", "6/30/21", "7/1/21", "7/2/21", "7/3/21", "7/4/21", "7/5/21", "7/6/21", "7/7/21", "7/8/21", "7/9/21", "7/10/21", "7/11/21", "7/12/21", "7/13/21", "7/14/21", "7/15/21", "7/16/21", "7/17/21", "7/18/21", "7/19/21"], "original_values": [-11, 5, -1, -3, -3, 0, 0, -2, -10, 0, -2, 4, 0, 0, 0, 2, 0, -5, -1, 0, 0, -11, 3, 1, -9, 0, 0, 0, -3]}