{"dates": ["6/24/21", "6/25/21", "6/26/21", "6/27/21", "6/28/21", "6/29/21", "6/30/21", "7/1/21", "7/2/21", "7/3/21", "7/4/21", "7/5/21", "7/6/21", "7/7/21", "7/8/21", "7/9/21", "7/10/21", "7/11/21", "7/12/21", "7/13/21", "7/14/21", "7/15/21"], "max_14": 320, "max": 4215, "value": [11.857142857142858, 10.714285714285714, 10.928571428571429, 12.285714285714286, 14.928571428571429, 13.071428571428571, 8.571428571428571, 8.571428571428571, 8.285714285714286, 6.642857142857143, 10.642857142857142, 13.357142857142858, 13.214285714285714, 15.714285714285714, 15.714285714285714, 17.714285714285715, 20.428571428571427, 15.785714285714286, 15.857142857142858, 21.714285714285715, 22.142857142857142, 22.142857142857142, 24.071428571428573, 25.285714285714285], "time": ["6/21/21", "6/22/21", "6/23/21", "6/24/21", "6/25/21", "6/26/21", "6/27/21", "6/28/21", "6/29/21", "6/30/21", "7/1/21", "7/2/21", "7/3/21", "7/4/21", "7/5/21", "7/6/21", "7/7/21", "7/8/21", "7/9/21", "7/10/21", "7/11/21", "7/12/21", "7/13/21", "7/14/21", "7/15/21", "7/16/21", "7/17/21", "7/18/21", "7/19/21"], "original_values": [20, 0, 0, 0, 63, 0, 0, 4, 19, 0, 37, 0, 0, 0, 0, 0, 75, 0, 35, 0, 0, 28, 10, 0, 76, 41, 0, 0, 55]}