{"dates": ["6/24/21", "6/25/21", "6/26/21", "6/27/21", "6/28/21", "6/29/21", "6/30/21", "7/1/21", "7/2/21", "7/3/21", "7/4/21", "7/5/21", "7/6/21", "7/7/21", "7/8/21", "7/9/21", "7/10/21", "7/11/21", "7/12/21", "7/13/21", "7/14/21", "7/15/21"], "max_14": 1096, "max": 21002, "value": [16.857142857142858, 16.857142857142858, 16.857142857142858, 16.857142857142858, 16.857142857142858, 24.357142857142858, 31.857142857142858, 31.857142857142858, 31.857142857142858, 31.857142857142858, 31.857142857142858, 31.857142857142858, 43.0, 54.142857142857146, 54.142857142857146, 54.142857142857146, 54.142857142857146, 54.142857142857146, 54.142857142857146, 78.28571428571429, 102.42857142857143, 102.42857142857143, 102.42857142857143, 102.42857142857143], "time": ["6/21/21", "6/22/21", "6/23/21", "6/24/21", "6/25/21", "6/26/21", "6/27/21", "6/28/21", "6/29/21", "6/30/21", "7/1/21", "7/2/21", "7/3/21", "7/4/21", "7/5/21", "7/6/21", "7/7/21", "7/8/21", "7/9/21", "7/10/21", "7/11/21", "7/12/21", "7/13/21", "7/14/21", "7/15/21", "7/16/21", "7/17/21", "7/18/21", "7/19/21"], "original_values": [0, 0, 0, 0, 118, 0, 0, 0, 0, 0, 0, 223, 0, 0, 0, 0, 0, 0, 379, 0, 0, 0, 0, 0, 0, 717, 0, 0, 0]}