{"dates": ["6/24/21", "6/25/21", "6/26/21", "6/27/21", "6/28/21", "6/29/21", "6/30/21", "7/1/21", "7/2/21", "7/3/21", "7/4/21", "7/5/21", "7/6/21", "7/7/21", "7/8/21", "7/9/21", "7/10/21", "7/11/21", "7/12/21", "7/13/21", "7/14/21", "7/15/21"], "max_14": 116, "max": 8609, "value": [2.0, 1.9285714285714286, 1.9285714285714286, 2.0714285714285716, 1.9285714285714286, 1.7142857142857142, 1.7142857142857142, 1.7142857142857142, 1.3571428571428572, 1.2857142857142858, 1.4285714285714286, 1.6428571428571428, 2.5714285714285716, 3.142857142857143, 3.142857142857143, 4.142857142857143, 4.928571428571429, 5.5, 6.357142857142857, 6.928571428571429, 7.428571428571429, 7.428571428571429, 9.428571428571429, 11.285714285714286], "time": ["6/21/21", "6/22/21", "6/23/21", "6/24/21", "6/25/21", "6/26/21", "6/27/21", "6/28/21", "6/29/21", "6/30/21", "7/1/21", "7/2/21", "7/3/21", "7/4/21", "7/5/21", "7/6/21", "7/7/21", "7/8/21", "7/9/21", "7/10/21", "7/11/21", "7/12/21", "7/13/21", "7/14/21", "7/15/21", "7/16/21", "7/17/21", "7/18/21", "7/19/21"], "original_values": [6, 0, 2, 5, 1, 0, 0, 5, 1, 3, 2, 1, 0, 0, 0, 5, 1, 7, 9, 0, 0, 14, 2, 12, 8, 16, 0, 0, 42]}