{"dates": ["6/24/21", "6/25/21", "6/26/21", "6/27/21", "6/28/21", "6/29/21", "6/30/21", "7/1/21", "7/2/21", "7/3/21", "7/4/21", "7/5/21", "7/6/21", "7/7/21", "7/8/21", "7/9/21", "7/10/21", "7/11/21", "7/12/21", "7/13/21", "7/14/21", "7/15/21"], "max_14": 167, "max": 7830, "value": [4.714285714285714, 4.5, 4.142857142857143, 3.9285714285714284, 3.7142857142857144, 4.285714285714286, 5.0, 5.0, 4.214285714285714, 4.214285714285714, 5.642857142857143, 7.0, 7.214285714285714, 6.714285714285714, 6.714285714285714, 8.428571428571429, 10.071428571428571, 9.857142857142858, 9.714285714285714, 9.928571428571429, 10.142857142857142, 10.142857142857142, 11.928571428571429, 12.714285714285714], "time": ["6/21/21", "6/22/21", "6/23/21", "6/24/21", "6/25/21", "6/26/21", "6/27/21", "6/28/21", "6/29/21", "6/30/21", "7/1/21", "7/2/21", "7/3/21", "7/4/21", "7/5/21", "7/6/21", "7/7/21", "7/8/21", "7/9/21", "7/10/21", "7/11/21", "7/12/21", "7/13/21", "7/14/21", "7/15/21", "7/16/21", "7/17/21", "7/18/21", "7/19/21"], "original_values": [14, 6, 4, 4, 5, 0, 0, 11, 4, 3, 2, 15, 0, 0, 0, 15, 12, 12, 8, 0, 0, 24, 14, 10, 12, 11, 0, 0, 49]}