{"dates": ["6/24/21", "6/25/21", "6/26/21", "6/27/21", "6/28/21", "6/29/21", "6/30/21", "7/1/21", "7/2/21", "7/3/21", "7/4/21", "7/5/21", "7/6/21", "7/7/21", "7/8/21", "7/9/21", "7/10/21", "7/11/21", "7/12/21", "7/13/21", "7/14/21", "7/15/21"], "max_14": 237, "max": 55274, "value": [4.285714285714286, 5.357142857142857, 5.857142857142857, 6.0, 5.785714285714286, 5.214285714285714, 4.571428571428571, 3.5714285714285716, 2.357142857142857, 3.5714285714285716, 4.928571428571429, 4.928571428571429, 6.428571428571429, 7.714285714285714, 7.714285714285714, 10.214285714285714, 12.071428571428571, 13.214285714285714, 16.142857142857142, 17.5, 17.714285714285715, 17.714285714285715, 19.428571428571427, 19.928571428571427], "time": ["6/21/21", "6/22/21", "6/23/21", "6/24/21", "6/25/21", "6/26/21", "6/27/21", "6/28/21", "6/29/21", "6/30/21", "7/1/21", "7/2/21", "7/3/21", "7/4/21", "7/5/21", "7/6/21", "7/7/21", "7/8/21", "7/9/21", "7/10/21", "7/11/21", "7/12/21", "7/13/21", "7/14/21", "7/15/21", "7/16/21", "7/17/21", "7/18/21", "7/19/21"], "original_values": [2, 0, 6, 3, 11, 2, 12, 5, 4, 4, 2, 4, 0, 0, 0, 26, 1, 5, 22, 0, 0, 35, 17, 26, 21, 25, 0, 0, 59]}