{"dates": ["6/24/21", "6/25/21", "6/26/21", "6/27/21", "6/28/21", "6/29/21", "6/30/21", "7/1/21", "7/2/21", "7/3/21", "7/4/21", "7/5/21", "7/6/21", "7/7/21", "7/8/21", "7/9/21", "7/10/21", "7/11/21", "7/12/21", "7/13/21", "7/14/21", "7/15/21"], "max_14": 600, "max": 75500, "value": [17.428571428571427, 14.5, 12.357142857142858, 13.142857142857142, 13.142857142857142, 13.142857142857142, 13.142857142857142, 13.142857142857142, 13.142857142857142, 23.214285714285715, 33.285714285714285, 33.285714285714285, 33.285714285714285, 33.285714285714285, 33.285714285714285, 33.285714285714285, 16.642857142857142, 0.0, 26.214285714285715, 52.42857142857143, 52.42857142857143, 52.42857142857143, 52.42857142857143, 52.42857142857143], "time": ["6/21/21", "6/22/21", "6/23/21", "6/24/21", "6/25/21", "6/26/21", "6/27/21", "6/28/21", "6/29/21", "6/30/21", "7/1/21", "7/2/21", "7/3/21", "7/4/21", "7/5/21", "7/6/21", "7/7/21", "7/8/21", "7/9/21", "7/10/21", "7/11/21", "7/12/21", "7/13/21", "7/14/21", "7/15/21", "7/16/21", "7/17/21", "7/18/21", "7/19/21"], "original_values": [41, 81, 0, 0, 0, 0, 0, 0, 92, 0, 0, 0, 0, 0, 0, 233, 0, 0, 0, 0, 0, 0, 0, 0, 367, 0, 0, 0, 0]}