{"dates": ["6/24/21", "6/25/21", "6/26/21", "6/27/21", "6/28/21", "6/29/21", "6/30/21", "7/1/21", "7/2/21", "7/3/21", "7/4/21", "7/5/21", "7/6/21", "7/7/21", "7/8/21", "7/9/21", "7/10/21", "7/11/21", "7/12/21", "7/13/21", "7/14/21", "7/15/21"], "max_14": 178, "max": 48719, "value": [7.714285714285714, 8.071428571428571, 8.357142857142858, 8.214285714285714, 8.0, 7.571428571428571, 6.785714285714286, 6.285714285714286, 6.142857142857143, 6.214285714285714, 6.571428571428571, 7.285714285714286, 7.928571428571429, 8.357142857142858, 8.714285714285714, 8.928571428571429, 9.714285714285714, 11.142857142857142, 12.071428571428571, 13.0, 13.714285714285714, 14.285714285714286, 15.642857142857142, 15.357142857142858], "time": ["6/21/21", "6/22/21", "6/23/21", "6/24/21", "6/25/21", "6/26/21", "6/27/21", "6/28/21", "6/29/21", "6/30/21", "7/1/21", "7/2/21", "7/3/21", "7/4/21", "7/5/21", "7/6/21", "7/7/21", "7/8/21", "7/9/21", "7/10/21", "7/11/21", "7/12/21", "7/13/21", "7/14/21", "7/15/21", "7/16/21", "7/17/21", "7/18/21", "7/19/21"], "original_values": [5, 3, 12, 8, 14, 10, 4, 6, 6, 7, 10, 6, 7, 0, 8, 5, 13, 14, 11, 8, 4, 7, 17, 21, 19, 19, 10, 10, 20]}