{"dates": ["6/24/21", "6/25/21", "6/26/21", "6/27/21", "6/28/21", "6/29/21", "6/30/21", "7/1/21", "7/2/21", "7/3/21", "7/4/21", "7/5/21", "7/6/21", "7/7/21", "7/8/21", "7/9/21", "7/10/21", "7/11/21", "7/12/21", "7/13/21", "7/14/21", "7/15/21"], "max_14": 808, "max": 42047, "value": [17.0, 17.0, 18.5, 18.928571428571427, 18.642857142857142, 22.5, 29.642857142857142, 33.714285714285715, 33.714285714285715, 29.642857142857142, 35.07142857142857, 46.214285714285715, 48.142857142857146, 48.714285714285715, 49.0, 49.0, 59.357142857142854, 63.214285714285715, 56.857142857142854, 60.5, 65.21428571428571, 66.42857142857143, 66.42857142857143, 56.07142857142857], "time": ["6/21/21", "6/22/21", "6/23/21", "6/24/21", "6/25/21", "6/26/21", "6/27/21", "6/28/21", "6/29/21", "6/30/21", "7/1/21", "7/2/21", "7/3/21", "7/4/21", "7/5/21", "7/6/21", "7/7/21", "7/8/21", "7/9/21", "7/10/21", "7/11/21", "7/12/21", "7/13/21", "7/14/21", "7/15/21", "7/16/21", "7/17/21", "7/18/21", "7/19/21"], "original_values": [0, 36, 25, 23, 19, 16, 0, 0, 57, 10, 34, 62, 73, 0, 0, 0, 143, 57, 66, 77, 0, 0, 145, 52, 59, 115, 94, 0, 0]}