{"dates": ["6/24/21", "6/25/21", "6/26/21", "6/27/21", "6/28/21", "6/29/21", "6/30/21", "7/1/21", "7/2/21", "7/3/21", "7/4/21", "7/5/21", "7/6/21", "7/7/21", "7/8/21", "7/9/21", "7/10/21", "7/11/21", "7/12/21", "7/13/21", "7/14/21", "7/15/21"], "max_14": 178, "max": 1340, "value": [1.8571428571428572, 2.4285714285714284, 2.642857142857143, 3.0714285714285716, 4.142857142857143, 5.214285714285714, 6.0, 6.0, 6.214285714285714, 6.785714285714286, 7.214285714285714, 8.214285714285714, 9.714285714285714, 10.285714285714286, 10.285714285714286, 10.785714285714286, 11.714285714285714, 11.928571428571429, 11.571428571428571, 12.428571428571429, 13.428571428571429, 13.428571428571429, 13.785714285714286, 13.142857142857142], "time": ["6/21/21", "6/22/21", "6/23/21", "6/24/21", "6/25/21", "6/26/21", "6/27/21", "6/28/21", "6/29/21", "6/30/21", "7/1/21", "7/2/21", "7/3/21", "7/4/21", "7/5/21", "7/6/21", "7/7/21", "7/8/21", "7/9/21", "7/10/21", "7/11/21", "7/12/21", "7/13/21", "7/14/21", "7/15/21", "7/16/21", "7/17/21", "7/18/21", "7/19/21"], "original_values": [0, 8, 3, 1, 1, 0, 0, 8, 3, 14, 5, 12, 0, 0, 11, 8, 15, 18, 20, 0, 0, 18, 14, 12, 16, 34, 0, 0, 23]}