{"dates": ["6/24/21", "6/25/21", "6/26/21", "6/27/21", "6/28/21", "6/29/21", "6/30/21", "7/1/21", "7/2/21", "7/3/21", "7/4/21", "7/5/21", "7/6/21", "7/7/21", "7/8/21", "7/9/21", "7/10/21", "7/11/21", "7/12/21", "7/13/21", "7/14/21", "7/15/21"], "max_14": 70, "max": 3586, "value": [8.142857142857142, 8.357142857142858, 8.214285714285714, 7.714285714285714, 6.785714285714286, 5.714285714285714, 5.428571428571429, 5.428571428571429, 4.071428571428571, 3.5, 3.4285714285714284, 2.7857142857142856, 3.142857142857143, 3.2857142857142856, 3.2857142857142856, 3.857142857142857, 3.4285714285714284, 2.9285714285714284, 3.9285714285714284, 4.428571428571429, 4.428571428571429, 4.428571428571429, 5.0, 5.642857142857143], "time": ["6/21/21", "6/22/21", "6/23/21", "6/24/21", "6/25/21", "6/26/21", "6/27/21", "6/28/21", "6/29/21", "6/30/21", "7/1/21", "7/2/21", "7/3/21", "7/4/21", "7/5/21", "7/6/21", "7/7/21", "7/8/21", "7/9/21", "7/10/21", "7/11/21", "7/12/21", "7/13/21", "7/14/21", "7/15/21", "7/16/21", "7/17/21", "7/18/21", "7/19/21"], "original_values": [16, 7, 13, 14, 7, 0, 0, 19, 2, 11, 3, 3, 0, 0, 0, 13, -1, 6, 5, 0, 0, 8, -1, 6, 13, 5, 0, 0, 16]}