{"dates": ["6/24/21", "6/25/21", "6/26/21", "6/27/21", "6/28/21", "6/29/21", "6/30/21", "7/1/21", "7/2/21", "7/3/21", "7/4/21", "7/5/21", "7/6/21", "7/7/21", "7/8/21", "7/9/21", "7/10/21", "7/11/21", "7/12/21", "7/13/21", "7/14/21", "7/15/21"], "max_14": 139, "max": 2227, "value": [2.2857142857142856, 2.642857142857143, 2.7857142857142856, 2.4285714285714284, 2.4285714285714284, 2.642857142857143, 2.7142857142857144, 2.7142857142857144, 2.7857142857142856, 2.7857142857142856, 4.142857142857143, 5.785714285714286, 6.857142857142857, 7.714285714285714, 7.714285714285714, 7.857142857142857, 9.0, 9.285714285714286, 9.142857142857142, 9.428571428571429, 9.142857142857142, 9.142857142857142, 10.5, 10.5], "time": ["6/21/21", "6/22/21", "6/23/21", "6/24/21", "6/25/21", "6/26/21", "6/27/21", "6/28/21", "6/29/21", "6/30/21", "7/1/21", "7/2/21", "7/3/21", "7/4/21", "7/5/21", "7/6/21", "7/7/21", "7/8/21", "7/9/21", "7/10/21", "7/11/21", "7/12/21", "7/13/21", "7/14/21", "7/15/21", "7/16/21", "7/17/21", "7/18/21", "7/19/21"], "original_values": [1, 9, 2, 1, 3, 0, 0, 6, 6, 0, 3, 4, 0, 0, 7, 5, 20, 6, 16, 0, 0, 9, 19, 10, 14, 12, 0, 0, 28]}