{"dates": ["6/24/21", "6/25/21", "6/26/21", "6/27/21", "6/28/21", "6/29/21", "6/30/21", "7/1/21", "7/2/21", "7/3/21", "7/4/21", "7/5/21", "7/6/21", "7/7/21", "7/8/21", "7/9/21", "7/10/21", "7/11/21", "7/12/21", "7/13/21", "7/14/21", "7/15/21"], "max_14": 2481, "max": 302429, "value": [37.714285714285715, 49.857142857142854, 56.642857142857146, 57.214285714285715, 60.642857142857146, 66.14285714285714, 65.28571428571429, 56.42857142857143, 44.285714285714285, 42.214285714285715, 55.0, 71.78571428571429, 88.42857142857143, 98.28571428571429, 98.28571428571429, 124.0, 182.64285714285714, 220.92857142857142, 227.14285714285714, 228.42857142857142, 228.85714285714286, 228.85714285714286, 216.78571428571428, 164.85714285714286], "time": ["6/21/21", "6/22/21", "6/23/21", "6/24/21", "6/25/21", "6/26/21", "6/27/21", "6/28/21", "6/29/21", "6/30/21", "7/1/21", "7/2/21", "7/3/21", "7/4/21", "7/5/21", "7/6/21", "7/7/21", "7/8/21", "7/9/21", "7/10/21", "7/11/21", "7/12/21", "7/13/21", "7/14/21", "7/15/21", "7/16/21", "7/17/21", "7/18/21", "7/19/21"], "original_values": [0, 31, 52, 53, 55, 22, 102, 68, 58, 33, 120, 65, 0, 0, 0, 97, 173, 215, 203, 0, 0, 360, 558, 248, 227, 209, 0, 0, 191]}