{"dates": ["6/24/21", "6/25/21", "6/26/21", "6/27/21", "6/28/21", "6/29/21", "6/30/21", "7/1/21", "7/2/21", "7/3/21", "7/4/21", "7/5/21", "7/6/21", "7/7/21", "7/8/21", "7/9/21", "7/10/21", "7/11/21", "7/12/21", "7/13/21", "7/14/21", "7/15/21"], "max_14": 176, "max": 19735, "value": [2.0, 2.7857142857142856, 4.142857142857143, 4.0, 3.642857142857143, 3.857142857142857, 3.7142857142857144, 3.7142857142857144, 2.7857142857142856, 2.7857142857142856, 4.785714285714286, 5.714285714285714, 6.071428571428571, 6.571428571428571, 6.571428571428571, 8.714285714285714, 9.714285714285714, 9.0, 9.857142857142858, 10.714285714285714, 11.142857142857142, 11.142857142857142, 12.714285714285714, 13.857142857142858], "time": ["6/21/21", "6/22/21", "6/23/21", "6/24/21", "6/25/21", "6/26/21", "6/27/21", "6/28/21", "6/29/21", "6/30/21", "7/1/21", "7/2/21", "7/3/21", "7/4/21", "7/5/21", "7/6/21", "7/7/21", "7/8/21", "7/9/21", "7/10/21", "7/11/21", "7/12/21", "7/13/21", "7/14/21", "7/15/21", "7/16/21", "7/17/21", "7/18/21", "7/19/21"], "original_values": [2, 1, 7, 0, 4, 0, 0, 13, 9, -3, 5, 2, 0, 0, 0, 22, 12, 3, 9, 0, 0, 30, 6, 18, 9, 15, 0, 0, 52]}