{"dates": ["6/24/21", "6/25/21", "6/26/21", "6/27/21", "6/28/21", "6/29/21", "6/30/21", "7/1/21", "7/2/21", "7/3/21", "7/4/21", "7/5/21", "7/6/21", "7/7/21", "7/8/21", "7/9/21", "7/10/21", "7/11/21", "7/12/21", "7/13/21", "7/14/21", "7/15/21"], "max_14": 219, "max": 17477, "value": [4.0, 5.071428571428571, 6.142857142857143, 6.285714285714286, 6.642857142857143, 7.428571428571429, 8.0, 8.0, 6.214285714285714, 7.0, 9.285714285714286, 9.571428571428571, 10.0, 9.857142857142858, 9.857142857142858, 12.357142857142858, 12.214285714285714, 10.785714285714286, 11.785714285714286, 13.071428571428571, 14.571428571428571, 14.571428571428571, 15.5, 16.071428571428573], "time": ["6/21/21", "6/22/21", "6/23/21", "6/24/21", "6/25/21", "6/26/21", "6/27/21", "6/28/21", "6/29/21", "6/30/21", "7/1/21", "7/2/21", "7/3/21", "7/4/21", "7/5/21", "7/6/21", "7/7/21", "7/8/21", "7/9/21", "7/10/21", "7/11/21", "7/12/21", "7/13/21", "7/14/21", "7/15/21", "7/16/21", "7/17/21", "7/18/21", "7/19/21"], "original_values": [10, 6, 6, 4, 2, 0, 0, 25, 6, 8, 7, 10, 0, 0, 0, 42, 4, 15, 8, 0, 0, 35, 5, 21, 12, 29, 0, 0, 48]}