{"dates": ["6/24/21", "6/25/21", "6/26/21", "6/27/21", "6/28/21", "6/29/21", "6/30/21", "7/1/21", "7/2/21", "7/3/21", "7/4/21", "7/5/21", "7/6/21", "7/7/21", "7/8/21", "7/9/21", "7/10/21", "7/11/21", "7/12/21", "7/13/21", "7/14/21", "7/15/21"], "max_14": 112, "max": 2114, "value": [3.9285714285714284, 4.071428571428571, 3.857142857142857, 3.7857142857142856, 4.642857142857143, 5.571428571428571, 5.857142857142857, 6.071428571428571, 6.785714285714286, 7.642857142857143, 8.285714285714286, 8.071428571428571, 7.857142857142857, 8.357142857142858, 8.5, 7.857142857142857, 7.642857142857143, 8.071428571428571, 7.928571428571429, 7.428571428571429, 7.428571428571429, 8.071428571428571, 8.571428571428571, 7.785714285714286], "time": ["6/21/21", "6/22/21", "6/23/21", "6/24/21", "6/25/21", "6/26/21", "6/27/21", "6/28/21", "6/29/21", "6/30/21", "7/1/21", "7/2/21", "7/3/21", "7/4/21", "7/5/21", "7/6/21", "7/7/21", "7/8/21", "7/9/21", "7/10/21", "7/11/21", "7/12/21", "7/13/21", "7/14/21", "7/15/21", "7/16/21", "7/17/21", "7/18/21", "7/19/21"], "original_values": [0, 7, 6, 8, 3, 3, 1, 1, 3, 9, 17, 7, 3, 4, 8, 8, 13, 10, 11, 6, 3, 0, 13, 14, 7, 7, 10, 8, 2]}