{"dates": ["6/24/21", "6/25/21", "6/26/21", "6/27/21", "6/28/21", "6/29/21", "6/30/21", "7/1/21", "7/2/21", "7/3/21", "7/4/21", "7/5/21", "7/6/21", "7/7/21", "7/8/21", "7/9/21", "7/10/21", "7/11/21", "7/12/21", "7/13/21", "7/14/21", "7/15/21"], "max_14": 68, "max": 6859, "value": [2.142857142857143, 1.9285714285714286, 2.0, 2.2857142857142856, 2.4285714285714284, 2.357142857142857, 2.142857142857143, 2.142857142857143, 2.0714285714285716, 2.142857142857143, 2.2142857142857144, 2.5714285714285716, 3.357142857142857, 3.7142857142857144, 3.7142857142857144, 4.5, 5.214285714285714, 5.214285714285714, 5.142857142857143, 4.571428571428571, 4.142857142857143, 4.142857142857143, 4.285714285714286, 4.142857142857143], "time": ["6/21/21", "6/22/21", "6/23/21", "6/24/21", "6/25/21", "6/26/21", "6/27/21", "6/28/21", "6/29/21", "6/30/21", "7/1/21", "7/2/21", "7/3/21", "7/4/21", "7/5/21", "7/6/21", "7/7/21", "7/8/21", "7/9/21", "7/10/21", "7/11/21", "7/12/21", "7/13/21", "7/14/21", "7/15/21", "7/16/21", "7/17/21", "7/18/21", "7/19/21"], "original_values": [4, -1, 4, 2, 6, 0, 0, 1, 3, 4, 4, 3, 0, 0, 0, 5, 3, 10, 8, 0, 0, 11, 4, 4, 8, 2, 0, 0, 13]}