{"dates": ["6/24/21", "6/25/21", "6/26/21", "6/27/21", "6/28/21", "6/29/21", "6/30/21", "7/1/21", "7/2/21", "7/3/21", "7/4/21", "7/5/21", "7/6/21", "7/7/21", "7/8/21", "7/9/21", "7/10/21", "7/11/21", "7/12/21", "7/13/21", "7/14/21", "7/15/21"], "max_14": 97, "max": 987, "value": [0.2857142857142857, 0.7142857142857143, 1.2857142857142858, 1.8571428571428572, 2.9285714285714284, 3.642857142857143, 3.7142857142857144, 3.7142857142857144, 4.0, 4.214285714285714, 4.5, 5.0, 5.928571428571429, 6.714285714285714, 6.714285714285714, 7.357142857142857, 8.285714285714286, 8.0, 7.142857142857143, 6.714285714285714, 6.571428571428571, 6.571428571428571, 6.214285714285714, 5.5], "time": ["6/21/21", "6/22/21", "6/23/21", "6/24/21", "6/25/21", "6/26/21", "6/27/21", "6/28/21", "6/29/21", "6/30/21", "7/1/21", "7/2/21", "7/3/21", "7/4/21", "7/5/21", "7/6/21", "7/7/21", "7/8/21", "7/9/21", "7/10/21", "7/11/21", "7/12/21", "7/13/21", "7/14/21", "7/15/21", "7/16/21", "7/17/21", "7/18/21", "7/19/21"], "original_values": [0, 0, 0, 0, 2, 0, 0, 6, 2, 6, 9, 3, 0, 0, 10, 1, 11, 11, 14, 0, 0, 19, 5, 3, 7, 12, 0, 0, 14]}