{"dates": ["6/24/21", "6/25/21", "6/26/21", "6/27/21", "6/28/21", "6/29/21", "6/30/21", "7/1/21", "7/2/21", "7/3/21", "7/4/21", "7/5/21", "7/6/21", "7/7/21", "7/8/21", "7/9/21", "7/10/21", "7/11/21", "7/12/21", "7/13/21", "7/14/21", "7/15/21"], "max_14": 48, "max": 1105, "value": [5.714285714285714, 5.714285714285714, 5.571428571428571, 6.214285714285714, 6.0, 3.7857142857142856, 2.5714285714285716, 2.5714285714285716, 2.5714285714285716, 3.357142857142857, 3.4285714285714284, 2.2857142857142856, 1.8571428571428572, 1.8571428571428572, 1.8571428571428572, 3.0714285714285716, 4.571428571428571, 4.785714285714286, 4.714285714285714, 4.714285714285714, 4.714285714285714, 4.714285714285714, 3.642857142857143, 1.5], "time": ["6/21/21", "6/22/21", "6/23/21", "6/24/21", "6/25/21", "6/26/21", "6/27/21", "6/28/21", "6/29/21", "6/30/21", "7/1/21", "7/2/21", "7/3/21", "7/4/21", "7/5/21", "7/6/21", "7/7/21", "7/8/21", "7/9/21", "7/10/21", "7/11/21", "7/12/21", "7/13/21", "7/14/21", "7/15/21", "7/16/21", "7/17/21", "7/18/21", "7/19/21"], "original_values": [0, 2, 0, 21, 17, 0, 0, 0, 0, 11, 7, 0, 0, 0, 0, 11, 1, 1, 0, 0, 0, 17, 15, 0, 1, 0, 0, 0, 2]}