{"dates": ["6/24/21", "6/25/21", "6/26/21", "6/27/21", "6/28/21", "6/29/21", "6/30/21", "7/1/21", "7/2/21", "7/3/21", "7/4/21", "7/5/21", "7/6/21", "7/7/21", "7/8/21", "7/9/21", "7/10/21", "7/11/21", "7/12/21", "7/13/21", "7/14/21", "7/15/21"], "max_14": 4378, "max": 4848, "value": [39.0, 48.214285714285715, 51.92857142857143, 18.5, -5.428571428571429, 4.214285714285714, 9.857142857142858, 9.857142857142858, -31.571428571428573, -4.714285714285714, 39.57142857142857, 24.642857142857142, 51.42857142857143, 69.14285714285714, 69.14285714285714, 155.64285714285714, 167.78571428571428, 103.64285714285714, 131.64285714285714, 163.64285714285714, 177.85714285714286, 177.85714285714286, 243.21428571428572, 308.57142857142856], "time": ["6/21/21", "6/22/21", "6/23/21", "6/24/21", "6/25/21", "6/26/21", "6/27/21", "6/28/21", "6/29/21", "6/30/21", "7/1/21", "7/2/21", "7/3/21", "7/4/21", "7/5/21", "7/6/21", "7/7/21", "7/8/21", "7/9/21", "7/10/21", "7/11/21", "7/12/21", "7/13/21", "7/14/21", "7/15/21", "7/16/21", "7/17/21", "7/18/21", "7/19/21"], "original_values": [451, 162, -837, 273, 224, 0, 0, 580, 85, -1228, 329, 303, 0, 0, 0, 1041, -1564, 456, 551, 0, 0, 1211, 0, -1421, 705, 750, 0, 0, 2126]}