{"dates": ["6/24/21", "6/25/21", "6/26/21", "6/27/21", "6/28/21", "6/29/21", "6/30/21", "7/1/21", "7/2/21", "7/3/21", "7/4/21", "7/5/21", "7/6/21", "7/7/21", "7/8/21", "7/9/21", "7/10/21", "7/11/21", "7/12/21", "7/13/21", "7/14/21", "7/15/21"], "max_14": 175, "max": 12268, "value": [1.9285714285714286, 2.2857142857142856, 2.5, 2.7857142857142856, 2.857142857142857, 2.2857142857142856, 1.7142857142857142, 1.3571428571428572, 1.0, 1.0, 1.0, 0.8571428571428571, 1.0, 1.1428571428571428, 1.1428571428571428, 1.6428571428571428, 2.0714285714285716, 2.2857142857142856, 4.571428571428571, 8.357142857142858, 10.142857142857142, 10.142857142857142, 16.5, 22.714285714285715], "time": ["6/21/21", "6/22/21", "6/23/21", "6/24/21", "6/25/21", "6/26/21", "6/27/21", "6/28/21", "6/29/21", "6/30/21", "7/1/21", "7/2/21", "7/3/21", "7/4/21", "7/5/21", "7/6/21", "7/7/21", "7/8/21", "7/9/21", "7/10/21", "7/11/21", "7/12/21", "7/13/21", "7/14/21", "7/15/21", "7/16/21", "7/17/21", "7/18/21", "7/19/21"], "original_values": [0, 0, 0, 3, 7, 2, 3, 2, 1, 3, 1, 1, 0, 0, 0, 3, 1, 1, 3, 0, 0, 7, 2, 5, 29, 28, 0, 0, 96]}