{"dates": ["6/24/21", "6/25/21", "6/26/21", "6/27/21", "6/28/21", "6/29/21", "6/30/21", "7/1/21", "7/2/21", "7/3/21", "7/4/21", "7/5/21", "7/6/21", "7/7/21", "7/8/21", "7/9/21", "7/10/21", "7/11/21", "7/12/21", "7/13/21", "7/14/21", "7/15/21"], "max_14": 218, "max": 7566, "value": [2.2857142857142856, 3.0, 3.7142857142857144, 4.0, 4.285714285714286, 5.071428571428571, 5.857142857142857, 5.857142857142857, 5.214285714285714, 4.571428571428571, 5.928571428571429, 7.285714285714286, 8.785714285714286, 10.285714285714286, 10.285714285714286, 11.857142857142858, 13.428571428571429, 11.5, 13.5, 17.142857142857142, 16.857142857142858, 16.857142857142858, 17.285714285714285, 17.714285714285715], "time": ["6/21/21", "6/22/21", "6/23/21", "6/24/21", "6/25/21", "6/26/21", "6/27/21", "6/28/21", "6/29/21", "6/30/21", "7/1/21", "7/2/21", "7/3/21", "7/4/21", "7/5/21", "7/6/21", "7/7/21", "7/8/21", "7/9/21", "7/10/21", "7/11/21", "7/12/21", "7/13/21", "7/14/21", "7/15/21", "7/16/21", "7/17/21", "7/18/21", "7/19/21"], "original_values": [-1, 0, 4, 0, 13, 0, 0, 9, 0, 8, 0, 24, 0, 0, 0, 0, 27, 0, 45, 0, 0, 22, 0, 0, 55, 41, 0, 0, 28]}