{"dates": ["6/24/21", "6/25/21", "6/26/21", "6/27/21", "6/28/21", "6/29/21", "6/30/21", "7/1/21", "7/2/21", "7/3/21", "7/4/21", "7/5/21", "7/6/21", "7/7/21", "7/8/21", "7/9/21", "7/10/21", "7/11/21", "7/12/21", "7/13/21", "7/14/21", "7/15/21"], "max_14": 467, "max": 24313, "value": [21.5, 23.357142857142858, 22.428571428571427, 19.571428571428573, 18.5, 22.142857142857142, 24.714285714285715, 22.642857142857142, 17.071428571428573, 14.714285714285714, 21.357142857142858, 24.142857142857142, 17.642857142857142, 13.857142857142858, 13.857142857142858, 19.142857142857142, 25.428571428571427, 29.857142857142858, 33.285714285714285, 33.285714285714285, 33.285714285714285, 33.285714285714285, 37.785714285714285, 39.785714285714285], "time": ["6/21/21", "6/22/21", "6/23/21", "6/24/21", "6/25/21", "6/26/21", "6/27/21", "6/28/21", "6/29/21", "6/30/21", "7/1/21", "7/2/21", "7/3/21", "7/4/21", "7/5/21", "7/6/21", "7/7/21", "7/8/21", "7/9/21", "7/10/21", "7/11/21", "7/12/21", "7/13/21", "7/14/21", "7/15/21", "7/16/21", "7/17/21", "7/18/21", "7/19/21"], "original_values": [52, 15, 29, 23, 17, 0, 29, 49, 5, -1, 38, 53, 0, 0, 0, 21, 76, 0, 0, 0, 0, 74, 35, 124, 0, 0, 0, 0, 137]}