{"dates": ["6/24/21", "6/25/21", "6/26/21", "6/27/21", "6/28/21", "6/29/21", "6/30/21", "7/1/21", "7/2/21", "7/3/21", "7/4/21", "7/5/21", "7/6/21", "7/7/21", "7/8/21", "7/9/21", "7/10/21", "7/11/21", "7/12/21", "7/13/21", "7/14/21", "7/15/21"], "max_14": 407, "max": 26416, "value": [20.714285714285715, 20.714285714285715, 20.714285714285715, 20.285714285714285, 19.428571428571427, 19.285714285714285, 17.642857142857142, 15.714285714285714, 13.142857142857142, 14.571428571428571, 19.142857142857142, 19.0, 18.285714285714285, 18.285714285714285, 18.285714285714285, 23.071428571428573, 24.357142857142858, 21.428571428571427, 23.214285714285715, 25.571428571428573, 26.714285714285715, 26.714285714285715, 28.5, 28.5], "time": ["6/21/21", "6/22/21", "6/23/21", "6/24/21", "6/25/21", "6/26/21", "6/27/21", "6/28/21", "6/29/21", "6/30/21", "7/1/21", "7/2/21", "7/3/21", "7/4/21", "7/5/21", "7/6/21", "7/7/21", "7/8/21", "7/9/21", "7/10/21", "7/11/21", "7/12/21", "7/13/21", "7/14/21", "7/15/21", "7/16/21", "7/17/21", "7/18/21", "7/19/21"], "original_values": [36, 18, 15, 35, 14, 27, 0, 36, 18, 9, 29, 18, 0, 0, 0, 74, 17, 19, 18, 0, 0, 67, 25, 25, 36, 34, 0, 0, 92]}