{"dates": ["6/24/21", "6/25/21", "6/26/21", "6/27/21", "6/28/21", "6/29/21", "6/30/21", "7/1/21", "7/2/21", "7/3/21", "7/4/21", "7/5/21", "7/6/21", "7/7/21", "7/8/21", "7/9/21", "7/10/21", "7/11/21", "7/12/21", "7/13/21", "7/14/21", "7/15/21"], "max_14": 97, "max": 5005, "value": [1.4285714285714286, 1.4285714285714286, 1.5714285714285714, 1.5, 1.5, 1.8571428571428572, 2.0, 2.0, 1.8571428571428572, 2.4285714285714284, 3.7857142857142856, 4.714285714285714, 4.857142857142857, 4.714285714285714, 4.714285714285714, 5.785714285714286, 5.928571428571429, 5.214285714285714, 5.0, 5.214285714285714, 5.857142857142857, 5.857142857142857, 6.428571428571429, 6.928571428571429], "time": ["6/21/21", "6/22/21", "6/23/21", "6/24/21", "6/25/21", "6/26/21", "6/27/21", "6/28/21", "6/29/21", "6/30/21", "7/1/21", "7/2/21", "7/3/21", "7/4/21", "7/5/21", "7/6/21", "7/7/21", "7/8/21", "7/9/21", "7/10/21", "7/11/21", "7/12/21", "7/13/21", "7/14/21", "7/15/21", "7/16/21", "7/17/21", "7/18/21", "7/19/21"], "original_values": [2, 2, 0, 2, 4, 0, 0, 2, 4, -3, 5, 6, 0, 0, 0, 14, 6, 9, 4, 0, 0, 15, 1, 9, 3, 13, 0, 0, 23]}