{"dates": ["6/24/21", "6/25/21", "6/26/21", "6/27/21", "6/28/21", "6/29/21", "6/30/21", "7/1/21", "7/2/21", "7/3/21", "7/4/21", "7/5/21", "7/6/21", "7/7/21", "7/8/21", "7/9/21", "7/10/21", "7/11/21", "7/12/21", "7/13/21", "7/14/21", "7/15/21"], "max_14": 172, "max": 16726, "value": [5.0, 5.0, 5.5, 5.928571428571429, 5.357142857142857, 5.357142857142857, 6.785714285714286, 7.714285714285714, 7.714285714285714, 8.071428571428571, 8.071428571428571, 7.857142857142857, 8.142857142857142, 8.0, 7.714285714285714, 7.714285714285714, 7.857142857142857, 8.071428571428571, 10.071428571428571, 12.928571428571429, 15.357142857142858, 16.857142857142858, 16.857142857142858, 14.857142857142858], "time": ["6/21/21", "6/22/21", "6/23/21", "6/24/21", "6/25/21", "6/26/21", "6/27/21", "6/28/21", "6/29/21", "6/30/21", "7/1/21", "7/2/21", "7/3/21", "7/4/21", "7/5/21", "7/6/21", "7/7/21", "7/8/21", "7/9/21", "7/10/21", "7/11/21", "7/12/21", "7/13/21", "7/14/21", "7/15/21", "7/16/21", "7/17/21", "7/18/21", "7/19/21"], "original_values": [0, 14, 9, 12, -2, 2, 0, 0, 21, 8, 5, 5, 15, 0, 0, 26, 3, 7, 7, 11, 0, 0, 28, 4, 34, 20, 32, 0, 0]}