{"dates": ["6/24/21", "6/25/21", "6/26/21", "6/27/21", "6/28/21", "6/29/21", "6/30/21", "7/1/21", "7/2/21", "7/3/21", "7/4/21", "7/5/21", "7/6/21", "7/7/21", "7/8/21", "7/9/21", "7/10/21", "7/11/21", "7/12/21", "7/13/21", "7/14/21", "7/15/21"], "max_14": 270, "max": 5171, "value": [6.428571428571429, 7.0, 7.571428571428571, 6.857142857142857, 6.142857142857143, 6.5, 6.857142857142857, 6.857142857142857, 5.928571428571429, 5.0, 6.571428571428571, 8.142857142857142, 10.285714285714286, 12.428571428571429, 12.428571428571429, 14.142857142857142, 15.857142857142858, 12.928571428571429, 14.428571428571429, 19.357142857142858, 19.857142857142858, 19.857142857142858, 21.285714285714285, 22.714285714285715], "time": ["6/21/21", "6/22/21", "6/23/21", "6/24/21", "6/25/21", "6/26/21", "6/27/21", "6/28/21", "6/29/21", "6/30/21", "7/1/21", "7/2/21", "7/3/21", "7/4/21", "7/5/21", "7/6/21", "7/7/21", "7/8/21", "7/9/21", "7/10/21", "7/11/21", "7/12/21", "7/13/21", "7/14/21", "7/15/21", "7/16/21", "7/17/21", "7/18/21", "7/19/21"], "original_values": [5, 0, 29, 0, 11, 0, 0, 13, 0, 19, 0, 16, 0, 0, 0, 0, 41, 0, 46, 0, 0, 24, 0, 0, 62, 53, 0, 0, 44]}