{"dates": ["6/24/21", "6/25/21", "6/26/21", "6/27/21", "6/28/21", "6/29/21", "6/30/21", "7/1/21", "7/2/21", "7/3/21", "7/4/21", "7/5/21", "7/6/21", "7/7/21", "7/8/21", "7/9/21", "7/10/21", "7/11/21", "7/12/21", "7/13/21", "7/14/21", "7/15/21"], "max_14": 456, "max": 24341, "value": [10.428571428571429, 11.857142857142858, 12.428571428571429, 13.428571428571429, 13.857142857142858, 13.714285714285714, 13.714285714285714, 13.928571428571429, 15.928571428571429, 17.285714285714285, 18.357142857142858, 20.357142857142858, 22.5, 25.428571428571427, 27.0, 25.214285714285715, 25.214285714285715, 27.5, 30.285714285714285, 33.92857142857143, 36.214285714285715, 37.785714285714285, 40.07142857142857, 39.214285714285715], "time": ["6/21/21", "6/22/21", "6/23/21", "6/24/21", "6/25/21", "6/26/21", "6/27/21", "6/28/21", "6/29/21", "6/30/21", "7/1/21", "7/2/21", "7/3/21", "7/4/21", "7/5/21", "7/6/21", "7/7/21", "7/8/21", "7/9/21", "7/10/21", "7/11/21", "7/12/21", "7/13/21", "7/14/21", "7/15/21", "7/16/21", "7/17/21", "7/18/21", "7/19/21"], "original_values": [4, 10, 7, 24, 11, 10, 14, 10, 12, 19, 18, 15, 6, 21, 31, 10, 36, 29, 34, 28, 21, 6, 35, 43, 61, 53, 41, 30, 29]}