{"dates": ["6/24/21", "6/25/21", "6/26/21", "6/27/21", "6/28/21", "6/29/21", "6/30/21", "7/1/21", "7/2/21", "7/3/21", "7/4/21", "7/5/21", "7/6/21", "7/7/21", "7/8/21", "7/9/21", "7/10/21", "7/11/21", "7/12/21", "7/13/21", "7/14/21", "7/15/21"], "max_14": 99, "max": 6736, "value": [1.5, 1.2142857142857142, 0.8571428571428571, 0.6428571428571429, 0.6428571428571429, 1.0, 1.2857142857142858, 1.3571428571428572, 1.4285714285714286, 2.2142857142857144, 3.2857142857142856, 3.9285714285714284, 4.285714285714286, 4.285714285714286, 4.285714285714286, 4.642857142857143, 4.5, 4.571428571428571, 5.785714285714286, 6.857142857142857, 7.285714285714286, 7.285714285714286, 8.214285714285714, 8.785714285714286], "time": ["6/21/21", "6/22/21", "6/23/21", "6/24/21", "6/25/21", "6/26/21", "6/27/21", "6/28/21", "6/29/21", "6/30/21", "7/1/21", "7/2/21", "7/3/21", "7/4/21", "7/5/21", "7/6/21", "7/7/21", "7/8/21", "7/9/21", "7/10/21", "7/11/21", "7/12/21", "7/13/21", "7/14/21", "7/15/21", "7/16/21", "7/17/21", "7/18/21", "7/19/21"], "original_values": [3, 3, 2, 3, 0, 0, -1, 0, 1, 1, 4, 4, 0, 0, 0, 12, 5, 9, 4, 0, 0, 5, 5, 13, 18, 10, 0, 0, 18]}