{"dates": ["6/24/21", "6/25/21", "6/26/21", "6/27/21", "6/28/21", "6/29/21", "6/30/21", "7/1/21", "7/2/21", "7/3/21", "7/4/21", "7/5/21", "7/6/21", "7/7/21", "7/8/21", "7/9/21", "7/10/21", "7/11/21", "7/12/21", "7/13/21", "7/14/21", "7/15/21"], "max_14": 159, "max": 7420, "value": [6.571428571428571, 6.571428571428571, 6.571428571428571, 6.571428571428571, 6.571428571428571, 6.285714285714286, 6.0, 6.0, 6.0, 6.0, 6.0, 6.0, 7.714285714285714, 9.428571428571429, 9.428571428571429, 9.428571428571429, 9.428571428571429, 9.428571428571429, 9.428571428571429, 11.357142857142858, 13.285714285714286, 13.285714285714286, 13.285714285714286, 13.285714285714286], "time": ["6/21/21", "6/22/21", "6/23/21", "6/24/21", "6/25/21", "6/26/21", "6/27/21", "6/28/21", "6/29/21", "6/30/21", "7/1/21", "7/2/21", "7/3/21", "7/4/21", "7/5/21", "7/6/21", "7/7/21", "7/8/21", "7/9/21", "7/10/21", "7/11/21", "7/12/21", "7/13/21", "7/14/21", "7/15/21", "7/16/21", "7/17/21", "7/18/21", "7/19/21"], "original_values": [0, 0, 0, 0, 46, 0, 0, 0, 0, 0, 0, 42, 0, 0, 0, 0, 0, 0, 66, 0, 0, 0, 0, 0, 0, 93, 0, 0, 0]}