{"dates": ["6/24/21", "6/25/21", "6/26/21", "6/27/21", "6/28/21", "6/29/21", "6/30/21", "7/1/21", "7/2/21", "7/3/21", "7/4/21", "7/5/21", "7/6/21", "7/7/21", "7/8/21", "7/9/21", "7/10/21", "7/11/21", "7/12/21", "7/13/21", "7/14/21", "7/15/21"], "max_14": 363, "max": 11463, "value": [19.285714285714285, 19.785714285714285, 20.0, 20.357142857142858, 19.642857142857142, 18.928571428571427, 17.357142857142858, 15.142857142857142, 13.571428571428571, 15.071428571428571, 17.642857142857142, 17.285714285714285, 17.357142857142858, 17.285714285714285, 17.285714285714285, 21.214285714285715, 22.857142857142858, 21.785714285714285, 22.857142857142858, 23.357142857142858, 24.0, 24.0, 25.357142857142858, 25.214285714285715], "time": ["6/21/21", "6/22/21", "6/23/21", "6/24/21", "6/25/21", "6/26/21", "6/27/21", "6/28/21", "6/29/21", "6/30/21", "7/1/21", "7/2/21", "7/3/21", "7/4/21", "7/5/21", "7/6/21", "7/7/21", "7/8/21", "7/9/21", "7/10/21", "7/11/21", "7/12/21", "7/13/21", "7/14/21", "7/15/21", "7/16/21", "7/17/21", "7/18/21", "7/19/21"], "original_values": [15, 14, 17, 44, 14, 31, 0, 22, 10, 26, 25, 23, 0, 0, 0, 53, 19, 27, 22, 0, 0, 55, 21, 36, 25, 31, 0, 0, 74]}