{"dates": ["6/24/21", "6/25/21", "6/26/21", "6/27/21", "6/28/21", "6/29/21", "6/30/21", "7/1/21", "7/2/21", "7/3/21", "7/4/21", "7/5/21", "7/6/21", "7/7/21", "7/8/21", "7/9/21", "7/10/21", "7/11/21", "7/12/21", "7/13/21", "7/14/21", "7/15/21"], "max_14": 210, "max": 52813, "value": [4.071428571428571, 5.0, 5.5, 6.285714285714286, 6.5, 6.5, 8.142857142857142, 8.785714285714286, 7.642857142857143, 7.857142857142857, 9.0, 10.214285714285714, 11.142857142857142, 10.071428571428571, 8.857142857142858, 10.357142857142858, 13.857142857142858, 16.214285714285715, 16.285714285714285, 17.428571428571427, 18.857142857142858, 18.857142857142858, 18.5, 15.0], "time": ["6/21/21", "6/22/21", "6/23/21", "6/24/21", "6/25/21", "6/26/21", "6/27/21", "6/28/21", "6/29/21", "6/30/21", "7/1/21", "7/2/21", "7/3/21", "7/4/21", "7/5/21", "7/6/21", "7/7/21", "7/8/21", "7/9/21", "7/10/21", "7/11/21", "7/12/21", "7/13/21", "7/14/21", "7/15/21", "7/16/21", "7/17/21", "7/18/21", "7/19/21"], "original_values": [3, 3, 6, 9, 4, -1, 9, 7, 6, 14, 4, 9, 17, 0, 0, 16, 20, 15, 11, 0, 0, 21, 44, 25, 11, 31, 0, 0, 16]}