{"dates": ["6/24/21", "6/25/21", "6/26/21", "6/27/21", "6/28/21", "6/29/21", "6/30/21", "7/1/21", "7/2/21", "7/3/21", "7/4/21", "7/5/21", "7/6/21", "7/7/21", "7/8/21", "7/9/21", "7/10/21", "7/11/21", "7/12/21", "7/13/21", "7/14/21", "7/15/21"], "max_14": 177, "max": 13242, "value": [2.7142857142857144, 2.7142857142857144, 4.0, 7.714285714285714, 10.428571428571429, 11.5, 12.071428571428571, 11.857142857142858, 11.857142857142858, 11.428571428571429, 10.142857142857142, 9.428571428571429, 9.714285714285714, 9.857142857142858, 9.857142857142858, 11.571428571428571, 13.428571428571429, 13.214285714285714, 13.214285714285714, 13.142857142857142, 12.714285714285714, 12.714285714285714, 12.357142857142858, 10.5], "time": ["6/21/21", "6/22/21", "6/23/21", "6/24/21", "6/25/21", "6/26/21", "6/27/21", "6/28/21", "6/29/21", "6/30/21", "7/1/21", "7/2/21", "7/3/21", "7/4/21", "7/5/21", "7/6/21", "7/7/21", "7/8/21", "7/9/21", "7/10/21", "7/11/21", "7/12/21", "7/13/21", "7/14/21", "7/15/21", "7/16/21", "7/17/21", "7/18/21", "7/19/21"], "original_values": [0, 7, 0, 7, 2, 3, 0, 0, 25, 34, 11, 13, 0, 0, 0, 19, 22, 13, 15, 0, 0, 24, 21, 17, 18, 9, 0, 0, 19]}