{"dates": ["6/24/21", "6/25/21", "6/26/21", "6/27/21", "6/28/21", "6/29/21", "6/30/21", "7/1/21", "7/2/21", "7/3/21", "7/4/21", "7/5/21", "7/6/21", "7/7/21", "7/8/21", "7/9/21", "7/10/21", "7/11/21", "7/12/21", "7/13/21", "7/14/21", "7/15/21"], "max_14": 485, "max": 94999, "value": [11.928571428571429, 11.142857142857142, 10.428571428571429, 8.642857142857142, 7.0, 6.357142857142857, 4.214285714285714, 3.4285714285714284, 3.642857142857143, 2.5714285714285716, 3.2857142857142856, 6.857142857142857, 10.071428571428571, 12.428571428571429, 16.571428571428573, 21.857142857142858, 27.857142857142858, 33.92857142857143, 37.07142857142857, 38.42857142857143, 42.285714285714285, 45.714285714285715, 45.5, 40.92857142857143], "time": ["6/21/21", "6/22/21", "6/23/21", "6/24/21", "6/25/21", "6/26/21", "6/27/21", "6/28/21", "6/29/21", "6/30/21", "7/1/21", "7/2/21", "7/3/21", "7/4/21", "7/5/21", "7/6/21", "7/7/21", "7/8/21", "7/9/21", "7/10/21", "7/11/21", "7/12/21", "7/13/21", "7/14/21", "7/15/21", "7/16/21", "7/17/21", "7/18/21", "7/19/21"], "original_values": [16, 17, 16, 4, 26, 8, -7, 12, 11, -3, 0, 21, -17, 7, 1, 7, 11, 36, 30, 7, 41, 41, 51, 52, 39, 46, 45, 51, 28]}