{"dates": ["6/24/21", "6/25/21", "6/26/21", "6/27/21", "6/28/21", "6/29/21", "6/30/21", "7/1/21", "7/2/21", "7/3/21", "7/4/21", "7/5/21", "7/6/21", "7/7/21", "7/8/21", "7/9/21", "7/10/21", "7/11/21", "7/12/21", "7/13/21", "7/14/21", "7/15/21"], "max_14": 186, "max": 5137, "value": [0.7142857142857143, 0.7857142857142857, 0.8571428571428571, 1.5, 2.142857142857143, 2.357142857142857, 2.5714285714285716, 2.5714285714285716, 2.357142857142857, 2.142857142857143, 3.9285714285714284, 5.714285714285714, 7.071428571428571, 9.785714285714286, 11.142857142857142, 12.214285714285714, 13.285714285714286, 12.428571428571429, 12.357142857142858, 13.142857142857142, 12.785714285714286, 13.285714285714286, 13.714285714285714, 13.285714285714286], "time": ["6/21/21", "6/22/21", "6/23/21", "6/24/21", "6/25/21", "6/26/21", "6/27/21", "6/28/21", "6/29/21", "6/30/21", "7/1/21", "7/2/21", "7/3/21", "7/4/21", "7/5/21", "7/6/21", "7/7/21", "7/8/21", "7/9/21", "7/10/21", "7/11/21", "7/12/21", "7/13/21", "7/14/21", "7/15/21", "7/16/21", "7/17/21", "7/18/21", "7/19/21"], "original_values": [2, 0, 1, 0, 2, 0, 0, 3, 0, 10, 0, 5, 0, 0, 0, 0, 35, 0, 24, 19, 0, 15, 0, 23, 11, 24, 14, 12, 9]}