{"dates": ["6/24/21", "6/25/21", "6/26/21", "6/27/21", "6/28/21", "6/29/21", "6/30/21", "7/1/21", "7/2/21", "7/3/21", "7/4/21", "7/5/21", "7/6/21", "7/7/21", "7/8/21", "7/9/21", "7/10/21", "7/11/21", "7/12/21", "7/13/21", "7/14/21", "7/15/21"], "max_14": 351, "max": 19463, "value": [15.571428571428571, 17.142857142857142, 16.214285714285715, 15.285714285714286, 16.071428571428573, 16.214285714285715, 14.142857142857142, 11.142857142857142, 9.071428571428571, 12.5, 17.214285714285715, 17.785714285714285, 17.928571428571427, 18.0, 18.0, 21.571428571428573, 22.357142857142858, 19.357142857142858, 19.857142857142858, 21.285714285714285, 22.0, 22.0, 23.5, 23.285714285714285], "time": ["6/21/21", "6/22/21", "6/23/21", "6/24/21", "6/25/21", "6/26/21", "6/27/21", "6/28/21", "6/29/21", "6/30/21", "7/1/21", "7/2/21", "7/3/21", "7/4/21", "7/5/21", "7/6/21", "7/7/21", "7/8/21", "7/9/21", "7/10/21", "7/11/21", "7/12/21", "7/13/21", "7/14/21", "7/15/21", "7/16/21", "7/17/21", "7/18/21", "7/19/21"], "original_values": [7, 21, 14, 14, 20, 24, 18, 11, 4, 18, 21, 15, 0, 0, 0, 63, 25, 22, 16, 0, 0, 50, 24, 22, 32, 26, 0, 0, 71]}