{"dates": ["6/24/21", "6/25/21", "6/26/21", "6/27/21", "6/28/21", "6/29/21", "6/30/21", "7/1/21", "7/2/21", "7/3/21", "7/4/21", "7/5/21", "7/6/21", "7/7/21", "7/8/21", "7/9/21", "7/10/21", "7/11/21", "7/12/21", "7/13/21", "7/14/21", "7/15/21"], "max_14": 289, "max": 27266, "value": [15.142857142857142, 16.714285714285715, 17.428571428571427, 17.928571428571427, 16.928571428571427, 16.071428571428573, 15.214285714285714, 12.857142857142858, 11.285714285714286, 9.714285714285714, 9.357142857142858, 10.642857142857142, 10.785714285714286, 10.857142857142858, 10.857142857142858, 12.928571428571429, 16.214285714285715, 16.857142857142858, 18.071428571428573, 21.071428571428573, 22.285714285714285, 22.285714285714285, 24.285714285714285, 23.714285714285715], "time": ["6/21/21", "6/22/21", "6/23/21", "6/24/21", "6/25/21", "6/26/21", "6/27/21", "6/28/21", "6/29/21", "6/30/21", "7/1/21", "7/2/21", "7/3/21", "7/4/21", "7/5/21", "7/6/21", "7/7/21", "7/8/21", "7/9/21", "7/10/21", "7/11/21", "7/12/21", "7/13/21", "7/14/21", "7/15/21", "7/16/21", "7/17/21", "7/18/21", "7/19/21"], "original_values": [0, 31, 14, 24, 15, 11, 22, 0, 41, 11, 13, 14, 0, 0, 0, 19, 28, 14, 15, 0, 0, 29, 36, 20, 39, 32, 0, 0, 57]}