{"dates": ["6/24/21", "6/25/21", "6/26/21", "6/27/21", "6/28/21", "6/29/21", "6/30/21", "7/1/21", "7/2/21", "7/3/21", "7/4/21", "7/5/21", "7/6/21", "7/7/21", "7/8/21", "7/9/21", "7/10/21", "7/11/21", "7/12/21", "7/13/21", "7/14/21", "7/15/21"], "max_14": 59, "max": 2236, "value": [1.0, 1.5, 1.7142857142857142, 1.5714285714285714, 1.6428571428571428, 1.8571428571428572, 2.142857142857143, 2.142857142857143, 2.357142857142857, 2.7142857142857144, 2.7142857142857144, 3.142857142857143, 3.9285714285714284, 4.142857142857143, 4.142857142857143, 3.5714285714285716, 3.642857142857143, 4.857142857142857, 5.214285714285714, 4.785714285714286, 4.571428571428571, 4.571428571428571, 5.0, 4.785714285714286], "time": ["6/21/21", "6/22/21", "6/23/21", "6/24/21", "6/25/21", "6/26/21", "6/27/21", "6/28/21", "6/29/21", "6/30/21", "7/1/21", "7/2/21", "7/3/21", "7/4/21", "7/5/21", "7/6/21", "7/7/21", "7/8/21", "7/9/21", "7/10/21", "7/11/21", "7/12/21", "7/13/21", "7/14/21", "7/15/21", "7/16/21", "7/17/21", "7/18/21", "7/19/21"], "original_values": [0, 2, 2, 2, 1, 0, 0, 7, -2, 4, 1, 5, 0, 0, 10, 0, 2, 9, 8, 0, 0, 2, 9, 10, 6, 5, 0, 0, 8]}