{"dates": ["6/24/21", "6/25/21", "6/26/21", "6/27/21", "6/28/21", "6/29/21", "6/30/21", "7/1/21", "7/2/21", "7/3/21", "7/4/21", "7/5/21", "7/6/21", "7/7/21", "7/8/21", "7/9/21", "7/10/21", "7/11/21", "7/12/21", "7/13/21", "7/14/21", "7/15/21"], "max_14": 137, "max": 3343, "value": [3.9285714285714284, 4.857142857142857, 4.285714285714286, 3.7857142857142856, 4.142857142857143, 5.785714285714286, 7.857142857142857, 7.785714285714286, 7.0, 7.357142857142857, 7.857142857142857, 8.714285714285714, 8.571428571428571, 7.285714285714286, 8.5, 10.142857142857142, 9.5, 8.571428571428571, 8.642857142857142, 8.857142857142858, 10.571428571428571, 10.928571428571429, 9.428571428571429, 9.571428571428571], "time": ["6/21/21", "6/22/21", "6/23/21", "6/24/21", "6/25/21", "6/26/21", "6/27/21", "6/28/21", "6/29/21", "6/30/21", "7/1/21", "7/2/21", "7/3/21", "7/4/21", "7/5/21", "7/6/21", "7/7/21", "7/8/21", "7/9/21", "7/10/21", "7/11/21", "7/12/21", "7/13/21", "7/14/21", "7/15/21", "7/16/21", "7/17/21", "7/18/21", "7/19/21"], "original_values": [0, 10, 3, 6, 0, 2, 13, 0, 2, 4, 10, 19, 12, 2, 0, 7, 6, 20, 7, 6, 25, 0, -2, 2, 25, 5, 32, 4, 0]}