{"dates": ["6/24/21", "6/25/21", "6/26/21", "6/27/21", "6/28/21", "6/29/21", "6/30/21", "7/1/21", "7/2/21", "7/3/21", "7/4/21", "7/5/21", "7/6/21", "7/7/21", "7/8/21", "7/9/21", "7/10/21", "7/11/21", "7/12/21", "7/13/21", "7/14/21", "7/15/21"], "max_14": 94, "max": 8194, "value": [0.8571428571428571, 1.1428571428571428, 1.6428571428571428, 2.0714285714285716, 2.0714285714285716, 1.5714285714285714, 1.2857142857142858, 1.2857142857142858, 0.8571428571428571, 0.7142857142857143, 0.9285714285714286, 1.1428571428571428, 1.9285714285714286, 2.4285714285714284, 2.4285714285714284, 4.785714285714286, 6.928571428571429, 6.928571428571429, 7.642857142857143, 8.285714285714286, 8.428571428571429, 8.428571428571429, 7.357142857142857, 6.071428571428571], "time": ["6/21/21", "6/22/21", "6/23/21", "6/24/21", "6/25/21", "6/26/21", "6/27/21", "6/28/21", "6/29/21", "6/30/21", "7/1/21", "7/2/21", "7/3/21", "7/4/21", "7/5/21", "7/6/21", "7/7/21", "7/8/21", "7/9/21", "7/10/21", "7/11/21", "7/12/21", "7/13/21", "7/14/21", "7/15/21", "7/16/21", "7/17/21", "7/18/21", "7/19/21"], "original_values": [2, -1, -1, 1, 5, 0, 0, 6, 2, 2, -2, 1, 0, 0, 0, 6, 1, 2, 8, 0, 0, 33, 3, 4, 9, 10, 0, 0, 18]}