{"dates": ["6/24/21", "6/25/21", "6/26/21", "6/27/21", "6/28/21", "6/29/21", "6/30/21", "7/1/21", "7/2/21", "7/3/21", "7/4/21", "7/5/21", "7/6/21", "7/7/21", "7/8/21", "7/9/21", "7/10/21", "7/11/21", "7/12/21", "7/13/21", "7/14/21", "7/15/21"], "max_14": 144, "max": 17738, "value": [4.428571428571429, 4.785714285714286, 4.571428571428571, 2.642857142857143, 1.3571428571428572, 2.0714285714285716, 2.7142857142857144, 2.7142857142857144, 4.642857142857143, 6.785714285714286, 7.071428571428571, 7.428571428571429, 7.714285714285714, 7.714285714285714, 7.714285714285714, 7.214285714285714, 7.0, 8.071428571428571, 9.0, 9.928571428571429, 10.714285714285714, 10.714285714285714, 12.285714285714286, 13.357142857142858], "time": ["6/21/21", "6/22/21", "6/23/21", "6/24/21", "6/25/21", "6/26/21", "6/27/21", "6/28/21", "6/29/21", "6/30/21", "7/1/21", "7/2/21", "7/3/21", "7/4/21", "7/5/21", "7/6/21", "7/7/21", "7/8/21", "7/9/21", "7/10/21", "7/11/21", "7/12/21", "7/13/21", "7/14/21", "7/15/21", "7/16/21", "7/17/21", "7/18/21", "7/19/21"], "original_values": [1, 8, 19, 4, -1, 0, 0, 6, 0, 0, 5, 8, 0, 0, 33, 3, 1, 9, 8, 0, 0, 26, 7, 12, 11, 19, 0, 0, 48]}