{"dates": ["6/24/21", "6/25/21", "6/26/21", "6/27/21", "6/28/21", "6/29/21", "6/30/21", "7/1/21", "7/2/21", "7/3/21", "7/4/21", "7/5/21", "7/6/21", "7/7/21", "7/8/21", "7/9/21", "7/10/21", "7/11/21", "7/12/21", "7/13/21", "7/14/21", "7/15/21"], "max_14": 459, "max": 21704, "value": [10.428571428571429, 10.857142857142858, 11.357142857142858, 13.0, 15.0, 15.428571428571429, 14.785714285714286, 14.142857142857142, 11.5, 11.071428571428571, 12.642857142857142, 11.357142857142858, 12.214285714285714, 14.357142857142858, 15.0, 23.714285714285715, 30.214285714285715, 30.857142857142858, 33.5, 36.0, 38.714285714285715, 38.714285714285715, 35.92857142857143, 32.142857142857146], "time": ["6/21/21", "6/22/21", "6/23/21", "6/24/21", "6/25/21", "6/26/21", "6/27/21", "6/28/21", "6/29/21", "6/30/21", "7/1/21", "7/2/21", "7/3/21", "7/4/21", "7/5/21", "7/6/21", "7/7/21", "7/8/21", "7/9/21", "7/10/21", "7/11/21", "7/12/21", "7/13/21", "7/14/21", "7/15/21", "7/16/21", "7/17/21", "7/18/21", "7/19/21"], "original_values": [31, 13, 1, 28, 0, 0, 0, 37, 14, 23, 34, 0, -9, 0, 0, 45, 14, 25, 21, 0, 0, 122, 14, 54, 22, 59, 0, 0, 83]}