{"dates": ["6/24/21", "6/25/21", "6/26/21", "6/27/21", "6/28/21", "6/29/21", "6/30/21", "7/1/21", "7/2/21", "7/3/21", "7/4/21", "7/5/21", "7/6/21", "7/7/21", "7/8/21", "7/9/21", "7/10/21", "7/11/21", "7/12/21", "7/13/21", "7/14/21", "7/15/21"], "max_14": 593, "max": 26171, "value": [16.428571428571427, 18.142857142857142, 20.071428571428573, 21.785714285714285, 22.214285714285715, 22.0, 21.571428571428573, 24.642857142857142, 26.285714285714285, 23.714285714285715, 22.357142857142858, 23.5, 26.785714285714285, 31.142857142857142, 31.785714285714285, 30.428571428571427, 29.714285714285715, 34.07142857142857, 36.714285714285715, 34.42857142857143, 36.785714285714285, 40.714285714285715, 48.357142857142854, 52.57142857142857], "time": ["6/21/21", "6/22/21", "6/23/21", "6/24/21", "6/25/21", "6/26/21", "6/27/21", "6/28/21", "6/29/21", "6/30/21", "7/1/21", "7/2/21", "7/3/21", "7/4/21", "7/5/21", "7/6/21", "7/7/21", "7/8/21", "7/9/21", "7/10/21", "7/11/21", "7/12/21", "7/13/21", "7/14/21", "7/15/21", "7/16/21", "7/17/21", "7/18/21", "7/19/21"], "original_values": [14, 29, 0, 36, 18, 18, 0, 38, 32, 21, 21, 30, 0, 61, 0, 34, 0, 58, 39, 52, 18, 24, 0, 95, 0, 65, 59, 66, 83]}