{"dates": ["6/24/21", "6/25/21", "6/26/21", "6/27/21", "6/28/21", "6/29/21", "6/30/21", "7/1/21", "7/2/21", "7/3/21", "7/4/21", "7/5/21", "7/6/21", "7/7/21", "7/8/21", "7/9/21", "7/10/21", "7/11/21", "7/12/21", "7/13/21", "7/14/21", "7/15/21"], "max_14": 124, "max": 6233, "value": [2.2857142857142856, 2.2857142857142856, 1.7857142857142858, 3.7857142857142856, 6.428571428571429, 7.285714285714286, 8.142857142857142, 8.285714285714286, 8.285714285714286, 8.428571428571429, 5.714285714285714, 3.5714285714285716, 4.857142857142857, 5.214285714285714, 5.0, 5.0, 6.285714285714286, 9.571428571428571, 11.357142857142858, 11.642857142857142, 12.428571428571429, 12.714285714285714, 12.714285714285714, 11.428571428571429], "time": ["6/21/21", "6/22/21", "6/23/21", "6/24/21", "6/25/21", "6/26/21", "6/27/21", "6/28/21", "6/29/21", "6/30/21", "7/1/21", "7/2/21", "7/3/21", "7/4/21", "7/5/21", "7/6/21", "7/7/21", "7/8/21", "7/9/21", "7/10/21", "7/11/21", "7/12/21", "7/13/21", "7/14/21", "7/15/21", "7/16/21", "7/17/21", "7/18/21", "7/19/21"], "original_values": [0, 5, 9, 2, -5, 5, 0, 0, -2, 44, 4, 5, 7, 0, 0, 0, 4, 14, 13, 4, 0, 0, 18, 32, 11, 20, 8, 0, 0]}