{"dates": ["6/24/21", "6/25/21", "6/26/21", "6/27/21", "6/28/21", "6/29/21", "6/30/21", "7/1/21", "7/2/21", "7/3/21", "7/4/21", "7/5/21", "7/6/21", "7/7/21", "7/8/21", "7/9/21", "7/10/21", "7/11/21", "7/12/21", "7/13/21", "7/14/21", "7/15/21"], "max_14": 153, "max": 30430, "value": [7.642857142857143, 8.785714285714286, 9.785714285714286, 9.214285714285714, 8.142857142857142, 7.642857142857143, 7.5, 7.857142857142857, 7.285714285714286, 6.357142857142857, 6.785714285714286, 7.571428571428571, 7.642857142857143, 7.214285714285714, 7.5, 8.785714285714286, 10.071428571428571, 10.214285714285714, 10.214285714285714, 10.0, 11.071428571428571, 12.428571428571429, 12.214285714285714, 11.214285714285714], "time": ["6/21/21", "6/22/21", "6/23/21", "6/24/21", "6/25/21", "6/26/21", "6/27/21", "6/28/21", "6/29/21", "6/30/21", "7/1/21", "7/2/21", "7/3/21", "7/4/21", "7/5/21", "7/6/21", "7/7/21", "7/8/21", "7/9/21", "7/10/21", "7/11/21", "7/12/21", "7/13/21", "7/14/21", "7/15/21", "7/16/21", "7/17/21", "7/18/21", "7/19/21"], "original_values": [-1, 6, 10, 12, 18, 7, 3, 12, 7, 1, 6, 17, 6, 9, -2, 8, 6, 12, 12, 5, 14, 11, 13, 3, 15, 6, 26, 12, 10]}