{"dates": ["6/24/21", "6/25/21", "6/26/21", "6/27/21", "6/28/21", "6/29/21", "6/30/21", "7/1/21", "7/2/21", "7/3/21", "7/4/21", "7/5/21", "7/6/21", "7/7/21", "7/8/21", "7/9/21", "7/10/21", "7/11/21", "7/12/21", "7/13/21", "7/14/21", "7/15/21"], "max_14": 842, "max": 64634, "value": [30.857142857142858, 28.857142857142858, 25.214285714285715, 23.428571428571427, 23.0, 24.857142857142858, 27.0, 27.0, 21.142857142857142, 19.357142857142858, 24.071428571428573, 26.285714285714285, 26.857142857142858, 25.857142857142858, 25.857142857142858, 34.285714285714285, 41.0, 41.785714285714285, 46.642857142857146, 53.642857142857146, 58.285714285714285, 58.285714285714285, 67.92857142857143, 74.14285714285714], "time": ["6/21/21", "6/22/21", "6/23/21", "6/24/21", "6/25/21", "6/26/21", "6/27/21", "6/28/21", "6/29/21", "6/30/21", "7/1/21", "7/2/21", "7/3/21", "7/4/21", "7/5/21", "7/6/21", "7/7/21", "7/8/21", "7/9/21", "7/10/21", "7/11/21", "7/12/21", "7/13/21", "7/14/21", "7/15/21", "7/16/21", "7/17/21", "7/18/21", "7/19/21"], "original_values": [110, 38, 23, 28, 17, 0, 0, 82, 15, 21, 24, 47, 0, 0, 0, 72, 30, 46, 33, 0, 0, 118, 48, 65, 79, 98, 0, 0, 253]}