{"dates": ["6/24/21", "6/25/21", "6/26/21", "6/27/21", "6/28/21", "6/29/21", "6/30/21", "7/1/21", "7/2/21", "7/3/21", "7/4/21", "7/5/21", "7/6/21", "7/7/21", "7/8/21", "7/9/21", "7/10/21", "7/11/21", "7/12/21", "7/13/21", "7/14/21", "7/15/21"], "max_14": 754, "max": 29363, "value": [15.571428571428571, 18.428571428571427, 22.5, 24.428571428571427, 25.357142857142858, 25.928571428571427, 26.285714285714285, 26.285714285714285, 21.142857142857142, 22.0, 28.071428571428573, 30.428571428571427, 33.714285714285715, 34.714285714285715, 34.714285714285715, 44.57142857142857, 49.714285714285715, 46.57142857142857, 47.357142857142854, 46.785714285714285, 47.0, 47.0, 50.142857142857146, 50.0], "time": ["6/21/21", "6/22/21", "6/23/21", "6/24/21", "6/25/21", "6/26/21", "6/27/21", "6/28/21", "6/29/21", "6/30/21", "7/1/21", "7/2/21", "7/3/21", "7/4/21", "7/5/21", "7/6/21", "7/7/21", "7/8/21", "7/9/21", "7/10/21", "7/11/21", "7/12/21", "7/13/21", "7/14/21", "7/15/21", "7/16/21", "7/17/21", "7/18/21", "7/19/21"], "original_values": [32, 11, 18, 24, 24, 0, 0, 72, 28, 28, 27, 29, 0, 0, 0, 112, 29, 59, 43, 0, 0, 138, 46, 51, 48, 46, 0, 0, 182]}