{"dates": ["6/24/21", "6/25/21", "6/26/21", "6/27/21", "6/28/21", "6/29/21", "6/30/21", "7/1/21", "7/2/21", "7/3/21", "7/4/21", "7/5/21", "7/6/21", "7/7/21", "7/8/21", "7/9/21", "7/10/21", "7/11/21", "7/12/21", "7/13/21", "7/14/21", "7/15/21"], "max_14": 747, "max": 43147, "value": [36.0, 36.0, 35.92857142857143, 36.5, 37.285714285714285, 37.785714285714285, 34.92857142857143, 35.92857142857143, 40.142857142857146, 33.5, 33.07142857142857, 41.07142857142857, 42.0, 46.285714285714285, 47.214285714285715, 43.0, 55.357142857142854, 61.142857142857146, 56.357142857142854, 58.785714285714285, 61.57142857142857, 63.714285714285715, 63.714285714285715, 51.357142857142854], "time": ["6/21/21", "6/22/21", "6/23/21", "6/24/21", "6/25/21", "6/26/21", "6/27/21", "6/28/21", "6/29/21", "6/30/21", "7/1/21", "7/2/21", "7/3/21", "7/4/21", "7/5/21", "7/6/21", "7/7/21", "7/8/21", "7/9/21", "7/10/21", "7/11/21", "7/12/21", "7/13/21", "7/14/21", "7/15/21", "7/16/21", "7/17/21", "7/18/21", "7/19/21"], "original_values": [0, 94, 34, 24, 55, 45, 0, 0, 93, 43, 26, 60, 0, 59, 0, 0, 130, 51, 48, 72, 0, 0, 173, 38, 76, 57, 102, 0, 0]}