{"dates": ["6/24/21", "6/25/21", "6/26/21", "6/27/21", "6/28/21", "6/29/21", "6/30/21", "7/1/21", "7/2/21", "7/3/21", "7/4/21", "7/5/21", "7/6/21", "7/7/21", "7/8/21", "7/9/21", "7/10/21", "7/11/21", "7/12/21", "7/13/21", "7/14/21", "7/15/21"], "max_14": 138, "max": 53300, "value": [5.857142857142857, 6.0, 5.428571428571429, 5.642857142857143, 6.285714285714286, 5.785714285714286, 4.5, 3.857142857142857, 4.142857142857143, 4.714285714285714, 5.071428571428571, 5.142857142857143, 7.214285714285714, 9.357142857142858, 9.928571428571429, 10.142857142857142, 9.857142857142858, 9.571428571428571, 9.142857142857142, 8.5, 8.357142857142858, 8.857142857142858, 9.428571428571429, 9.357142857142858], "time": ["6/21/21", "6/22/21", "6/23/21", "6/24/21", "6/25/21", "6/26/21", "6/27/21", "6/28/21", "6/29/21", "6/30/21", "7/1/21", "7/2/21", "7/3/21", "7/4/21", "7/5/21", "7/6/21", "7/7/21", "7/8/21", "7/9/21", "7/10/21", "7/11/21", "7/12/21", "7/13/21", "7/14/21", "7/15/21", "7/16/21", "7/17/21", "7/18/21", "7/19/21"], "original_values": [6, 7, -1, 7, 5, 15, 4, 4, 1, 8, 7, -2, 4, 6, 6, 7, 7, 9, 25, 7, 11, 4, 5, 5, 5, 20, 10, 15, 8]}