{"dates": ["6/24/21", "6/25/21", "6/26/21", "6/27/21", "6/28/21", "6/29/21", "6/30/21", "7/1/21", "7/2/21", "7/3/21", "7/4/21", "7/5/21", "7/6/21", "7/7/21", "7/8/21", "7/9/21", "7/10/21", "7/11/21", "7/12/21", "7/13/21", "7/14/21", "7/15/21"], "max_14": 206, "max": 44131, "value": [4.142857142857143, 4.857142857142857, 5.857142857142857, 6.142857142857143, 5.5, 7.214285714285714, 9.428571428571429, 9.285714285714286, 8.214285714285714, 6.428571428571429, 5.714285714285714, 10.071428571428571, 12.071428571428571, 9.714285714285714, 9.714285714285714, 14.071428571428571, 19.785714285714285, 21.142857142857142, 17.285714285714285, 13.428571428571429, 16.571428571428573, 19.714285714285715, 15.357142857142858, 9.642857142857142], "time": ["6/21/21", "6/22/21", "6/23/21", "6/24/21", "6/25/21", "6/26/21", "6/27/21", "6/28/21", "6/29/21", "6/30/21", "7/1/21", "7/2/21", "7/3/21", "7/4/21", "7/5/21", "7/6/21", "7/7/21", "7/8/21", "7/9/21", "7/10/21", "7/11/21", "7/12/21", "7/13/21", "7/14/21", "7/15/21", "7/16/21", "7/17/21", "7/18/21", "7/19/21"], "original_values": [5, 6, 0, 16, 0, 2, 0, 15, 10, 0, 7, 33, 0, 0, 0, 0, 0, 68, 0, 0, 0, 61, 19, 0, 14, 0, 44, 0, 0]}