{"dates": ["6/24/21", "6/25/21", "6/26/21", "6/27/21", "6/28/21", "6/29/21", "6/30/21", "7/1/21", "7/2/21", "7/3/21", "7/4/21", "7/5/21", "7/6/21", "7/7/21", "7/8/21", "7/9/21", "7/10/21", "7/11/21", "7/12/21", "7/13/21", "7/14/21", "7/15/21"], "max_14": 11340, "max": 522734, "value": [290.85714285714283, 290.85714285714283, 290.85714285714283, 290.85714285714283, 290.85714285714283, 354.7142857142857, 418.57142857142856, 418.57142857142856, 418.57142857142856, 418.57142857142856, 418.57142857142856, 418.57142857142856, 521.5, 624.4285714285714, 624.4285714285714, 624.4285714285714, 624.4285714285714, 624.4285714285714, 624.4285714285714, 810.0, 995.5714285714286, 995.5714285714286, 995.5714285714286, 995.5714285714286], "time": ["6/21/21", "6/22/21", "6/23/21", "6/24/21", "6/25/21", "6/26/21", "6/27/21", "6/28/21", "6/29/21", "6/30/21", "7/1/21", "7/2/21", "7/3/21", "7/4/21", "7/5/21", "7/6/21", "7/7/21", "7/8/21", "7/9/21", "7/10/21", "7/11/21", "7/12/21", "7/13/21", "7/14/21", "7/15/21", "7/16/21", "7/17/21", "7/18/21", "7/19/21"], "original_values": [0, 0, 0, 0, 2036, 0, 0, 0, 0, 0, 0, 2930, 0, 0, 0, 0, 0, 0, 4371, 0, 0, 0, 0, 0, 0, 6969, 0, 0, 0]}