{"dates": ["6/24/21", "6/25/21", "6/26/21", "6/27/21", "6/28/21", "6/29/21", "6/30/21", "7/1/21", "7/2/21", "7/3/21", "7/4/21", "7/5/21", "7/6/21", "7/7/21", "7/8/21", "7/9/21", "7/10/21", "7/11/21", "7/12/21", "7/13/21", "7/14/21", "7/15/21"], "max_14": 118, "max": 2169, "value": [4.571428571428571, 4.571428571428571, 3.7857142857142856, 3.357142857142857, 3.357142857142857, 3.7142857142857144, 4.0, 4.357142857142857, 5.071428571428571, 5.214285714285714, 4.857142857142857, 5.5, 6.5, 7.285714285714286, 7.571428571428571, 6.928571428571429, 7.5, 9.785714285714286, 11.0, 10.5, 10.0, 9.714285714285714, 9.928571428571429, 9.285714285714286], "time": ["6/21/21", "6/22/21", "6/23/21", "6/24/21", "6/25/21", "6/26/21", "6/27/21", "6/28/21", "6/29/21", "6/30/21", "7/1/21", "7/2/21", "7/3/21", "7/4/21", "7/5/21", "7/6/21", "7/7/21", "7/8/21", "7/9/21", "7/10/21", "7/11/21", "7/12/21", "7/13/21", "7/14/21", "7/15/21", "7/16/21", "7/17/21", "7/18/21", "7/19/21"], "original_values": [4, 9, 7, 3, 4, 3, 4, 0, 2, 8, 2, 10, 1, 11, 3, 1, 4, 15, 11, 11, 5, 0, 12, 25, 11, 8, 7, 5, 3]}