{"dates": ["6/24/21", "6/25/21", "6/26/21", "6/27/21", "6/28/21", "6/29/21", "6/30/21", "7/1/21", "7/2/21", "7/3/21", "7/4/21", "7/5/21", "7/6/21", "7/7/21", "7/8/21", "7/9/21", "7/10/21", "7/11/21", "7/12/21", "7/13/21", "7/14/21", "7/15/21"], "max_14": 222, "max": 21289, "value": [6.857142857142857, 7.785714285714286, 8.714285714285714, 8.285714285714286, 7.5, 7.857142857142857, 8.142857142857142, 7.714285714285714, 5.928571428571429, 6.285714285714286, 8.285714285714286, 8.571428571428571, 8.928571428571429, 8.857142857142858, 8.857142857142858, 10.785714285714286, 11.142857142857142, 10.142857142857142, 11.785714285714286, 12.214285714285714, 11.571428571428571, 13.214285714285714, 16.928571428571427, 18.142857142857142], "time": ["6/21/21", "6/22/21", "6/23/21", "6/24/21", "6/25/21", "6/26/21", "6/27/21", "6/28/21", "6/29/21", "6/30/21", "7/1/21", "7/2/21", "7/3/21", "7/4/21", "7/5/21", "7/6/21", "7/7/21", "7/8/21", "7/9/21", "7/10/21", "7/11/21", "7/12/21", "7/13/21", "7/14/21", "7/15/21", "7/16/21", "7/17/21", "7/18/21", "7/19/21"], "original_values": [12, 4, 15, 11, 0, 6, 0, 25, 4, 9, 6, 10, 0, 0, 0, 34, 7, 12, 9, 0, 0, 27, 12, 15, 27, 0, 0, 23, 56]}