{"dates": ["6/24/21", "6/25/21", "6/26/21", "6/27/21", "6/28/21", "6/29/21", "6/30/21", "7/1/21", "7/2/21", "7/3/21", "7/4/21", "7/5/21", "7/6/21", "7/7/21", "7/8/21", "7/9/21", "7/10/21", "7/11/21", "7/12/21", "7/13/21", "7/14/21", "7/15/21"], "max_14": 90, "max": 10333, "value": [2.4285714285714284, 2.4285714285714284, 2.4285714285714284, 2.142857142857143, 2.0, 2.142857142857143, 1.8571428571428572, 1.5714285714285714, 1.5714285714285714, 2.2857142857142856, 3.2857142857142856, 4.214285714285714, 4.785714285714286, 4.714285714285714, 4.714285714285714, 5.571428571428571, 6.142857142857143, 6.5, 6.571428571428571, 6.285714285714286, 6.571428571428571, 6.571428571428571, 6.5, 5.857142857142857], "time": ["6/21/21", "6/22/21", "6/23/21", "6/24/21", "6/25/21", "6/26/21", "6/27/21", "6/28/21", "6/29/21", "6/30/21", "7/1/21", "7/2/21", "7/3/21", "7/4/21", "7/5/21", "7/6/21", "7/7/21", "7/8/21", "7/9/21", "7/10/21", "7/11/21", "7/12/21", "7/13/21", "7/14/21", "7/15/21", "7/16/21", "7/17/21", "7/18/21", "7/19/21"], "original_values": [0, 2, 5, 3, 3, 4, 0, 0, 2, 1, 5, 3, 0, 0, 0, 12, 5, 14, 2, 0, 0, 12, 8, 14, 6, 6, 0, 0, 11]}