{"dates": ["6/24/21", "6/25/21", "6/26/21", "6/27/21", "6/28/21", "6/29/21", "6/30/21", "7/1/21", "7/2/21", "7/3/21", "7/4/21", "7/5/21", "7/6/21", "7/7/21", "7/8/21", "7/9/21", "7/10/21", "7/11/21", "7/12/21", "7/13/21", "7/14/21", "7/15/21"], "max_14": 123, "max": 10412, "value": [1.4285714285714286, 2.0714285714285716, 2.857142857142857, 3.2857142857142856, 3.4285714285714284, 3.2142857142857144, 3.142857142857143, 3.142857142857143, 2.5714285714285716, 2.4285714285714284, 2.5, 2.5, 2.857142857142857, 2.857142857142857, 2.857142857142857, 4.642857142857143, 6.285714285714286, 7.428571428571429, 9.071428571428571, 10.0, 10.571428571428571, 10.571428571428571, 10.857142857142858, 10.714285714285714], "time": ["6/21/21", "6/22/21", "6/23/21", "6/24/21", "6/25/21", "6/26/21", "6/27/21", "6/28/21", "6/29/21", "6/30/21", "7/1/21", "7/2/21", "7/3/21", "7/4/21", "7/5/21", "7/6/21", "7/7/21", "7/8/21", "7/9/21", "7/10/21", "7/11/21", "7/12/21", "7/13/21", "7/14/21", "7/15/21", "7/16/21", "7/17/21", "7/18/21", "7/19/21"], "original_values": [-1, 0, 4, 3, 4, 0, 0, 8, 2, 8, 1, 3, 0, 0, 0, 8, 3, 6, 3, 0, 0, 25, 6, 21, 11, 11, 0, 0, 29]}