{"dates": ["6/24/21", "6/25/21", "6/26/21", "6/27/21", "6/28/21", "6/29/21", "6/30/21", "7/1/21", "7/2/21", "7/3/21", "7/4/21", "7/5/21", "7/6/21", "7/7/21", "7/8/21", "7/9/21", "7/10/21", "7/11/21", "7/12/21", "7/13/21", "7/14/21", "7/15/21"], "max_14": 116, "max": 27587, "value": [3.0714285714285716, 3.142857142857143, 3.142857142857143, 3.142857142857143, 3.0, 3.0714285714285716, 3.2142857142857144, 3.0714285714285716, 2.642857142857143, 2.357142857142857, 2.9285714285714284, 4.071428571428571, 4.714285714285714, 4.5, 4.142857142857143, 4.785714285714286, 6.785714285714286, 8.5, 8.928571428571429, 9.714285714285714, 10.428571428571429, 10.428571428571429, 10.785714285714286, 9.5], "time": ["6/21/21", "6/22/21", "6/23/21", "6/24/21", "6/25/21", "6/26/21", "6/27/21", "6/28/21", "6/29/21", "6/30/21", "7/1/21", "7/2/21", "7/3/21", "7/4/21", "7/5/21", "7/6/21", "7/7/21", "7/8/21", "7/9/21", "7/10/21", "7/11/21", "7/12/21", "7/13/21", "7/14/21", "7/15/21", "7/16/21", "7/17/21", "7/18/21", "7/19/21"], "original_values": [5, 3, 1, 3, 4, 4, 3, 3, 5, -1, 3, 5, 5, 0, 0, 4, 8, 10, 7, 0, 0, 9, 23, 13, 11, 17, 0, 0, 14]}