{"dates": ["6/24/21", "6/25/21", "6/26/21", "6/27/21", "6/28/21", "6/29/21", "6/30/21", "7/1/21", "7/2/21", "7/3/21", "7/4/21", "7/5/21", "7/6/21", "7/7/21", "7/8/21", "7/9/21", "7/10/21", "7/11/21", "7/12/21", "7/13/21", "7/14/21", "7/15/21"], "max_14": 147, "max": 40016, "value": [4.142857142857143, 3.2142857142857144, 2.0714285714285716, 1.6428571428571428, 0.9285714285714286, 1.1428571428571428, 2.0714285714285716, 2.642857142857143, 3.5714285714285716, 4.214285714285714, 4.642857142857143, 5.428571428571429, 5.642857142857143, 5.928571428571429, 7.0, 7.928571428571429, 8.785714285714286, 9.642857142857142, 10.0, 10.357142857142858, 11.5, 12.285714285714286, 12.5, 12.071428571428571], "time": ["6/21/21", "6/22/21", "6/23/21", "6/24/21", "6/25/21", "6/26/21", "6/27/21", "6/28/21", "6/29/21", "6/30/21", "7/1/21", "7/2/21", "7/3/21", "7/4/21", "7/5/21", "7/6/21", "7/7/21", "7/8/21", "7/9/21", "7/10/21", "7/11/21", "7/12/21", "7/13/21", "7/14/21", "7/15/21", "7/16/21", "7/17/21", "7/18/21", "7/19/21"], "original_values": [7, 4, 7, 10, 1, 0, 0, -6, 1, 4, 3, 11, 3, 5, 2, 2, 9, 9, 8, 10, 13, 7, 9, 14, 9, 13, 21, 13, 10]}