{"dates": ["6/24/21", "6/25/21", "6/26/21", "6/27/21", "6/28/21", "6/29/21", "6/30/21", "7/1/21", "7/2/21", "7/3/21", "7/4/21", "7/5/21", "7/6/21", "7/7/21", "7/8/21", "7/9/21", "7/10/21", "7/11/21", "7/12/21", "7/13/21", "7/14/21", "7/15/21"], "max_14": 188, "max": 19472, "value": [5.285714285714286, 4.642857142857143, 4.071428571428571, 3.9285714285714284, 3.2857142857142856, 3.142857142857143, 3.4285714285714284, 3.4285714285714284, 2.857142857142857, 4.285714285714286, 7.142857142857143, 8.571428571428571, 9.5, 9.857142857142858, 9.857142857142858, 12.142857142857142, 12.714285714285714, 11.285714285714286, 11.785714285714286, 11.857142857142858, 11.714285714285714, 11.714285714285714, 12.071428571428571, 11.785714285714286], "time": ["6/21/21", "6/22/21", "6/23/21", "6/24/21", "6/25/21", "6/26/21", "6/27/21", "6/28/21", "6/29/21", "6/30/21", "7/1/21", "7/2/21", "7/3/21", "7/4/21", "7/5/21", "7/6/21", "7/7/21", "7/8/21", "7/9/21", "7/10/21", "7/11/21", "7/12/21", "7/13/21", "7/14/21", "7/15/21", "7/16/21", "7/17/21", "7/18/21", "7/19/21"], "original_values": [17, 4, 8, 7, 1, 0, 0, 8, 5, 5, 1, 5, 0, 0, 0, 33, 17, 9, 10, 0, 0, 32, 9, 21, 12, 8, 0, 0, 37]}