{"dates": ["6/24/21", "6/25/21", "6/26/21", "6/27/21", "6/28/21", "6/29/21", "6/30/21", "7/1/21", "7/2/21", "7/3/21", "7/4/21", "7/5/21", "7/6/21", "7/7/21", "7/8/21", "7/9/21", "7/10/21", "7/11/21", "7/12/21", "7/13/21", "7/14/21", "7/15/21"], "max_14": 974, "max": 77325, "value": [37.0, 37.0, 37.0, 40.5, 44.0, 44.0, 44.0, 44.0, 44.0, 44.0, 47.785714285714285, 51.57142857142857, 51.57142857142857, 51.57142857142857, 51.57142857142857, 51.57142857142857, 51.57142857142857, 69.57142857142857, 87.57142857142857, 87.57142857142857, 87.57142857142857, 87.57142857142857, 87.57142857142857, 87.57142857142857], "time": ["6/21/21", "6/22/21", "6/23/21", "6/24/21", "6/25/21", "6/26/21", "6/27/21", "6/28/21", "6/29/21", "6/30/21", "7/1/21", "7/2/21", "7/3/21", "7/4/21", "7/5/21", "7/6/21", "7/7/21", "7/8/21", "7/9/21", "7/10/21", "7/11/21", "7/12/21", "7/13/21", "7/14/21", "7/15/21", "7/16/21", "7/17/21", "7/18/21", "7/19/21"], "original_values": [0, 0, 259, 0, 0, 0, 0, 0, 0, 308, 0, 0, 0, 0, 0, 0, 361, 0, 0, 0, 0, 0, 0, 613, 0, 0, 0, 0, 0]}