{"dates": ["6/24/21", "6/25/21", "6/26/21", "6/27/21", "6/28/21", "6/29/21", "6/30/21", "7/1/21", "7/2/21", "7/3/21", "7/4/21", "7/5/21", "7/6/21", "7/7/21", "7/8/21", "7/9/21", "7/10/21", "7/11/21", "7/12/21", "7/13/21", "7/14/21", "7/15/21"], "max_14": 244, "max": 5406, "value": [3.857142857142857, 3.9285714285714284, 4.142857142857143, 5.357142857142857, 6.0, 5.5, 5.142857142857143, 5.071428571428571, 5.357142857142857, 5.428571428571429, 5.0, 6.357142857142857, 10.285714285714286, 13.357142857142858, 14.642857142857142, 14.857142857142858, 15.071428571428571, 15.642857142857142, 15.5, 13.785714285714286, 16.214285714285715, 19.928571428571427, 20.0, 19.428571428571427], "time": ["6/21/21", "6/22/21", "6/23/21", "6/24/21", "6/25/21", "6/26/21", "6/27/21", "6/28/21", "6/29/21", "6/30/21", "7/1/21", "7/2/21", "7/3/21", "7/4/21", "7/5/21", "7/6/21", "7/7/21", "7/8/21", "7/9/21", "7/10/21", "7/11/21", "7/12/21", "7/13/21", "7/14/21", "7/15/21", "7/16/21", "7/17/21", "7/18/21", "7/19/21"], "original_values": [2, 3, 4, 12, 3, 3, 0, 3, 5, 19, 6, 2, -1, 3, 4, 5, 13, 31, 32, 12, 8, 2, 10, 16, 26, 13, 65, 7, 4]}