{"dates": ["6/24/21", "6/25/21", "6/26/21", "6/27/21", "6/28/21", "6/29/21", "6/30/21", "7/1/21", "7/2/21", "7/3/21", "7/4/21", "7/5/21", "7/6/21", "7/7/21", "7/8/21", "7/9/21", "7/10/21", "7/11/21", "7/12/21", "7/13/21", "7/14/21", "7/15/21"], "max_14": 88, "max": 1496, "value": [0.42857142857142855, 0.7857142857142857, 1.2857142857142858, 2.142857142857143, 2.9285714285714284, 3.2857142857142856, 3.5714285714285716, 3.5714285714285716, 3.7142857142857144, 3.7142857142857144, 2.7857142857142856, 2.142857142857143, 2.7142857142857144, 3.142857142857143, 3.142857142857143, 3.642857142857143, 5.142857142857143, 6.5, 8.142857142857142, 8.928571428571429, 8.428571428571429, 8.428571428571429, 8.428571428571429, 7.428571428571429], "time": ["6/21/21", "6/22/21", "6/23/21", "6/24/21", "6/25/21", "6/26/21", "6/27/21", "6/28/21", "6/29/21", "6/30/21", "7/1/21", "7/2/21", "7/3/21", "7/4/21", "7/5/21", "7/6/21", "7/7/21", "7/8/21", "7/9/21", "7/10/21", "7/11/21", "7/12/21", "7/13/21", "7/14/21", "7/15/21", "7/16/21", "7/17/21", "7/18/21", "7/19/21"], "original_values": [-2, 0, 1, 3, 1, 0, 0, 3, 2, 11, 4, 5, 0, 0, 5, 0, 0, 6, 11, 0, 0, 12, 14, 5, 24, 4, 0, 0, 12]}