{"dates": ["6/24/21", "6/25/21", "6/26/21", "6/27/21", "6/28/21", "6/29/21", "6/30/21", "7/1/21", "7/2/21", "7/3/21", "7/4/21", "7/5/21", "7/6/21", "7/7/21", "7/8/21", "7/9/21", "7/10/21", "7/11/21", "7/12/21", "7/13/21", "7/14/21", "7/15/21"], "max_14": 63, "max": 15907, "value": [1.4285714285714286, 1.3571428571428572, 1.6428571428571428, 1.9285714285714286, 2.2857142857142856, 2.7142857142857144, 2.7142857142857144, 2.7142857142857144, 2.4285714285714284, 2.7142857142857144, 3.0, 2.357142857142857, 3.142857142857143, 4.285714285714286, 4.285714285714286, 4.285714285714286, 4.642857142857143, 5.0, 5.0, 4.857142857142857, 4.714285714285714, 4.714285714285714, 4.714285714285714, 3.5], "time": ["6/21/21", "6/22/21", "6/23/21", "6/24/21", "6/25/21", "6/26/21", "6/27/21", "6/28/21", "6/29/21", "6/30/21", "7/1/21", "7/2/21", "7/3/21", "7/4/21", "7/5/21", "7/6/21", "7/7/21", "7/8/21", "7/9/21", "7/10/21", "7/11/21", "7/12/21", "7/13/21", "7/14/21", "7/15/21", "7/16/21", "7/17/21", "7/18/21", "7/19/21"], "original_values": [5, -1, 5, -1, 2, 0, 0, 4, 4, 4, 5, 2, 0, 0, 0, 12, 0, 0, 18, 0, 0, 0, 17, 0, 0, 16, 0, 0, 0]}