{"dates": ["6/24/21", "6/25/21", "6/26/21", "6/27/21", "6/28/21", "6/29/21", "6/30/21", "7/1/21", "7/2/21", "7/3/21", "7/4/21", "7/5/21", "7/6/21", "7/7/21", "7/8/21", "7/9/21", "7/10/21", "7/11/21", "7/12/21", "7/13/21", "7/14/21", "7/15/21"], "max_14": 94, "max": 13407, "value": [2.4285714285714284, 2.0, 2.0, 2.357142857142857, 2.5, 2.642857142857143, 2.5714285714285716, 2.5714285714285716, 2.5, 3.0714285714285716, 4.214285714285714, 4.857142857142857, 5.214285714285714, 5.428571428571429, 5.428571428571429, 6.642857142857143, 6.928571428571429, 5.5, 4.785714285714286, 4.714285714285714, 4.857142857142857, 4.857142857142857, 5.214285714285714, 5.285714285714286], "time": ["6/21/21", "6/22/21", "6/23/21", "6/24/21", "6/25/21", "6/26/21", "6/27/21", "6/28/21", "6/29/21", "6/30/21", "7/1/21", "7/2/21", "7/3/21", "7/4/21", "7/5/21", "7/6/21", "7/7/21", "7/8/21", "7/9/21", "7/10/21", "7/11/21", "7/12/21", "7/13/21", "7/14/21", "7/15/21", "7/16/21", "7/17/21", "7/18/21", "7/19/21"], "original_values": [7, 2, 3, 2, 3, 0, 0, 1, 8, 2, 5, 2, 0, 0, 0, 17, 9, 7, 5, 0, 0, 17, 4, 2, 4, 7, 0, 0, 22]}