{"dates": ["6/24/21", "6/25/21", "6/26/21", "6/27/21", "6/28/21", "6/29/21", "6/30/21", "7/1/21", "7/2/21", "7/3/21", "7/4/21", "7/5/21", "7/6/21", "7/7/21", "7/8/21", "7/9/21", "7/10/21", "7/11/21", "7/12/21", "7/13/21", "7/14/21", "7/15/21"], "max_14": 159, "max": 4151, "value": [8.571428571428571, 8.857142857142858, 9.071428571428571, 9.285714285714286, 9.071428571428571, 9.214285714285714, 8.714285714285714, 7.571428571428571, 6.928571428571429, 7.428571428571429, 8.0, 7.571428571428571, 7.642857142857143, 7.857142857142857, 7.857142857142857, 9.428571428571429, 9.857142857142858, 8.928571428571429, 9.857142857142858, 10.357142857142858, 10.142857142857142, 10.142857142857142, 10.928571428571429, 11.0], "time": ["6/21/21", "6/22/21", "6/23/21", "6/24/21", "6/25/21", "6/26/21", "6/27/21", "6/28/21", "6/29/21", "6/30/21", "7/1/21", "7/2/21", "7/3/21", "7/4/21", "7/5/21", "7/6/21", "7/7/21", "7/8/21", "7/9/21", "7/10/21", "7/11/21", "7/12/21", "7/13/21", "7/14/21", "7/15/21", "7/16/21", "7/17/21", "7/18/21", "7/19/21"], "original_values": [5, 11, 11, 10, 9, 12, 4, 5, 14, 11, 7, 14, 0, 0, 0, 26, 7, 5, 17, 0, 0, 22, 10, 10, 15, 14, 0, 0, 33]}