{"dates": ["6/24/21", "6/25/21", "6/26/21", "6/27/21", "6/28/21", "6/29/21", "6/30/21", "7/1/21", "7/2/21", "7/3/21", "7/4/21", "7/5/21", "7/6/21", "7/7/21", "7/8/21", "7/9/21", "7/10/21", "7/11/21", "7/12/21", "7/13/21", "7/14/21", "7/15/21"], "max_14": 199, "max": 23146, "value": [6.428571428571429, 6.5, 5.428571428571429, 4.785714285714286, 5.285714285714286, 5.571428571428571, 5.357142857142857, 4.857142857142857, 4.5, 5.571428571428571, 6.642857142857143, 7.285714285714286, 8.714285714285714, 9.285714285714286, 9.285714285714286, 11.642857142857142, 13.571428571428571, 13.5, 13.142857142857142, 12.071428571428571, 11.714285714285714, 11.714285714285714, 13.071428571428571, 13.428571428571429], "time": ["6/21/21", "6/22/21", "6/23/21", "6/24/21", "6/25/21", "6/26/21", "6/27/21", "6/28/21", "6/29/21", "6/30/21", "7/1/21", "7/2/21", "7/3/21", "7/4/21", "7/5/21", "7/6/21", "7/7/21", "7/8/21", "7/9/21", "7/10/21", "7/11/21", "7/12/21", "7/13/21", "7/14/21", "7/15/21", "7/16/21", "7/17/21", "7/18/21", "7/19/21"], "original_values": [4, 16, 9, 5, 5, 5, 2, 3, 2, 14, 7, 7, 0, 0, 0, 20, 11, 19, 15, 0, 0, 33, 14, 16, 9, 10, 0, 0, 52]}