{"dates": ["6/24/21", "6/25/21", "6/26/21", "6/27/21", "6/28/21", "6/29/21", "6/30/21", "7/1/21", "7/2/21", "7/3/21", "7/4/21", "7/5/21", "7/6/21", "7/7/21", "7/8/21", "7/9/21", "7/10/21", "7/11/21", "7/12/21", "7/13/21", "7/14/21", "7/15/21"], "max_14": 690, "max": 18636, "value": [24.0, 23.214285714285715, 22.857142857142858, 23.857142857142858, 24.428571428571427, 25.357142857142858, 24.428571428571427, 22.571428571428573, 20.785714285714285, 24.357142857142858, 30.714285714285715, 33.857142857142854, 36.214285714285715, 36.42857142857143, 36.42857142857143, 43.92857142857143, 46.785714285714285, 43.357142857142854, 43.785714285714285, 41.92857142857143, 40.857142857142854, 40.857142857142854, 44.0, 44.42857142857143], "time": ["6/21/21", "6/22/21", "6/23/21", "6/24/21", "6/25/21", "6/26/21", "6/27/21", "6/28/21", "6/29/21", "6/30/21", "7/1/21", "7/2/21", "7/3/21", "7/4/21", "7/5/21", "7/6/21", "7/7/21", "7/8/21", "7/9/21", "7/10/21", "7/11/21", "7/12/21", "7/13/21", "7/14/21", "7/15/21", "7/16/21", "7/17/21", "7/18/21", "7/19/21"], "original_values": [36, 22, 20, 32, 32, 26, 0, 25, 28, 28, 32, 45, 0, 0, 0, 103, 42, 62, 48, 0, 0, 105, 38, 59, 51, 33, 0, 0, 149]}