{"dates": ["6/24/21", "6/25/21", "6/26/21", "6/27/21", "6/28/21", "6/29/21", "6/30/21", "7/1/21", "7/2/21", "7/3/21", "7/4/21", "7/5/21", "7/6/21", "7/7/21", "7/8/21", "7/9/21", "7/10/21", "7/11/21", "7/12/21", "7/13/21", "7/14/21", "7/15/21"], "max_14": 236, "max": 11885, "value": [5.142857142857143, 5.142857142857143, 5.142857142857143, 5.142857142857143, 5.142857142857143, 7.428571428571429, 9.714285714285714, 9.714285714285714, 9.714285714285714, 9.714285714285714, 9.714285714285714, 9.714285714285714, 10.571428571428571, 11.428571428571429, 11.428571428571429, 11.428571428571429, 11.428571428571429, 11.428571428571429, 11.428571428571429, 16.857142857142858, 22.285714285714285, 22.285714285714285, 22.285714285714285, 22.285714285714285], "time": ["6/21/21", "6/22/21", "6/23/21", "6/24/21", "6/25/21", "6/26/21", "6/27/21", "6/28/21", "6/29/21", "6/30/21", "7/1/21", "7/2/21", "7/3/21", "7/4/21", "7/5/21", "7/6/21", "7/7/21", "7/8/21", "7/9/21", "7/10/21", "7/11/21", "7/12/21", "7/13/21", "7/14/21", "7/15/21", "7/16/21", "7/17/21", "7/18/21", "7/19/21"], "original_values": [0, 0, 0, 0, 36, 0, 0, 0, 0, 0, 0, 68, 0, 0, 0, 0, 0, 0, 80, 0, 0, 0, 0, 0, 0, 156, 0, 0, 0]}