{"dates": ["6/24/21", "6/25/21", "6/26/21", "6/27/21", "6/28/21", "6/29/21", "6/30/21", "7/1/21", "7/2/21", "7/3/21", "7/4/21", "7/5/21", "7/6/21", "7/7/21", "7/8/21", "7/9/21", "7/10/21", "7/11/21", "7/12/21", "7/13/21", "7/14/21", "7/15/21"], "max_14": 66, "max": 2151, "value": [1.2857142857142858, 1.5714285714285714, 2.2142857142857144, 2.5714285714285716, 2.7142857142857144, 3.0, 3.142857142857143, 3.142857142857143, 3.2142857142857144, 2.9285714285714284, 2.357142857142857, 2.4285714285714284, 3.0714285714285716, 3.4285714285714284, 3.4285714285714284, 3.642857142857143, 4.428571428571429, 5.571428571428571, 5.857142857142857, 5.142857142857143, 4.714285714285714, 4.714285714285714, 5.142857142857143, 5.0], "time": ["6/21/21", "6/22/21", "6/23/21", "6/24/21", "6/25/21", "6/26/21", "6/27/21", "6/28/21", "6/29/21", "6/30/21", "7/1/21", "7/2/21", "7/3/21", "7/4/21", "7/5/21", "7/6/21", "7/7/21", "7/8/21", "7/9/21", "7/10/21", "7/11/21", "7/12/21", "7/13/21", "7/14/21", "7/15/21", "7/16/21", "7/17/21", "7/18/21", "7/19/21"], "original_values": [0, 0, 5, 1, 3, 0, 0, 4, 5, 5, 3, 5, 0, 0, 5, 0, 2, 7, 10, 0, 0, 8, 8, 10, 3, 4, 0, 0, 14]}