{"dates": ["6/24/21", "6/25/21", "6/26/21", "6/27/21", "6/28/21", "6/29/21", "6/30/21", "7/1/21", "7/2/21", "7/3/21", "7/4/21", "7/5/21", "7/6/21", "7/7/21", "7/8/21", "7/9/21", "7/10/21", "7/11/21", "7/12/21", "7/13/21", "7/14/21", "7/15/21"], "max_14": 125, "max": 3461, "value": [2.2857142857142856, 2.0, 1.8571428571428572, 2.2142857142857144, 2.642857142857143, 2.9285714285714284, 3.0, 3.0, 2.7857142857142856, 2.857142857142857, 3.142857142857143, 3.5, 4.142857142857143, 4.428571428571429, 4.428571428571429, 5.714285714285714, 6.785714285714286, 6.928571428571429, 7.214285714285714, 7.857142857142857, 8.571428571428571, 8.571428571428571, 9.714285714285714, 10.5], "time": ["6/21/21", "6/22/21", "6/23/21", "6/24/21", "6/25/21", "6/26/21", "6/27/21", "6/28/21", "6/29/21", "6/30/21", "7/1/21", "7/2/21", "7/3/21", "7/4/21", "7/5/21", "7/6/21", "7/7/21", "7/8/21", "7/9/21", "7/10/21", "7/11/21", "7/12/21", "7/13/21", "7/14/21", "7/15/21", "7/16/21", "7/17/21", "7/18/21", "7/19/21"], "original_values": [7, 2, 2, 2, 3, 0, 0, 3, 4, 5, 5, 4, 0, 0, 0, 8, 5, 10, 8, 0, 0, 18, 5, 10, 9, 18, 0, 0, 34]}