{"dates": ["6/24/21", "6/25/21", "6/26/21", "6/27/21", "6/28/21", "6/29/21", "6/30/21", "7/1/21", "7/2/21", "7/3/21", "7/4/21", "7/5/21", "7/6/21", "7/7/21", "7/8/21", "7/9/21", "7/10/21", "7/11/21", "7/12/21", "7/13/21", "7/14/21", "7/15/21"], "max_14": 201, "max": 66191, "value": [7.285714285714286, 7.857142857142857, 7.857142857142857, 7.214285714285714, 6.0, 5.428571428571429, 6.285714285714286, 7.357142857142857, 7.428571428571429, 7.428571428571429, 7.785714285714286, 8.285714285714286, 8.857142857142858, 9.642857142857142, 10.142857142857142, 10.714285714285714, 11.214285714285714, 11.571428571428571, 12.714285714285714, 13.642857142857142, 14.142857142857142, 15.5, 17.0, 17.071428571428573], "time": ["6/21/21", "6/22/21", "6/23/21", "6/24/21", "6/25/21", "6/26/21", "6/27/21", "6/28/21", "6/29/21", "6/30/21", "7/1/21", "7/2/21", "7/3/21", "7/4/21", "7/5/21", "7/6/21", "7/7/21", "7/8/21", "7/9/21", "7/10/21", "7/11/21", "7/12/21", "7/13/21", "7/14/21", "7/15/21", "7/16/21", "7/17/21", "7/18/21", "7/19/21"], "original_values": [4, 4, 14, 18, 8, -1, 8, 4, 4, 5, 10, 8, 11, 11, 2, 6, 8, 14, 12, 18, 11, 10, 5, 14, 24, 15, 22, 26, 16]}