{"dates": ["6/24/21", "6/25/21", "6/26/21", "6/27/21", "6/28/21", "6/29/21", "6/30/21", "7/1/21", "7/2/21", "7/3/21", "7/4/21", "7/5/21", "7/6/21", "7/7/21", "7/8/21", "7/9/21", "7/10/21", "7/11/21", "7/12/21", "7/13/21", "7/14/21", "7/15/21"], "max_14": 19, "max": 866, "value": [0.0, 0.14285714285714285, 0.2857142857142857, 0.2857142857142857, 0.42857142857142855, 0.6428571428571429, 0.7142857142857143, 0.7142857142857143, 0.6428571428571429, 0.6428571428571429, 1.0, 1.0714285714285714, 0.8571428571428571, 0.8571428571428571, 0.8571428571428571, 0.8571428571428571, 0.8571428571428571, 0.7142857142857143, 0.7857142857142857, 1.2142857142857142, 1.4285714285714286, 1.4285714285714286, 1.6428571428571428, 1.7142857142857142], "time": ["6/21/21", "6/22/21", "6/23/21", "6/24/21", "6/25/21", "6/26/21", "6/27/21", "6/28/21", "6/29/21", "6/30/21", "7/1/21", "7/2/21", "7/3/21", "7/4/21", "7/5/21", "7/6/21", "7/7/21", "7/8/21", "7/9/21", "7/10/21", "7/11/21", "7/12/21", "7/13/21", "7/14/21", "7/15/21", "7/16/21", "7/17/21", "7/18/21", "7/19/21"], "original_values": [-1, 1, 0, 0, 0, 0, 0, 1, 1, 0, 2, 1, 0, 0, 0, 2, 4, -1, 1, 0, 0, 0, 2, 2, 2, 4, 0, 0, 3]}