{"dates": ["6/24/21", "6/25/21", "6/26/21", "6/27/21", "6/28/21", "6/29/21", "6/30/21", "7/1/21", "7/2/21", "7/3/21", "7/4/21", "7/5/21", "7/6/21", "7/7/21", "7/8/21", "7/9/21", "7/10/21", "7/11/21", "7/12/21", "7/13/21", "7/14/21", "7/15/21"], "max_14": 162, "max": 5285, "value": [0.2857142857142857, 0.8571428571428571, 1.5, 1.8571428571428572, 2.4285714285714284, 2.857142857142857, 3.0, 3.0, 2.357142857142857, 1.7857142857142858, 1.8571428571428572, 2.5, 3.7142857142857144, 4.285714285714286, 4.285714285714286, 6.071428571428571, 8.142857142857142, 9.285714285714286, 10.571428571428571, 10.857142857142858, 10.714285714285714, 10.714285714285714, 13.0, 14.785714285714286], "time": ["6/21/21", "6/22/21", "6/23/21", "6/24/21", "6/25/21", "6/26/21", "6/27/21", "6/28/21", "6/29/21", "6/30/21", "7/1/21", "7/2/21", "7/3/21", "7/4/21", "7/5/21", "7/6/21", "7/7/21", "7/8/21", "7/9/21", "7/10/21", "7/11/21", "7/12/21", "7/13/21", "7/14/21", "7/15/21", "7/16/21", "7/17/21", "7/18/21", "7/19/21"], "original_values": [1, 1, 0, 0, 0, 0, 0, 9, 2, 4, 4, 2, 0, 0, 0, 3, 4, 13, 10, 0, 0, 25, 7, 16, 19, 8, 0, 0, 57]}