{"dates": ["6/24/21", "6/25/21", "6/26/21", "6/27/21", "6/28/21", "6/29/21", "6/30/21", "7/1/21", "7/2/21", "7/3/21", "7/4/21", "7/5/21", "7/6/21", "7/7/21", "7/8/21", "7/9/21", "7/10/21", "7/11/21", "7/12/21", "7/13/21", "7/14/21", "7/15/21"], "max_14": 168, "max": 4487, "value": [3.2857142857142856, 3.5, 3.2857142857142856, 2.7857142857142856, 2.642857142857143, 3.142857142857143, 3.4285714285714284, 3.7857142857142856, 4.285714285714286, 4.5, 4.928571428571429, 5.5, 6.0, 7.285714285714286, 8.071428571428571, 7.714285714285714, 8.5, 9.428571428571429, 10.071428571428571, 11.714285714285714, 13.5, 14.714285714285714, 15.785714285714286, 15.285714285714286], "time": ["6/21/21", "6/22/21", "6/23/21", "6/24/21", "6/25/21", "6/26/21", "6/27/21", "6/28/21", "6/29/21", "6/30/21", "7/1/21", "7/2/21", "7/3/21", "7/4/21", "7/5/21", "7/6/21", "7/7/21", "7/8/21", "7/9/21", "7/10/21", "7/11/21", "7/12/21", "7/13/21", "7/14/21", "7/15/21", "7/16/21", "7/17/21", "7/18/21", "7/19/21"], "original_values": [1, 4, 7, 2, 6, 1, 4, 0, 2, 2, 5, 10, 1, 9, 2, 3, 7, 8, 14, 15, 6, 0, 16, 7, 17, 28, 26, 12, 9]}