{"dates": ["6/24/21", "6/25/21", "6/26/21", "6/27/21", "6/28/21", "6/29/21", "6/30/21", "7/1/21", "7/2/21", "7/3/21", "7/4/21", "7/5/21", "7/6/21", "7/7/21", "7/8/21", "7/9/21", "7/10/21", "7/11/21", "7/12/21", "7/13/21", "7/14/21", "7/15/21"], "max_14": 101, "max": 6560, "value": [3.7142857142857144, 2.9285714285714284, 2.2142857142857144, 2.357142857142857, 2.2142857142857144, 1.6428571428571428, 1.2857142857142858, 1.2857142857142858, 0.9285714285714286, 0.8571428571428571, 1.6428571428571428, 2.357142857142857, 2.7857142857142856, 3.0, 3.0, 3.7142857142857144, 4.285714285714286, 3.642857142857143, 3.5714285714285716, 4.785714285714286, 5.571428571428571, 5.571428571428571, 7.785714285714286, 9.928571428571429], "time": ["6/21/21", "6/22/21", "6/23/21", "6/24/21", "6/25/21", "6/26/21", "6/27/21", "6/28/21", "6/29/21", "6/30/21", "7/1/21", "7/2/21", "7/3/21", "7/4/21", "7/5/21", "7/6/21", "7/7/21", "7/8/21", "7/9/21", "7/10/21", "7/11/21", "7/12/21", "7/13/21", "7/14/21", "7/15/21", "7/16/21", "7/17/21", "7/18/21", "7/19/21"], "original_values": [16, -2, 4, 5, 3, 0, 0, 5, -1, 5, 2, -2, 0, 0, 0, 3, 12, 5, 1, 0, 0, 10, 1, 5, 11, 12, 0, 0, 41]}