{"dates": ["6/24/21", "6/25/21", "6/26/21", "6/27/21", "6/28/21", "6/29/21", "6/30/21", "7/1/21", "7/2/21", "7/3/21", "7/4/21", "7/5/21", "7/6/21", "7/7/21", "7/8/21", "7/9/21", "7/10/21", "7/11/21", "7/12/21", "7/13/21", "7/14/21", "7/15/21"], "max_14": 107, "max": 4165, "value": [1.0, 1.6428571428571428, 2.142857142857143, 2.2857142857142856, 2.642857142857143, 2.7857142857142856, 2.857142857142857, 2.857142857142857, 2.0, 1.2142857142857142, 1.2857142857142858, 1.3571428571428572, 2.0714285714285716, 2.7142857142857144, 2.7142857142857144, 3.7857142857142856, 5.357142857142857, 6.642857142857143, 8.0, 8.785714285714286, 9.0, 9.0, 9.714285714285714, 9.857142857142858], "time": ["6/21/21", "6/22/21", "6/23/21", "6/24/21", "6/25/21", "6/26/21", "6/27/21", "6/28/21", "6/29/21", "6/30/21", "7/1/21", "7/2/21", "7/3/21", "7/4/21", "7/5/21", "7/6/21", "7/7/21", "7/8/21", "7/9/21", "7/10/21", "7/11/21", "7/12/21", "7/13/21", "7/14/21", "7/15/21", "7/16/21", "7/17/21", "7/18/21", "7/19/21"], "original_values": [3, 2, 2, 0, 0, 0, 0, 12, 0, 6, 1, 1, 0, 0, 0, 1, 6, 2, 10, 0, 0, 15, 8, 17, 10, 13, 0, 0, 25]}