{"dates": ["6/24/21", "6/25/21", "6/26/21", "6/27/21", "6/28/21", "6/29/21", "6/30/21", "7/1/21", "7/2/21", "7/3/21", "7/4/21", "7/5/21", "7/6/21", "7/7/21", "7/8/21", "7/9/21", "7/10/21", "7/11/21", "7/12/21", "7/13/21", "7/14/21", "7/15/21"], "max_14": 143, "max": 3108, "value": [2.0, 2.5714285714285716, 3.4285714285714284, 2.5714285714285716, 2.5, 3.642857142857143, 3.7142857142857144, 3.7142857142857144, 2.9285714285714284, 1.6428571428571428, 2.0, 3.7857142857142856, 7.214285714285714, 9.714285714285714, 9.714285714285714, 8.785714285714286, 8.5, 8.428571428571429, 8.285714285714286, 8.714285714285714, 8.571428571428571, 8.571428571428571, 10.571428571428571, 11.785714285714286], "time": ["6/21/21", "6/22/21", "6/23/21", "6/24/21", "6/25/21", "6/26/21", "6/27/21", "6/28/21", "6/29/21", "6/30/21", "7/1/21", "7/2/21", "7/3/21", "7/4/21", "7/5/21", "7/6/21", "7/7/21", "7/8/21", "7/9/21", "7/10/21", "7/11/21", "7/12/21", "7/13/21", "7/14/21", "7/15/21", "7/16/21", "7/17/21", "7/18/21", "7/19/21"], "original_values": [3, 5, 15, -9, 0, 0, 0, 11, 9, -1, 6, 1, 0, 0, 0, 2, 11, 19, 36, 0, 0, -13, 11, 1, 27, 34, 0, 0, 15]}