{"dates": ["6/24/21", "6/25/21", "6/26/21", "6/27/21", "6/28/21", "6/29/21", "6/30/21", "7/1/21", "7/2/21", "7/3/21", "7/4/21", "7/5/21", "7/6/21", "7/7/21", "7/8/21", "7/9/21", "7/10/21", "7/11/21", "7/12/21", "7/13/21", "7/14/21", "7/15/21"], "max_14": 214, "max": 4206, "value": [6.0, 7.071428571428571, 8.642857142857142, 9.571428571428571, 9.928571428571429, 9.285714285714286, 8.714285714285714, 8.714285714285714, 8.428571428571429, 6.857142857142857, 6.5, 7.071428571428571, 8.142857142857142, 9.571428571428571, 9.571428571428571, 11.142857142857142, 15.285714285714286, 17.857142857142858, 18.357142857142858, 18.714285714285715, 18.571428571428573, 18.571428571428573, 18.214285714285715, 15.285714285714286], "time": ["6/21/21", "6/22/21", "6/23/21", "6/24/21", "6/25/21", "6/26/21", "6/27/21", "6/28/21", "6/29/21", "6/30/21", "7/1/21", "7/2/21", "7/3/21", "7/4/21", "7/5/21", "7/6/21", "7/7/21", "7/8/21", "7/9/21", "7/10/21", "7/11/21", "7/12/21", "7/13/21", "7/14/21", "7/15/21", "7/16/21", "7/17/21", "7/18/21", "7/19/21"], "original_values": [2, 11, 8, 13, 8, 0, 0, 17, 18, 14, 12, 0, 0, 0, 13, 0, 27, 7, 20, 0, 0, 35, 36, 27, 14, 18, 0, 0, 30]}