{"dates": ["6/24/21", "6/25/21", "6/26/21", "6/27/21", "6/28/21", "6/29/21", "6/30/21", "7/1/21", "7/2/21", "7/3/21", "7/4/21", "7/5/21", "7/6/21", "7/7/21", "7/8/21", "7/9/21", "7/10/21", "7/11/21", "7/12/21", "7/13/21", "7/14/21", "7/15/21"], "max_14": 63, "max": 24976, "value": [3.0, 3.4285714285714284, 3.4285714285714284, 3.142857142857143, 3.357142857142857, 3.4285714285714284, 3.4285714285714284, 3.4285714285714284, 2.7142857142857144, 2.642857142857143, 2.9285714285714284, 2.357142857142857, 3.2142857142857144, 4.285714285714286, 4.285714285714286, 4.285714285714286, 4.357142857142857, 4.428571428571429, 4.428571428571429, 4.571428571428571, 4.714285714285714, 4.714285714285714, 4.714285714285714, 3.642857142857143], "time": ["6/21/21", "6/22/21", "6/23/21", "6/24/21", "6/25/21", "6/26/21", "6/27/21", "6/28/21", "6/29/21", "6/30/21", "7/1/21", "7/2/21", "7/3/21", "7/4/21", "7/5/21", "7/6/21", "7/7/21", "7/8/21", "7/9/21", "7/10/21", "7/11/21", "7/12/21", "7/13/21", "7/14/21", "7/15/21", "7/16/21", "7/17/21", "7/18/21", "7/19/21"], "original_values": [4, 11, 3, 2, 1, 0, 0, 10, 5, 5, 3, 1, 0, 0, 0, 14, 0, 0, 16, 0, 0, 0, 15, 0, 0, 18, 0, 0, 0]}