{"dates": ["6/24/21", "6/25/21", "6/26/21", "6/27/21", "6/28/21", "6/29/21", "6/30/21", "7/1/21", "7/2/21", "7/3/21", "7/4/21", "7/5/21", "7/6/21", "7/7/21", "7/8/21", "7/9/21", "7/10/21", "7/11/21", "7/12/21", "7/13/21", "7/14/21", "7/15/21"], "max_14": 47, "max": 59, "value": [0.7142857142857143, 0.8571428571428571, 0.21428571428571427, -0.21428571428571427, -0.6428571428571429, -2.0714285714285716, -2.5714285714285716, -2.4285714285714284, -2.2142857142857144, -0.5, 0.6428571428571429, -0.6428571428571429, -0.7857142857142857, 0.0, 0.0, 2.2142857142857144, 3.9285714285714284, 0.9285714285714286, -0.35714285714285715, 1.7857142857142858, 2.7142857142857144, 2.7142857142857144, 1.7857142857142858, 0.35714285714285715], "time": ["6/21/21", "6/22/21", "6/23/21", "6/24/21", "6/25/21", "6/26/21", "6/27/21", "6/28/21", "6/29/21", "6/30/21", "7/1/21", "7/2/21", "7/3/21", "7/4/21", "7/5/21", "7/6/21", "7/7/21", "7/8/21", "7/9/21", "7/10/21", "7/11/21", "7/12/21", "7/13/21", "7/14/21", "7/15/21", "7/16/21", "7/17/21", "7/18/21", "7/19/21"], "original_values": [-5, 4, 2, -1, 7, -2, 0, -3, -7, 7, -12, -2, 0, 0, 0, 14, 2, -25, 9, 0, 0, 31, 7, -33, -8, 22, 0, 0, 18]}