{"dates": ["6/24/21", "6/25/21", "6/26/21", "6/27/21", "6/28/21", "6/29/21", "6/30/21", "7/1/21", "7/2/21", "7/3/21", "7/4/21", "7/5/21", "7/6/21", "7/7/21", "7/8/21", "7/9/21", "7/10/21", "7/11/21", "7/12/21", "7/13/21", "7/14/21", "7/15/21"], "max_14": 89, "max": 7977, "value": [1.0, 1.4285714285714286, 2.0714285714285716, 2.4285714285714284, 2.7857142857142856, 3.0, 3.0, 3.0, 2.5714285714285716, 2.642857142857143, 3.0714285714285716, 3.0714285714285716, 3.4285714285714284, 3.7142857142857144, 3.7142857142857144, 4.285714285714286, 4.357142857142857, 4.571428571428571, 5.714285714285714, 6.285714285714286, 6.428571428571429, 6.428571428571429, 7.142857142857143, 7.5], "time": ["6/21/21", "6/22/21", "6/23/21", "6/24/21", "6/25/21", "6/26/21", "6/27/21", "6/28/21", "6/29/21", "6/30/21", "7/1/21", "7/2/21", "7/3/21", "7/4/21", "7/5/21", "7/6/21", "7/7/21", "7/8/21", "7/9/21", "7/10/21", "7/11/21", "7/12/21", "7/13/21", "7/14/21", "7/15/21", "7/16/21", "7/17/21", "7/18/21", "7/19/21"], "original_values": [0, 2, 2, 2, 1, 0, 0, 6, 5, 4, 5, 1, 0, 0, 0, 12, 3, 6, 5, 0, 0, 8, 5, 13, 12, 7, 0, 0, 18]}