{"dates": ["6/24/21", "6/25/21", "6/26/21", "6/27/21", "6/28/21", "6/29/21", "6/30/21", "7/1/21", "7/2/21", "7/3/21", "7/4/21", "7/5/21", "7/6/21", "7/7/21", "7/8/21", "7/9/21", "7/10/21", "7/11/21", "7/12/21", "7/13/21", "7/14/21", "7/15/21"], "max_14": 101, "max": 8512, "value": [0.8571428571428571, 1.2142857142857142, 1.5, 1.2857142857142858, 1.2857142857142858, 1.5714285714285714, 1.7142857142857142, 1.7142857142857142, 1.3571428571428572, 1.6428571428571428, 2.2857142857142856, 3.0, 4.0, 4.285714285714286, 4.285714285714286, 5.285714285714286, 5.928571428571429, 6.142857142857143, 6.571428571428571, 6.357142857142857, 6.285714285714286, 6.285714285714286, 7.214285714285714, 7.785714285714286], "time": ["6/21/21", "6/22/21", "6/23/21", "6/24/21", "6/25/21", "6/26/21", "6/27/21", "6/28/21", "6/29/21", "6/30/21", "7/1/21", "7/2/21", "7/3/21", "7/4/21", "7/5/21", "7/6/21", "7/7/21", "7/8/21", "7/9/21", "7/10/21", "7/11/21", "7/12/21", "7/13/21", "7/14/21", "7/15/21", "7/16/21", "7/17/21", "7/18/21", "7/19/21"], "original_values": [0, 2, 2, 0, 2, 0, 0, 5, 1, 0, 2, 4, 0, 0, 0, 10, 0, 12, 8, 0, 0, 14, 5, 8, 10, 7, 0, 0, 27]}