{"dates": ["6/24/21", "6/25/21", "6/26/21", "6/27/21", "6/28/21", "6/29/21", "6/30/21", "7/1/21", "7/2/21", "7/3/21", "7/4/21", "7/5/21", "7/6/21", "7/7/21", "7/8/21", "7/9/21", "7/10/21", "7/11/21", "7/12/21", "7/13/21", "7/14/21", "7/15/21"], "max_14": 150, "max": 14928, "value": [6.0, 6.0, 6.0, 6.642857142857143, 7.285714285714286, 4.857142857142857, 2.4285714285714284, 2.4285714285714284, 2.0714285714285716, 1.7142857142857142, 2.2142857142857144, 2.7142857142857144, 4.214285714285714, 6.785714285714286, 7.857142857142857, 8.428571428571429, 9.0, 9.214285714285714, 9.571428571428571, 9.214285714285714, 9.285714285714286, 10.785714285714286, 12.071428571428571, 12.428571428571429], "time": ["6/21/21", "6/22/21", "6/23/21", "6/24/21", "6/25/21", "6/26/21", "6/27/21", "6/28/21", "6/29/21", "6/30/21", "7/1/21", "7/2/21", "7/3/21", "7/4/21", "7/5/21", "7/6/21", "7/7/21", "7/8/21", "7/9/21", "7/10/21", "7/11/21", "7/12/21", "7/13/21", "7/14/21", "7/15/21", "7/16/21", "7/17/21", "7/18/21", "7/19/21"], "original_values": [5, 0, 1, 0, 36, 0, 0, 5, 0, 10, 0, 2, 0, 0, 0, 0, 17, 0, 23, 15, 0, 8, 0, 20, 2, 16, 23, 13, 13]}