{"dates": ["6/24/21", "6/25/21", "6/26/21", "6/27/21", "6/28/21", "6/29/21", "6/30/21", "7/1/21", "7/2/21", "7/3/21", "7/4/21", "7/5/21", "7/6/21", "7/7/21", "7/8/21", "7/9/21", "7/10/21", "7/11/21", "7/12/21", "7/13/21", "7/14/21", "7/15/21"], "max_14": 47, "max": 6305, "value": [1.8571428571428572, 2.5714285714285716, 3.7857142857142856, 4.714285714285714, 5.071428571428571, 5.071428571428571, 5.142857142857143, 5.142857142857143, 4.285714285714286, 3.857142857142857, 3.9285714285714284, 3.642857142857143, 3.357142857142857, 3.0, 3.0, 3.142857142857143, 2.642857142857143, 2.0, 1.9285714285714286, 2.2142857142857144, 2.5714285714285716, 2.5714285714285716, 3.0, 3.142857142857143], "time": ["6/21/21", "6/22/21", "6/23/21", "6/24/21", "6/25/21", "6/26/21", "6/27/21", "6/28/21", "6/29/21", "6/30/21", "7/1/21", "7/2/21", "7/3/21", "7/4/21", "7/5/21", "7/6/21", "7/7/21", "7/8/21", "7/9/21", "7/10/21", "7/11/21", "7/12/21", "7/13/21", "7/14/21", "7/15/21", "7/16/21", "7/17/21", "7/18/21", "7/19/21"], "original_values": [2, 0, 3, 2, 6, 0, 0, 12, 7, 9, 1, 7, 0, 0, 0, 13, 4, 2, 2, 0, 0, 2, 4, 4, 1, 7, 0, 0, 8]}