{"dates": ["6/24/21", "6/25/21", "6/26/21", "6/27/21", "6/28/21", "6/29/21", "6/30/21", "7/1/21", "7/2/21", "7/3/21", "7/4/21", "7/5/21", "7/6/21", "7/7/21", "7/8/21", "7/9/21", "7/10/21", "7/11/21", "7/12/21", "7/13/21", "7/14/21", "7/15/21"], "max_14": 165, "max": 10096, "value": [10.285714285714286, 10.0, 9.071428571428571, 8.142857142857142, 8.214285714285714, 8.285714285714286, 7.285714285714286, 6.571428571428571, 6.0, 5.714285714285714, 7.285714285714286, 8.5, 8.571428571428571, 8.714285714285714, 8.714285714285714, 10.5, 11.857142857142858, 11.571428571428571, 11.285714285714286, 11.0, 11.142857142857142, 11.142857142857142, 11.214285714285714, 10.571428571428571], "time": ["6/21/21", "6/22/21", "6/23/21", "6/24/21", "6/25/21", "6/26/21", "6/27/21", "6/28/21", "6/29/21", "6/30/21", "7/1/21", "7/2/21", "7/3/21", "7/4/21", "7/5/21", "7/6/21", "7/7/21", "7/8/21", "7/9/21", "7/10/21", "7/11/21", "7/12/21", "7/13/21", "7/14/21", "7/15/21", "7/16/21", "7/17/21", "7/18/21", "7/19/21"], "original_values": [12, 21, 7, 10, 12, 10, 0, 8, 12, 3, 15, 8, 0, 0, 0, 16, 21, 14, 10, 0, 0, 25, 10, 23, 8, 12, 0, 0, 26]}