{"dates": ["6/24/21", "6/25/21", "6/26/21", "6/27/21", "6/28/21", "6/29/21", "6/30/21", "7/1/21", "7/2/21", "7/3/21", "7/4/21", "7/5/21", "7/6/21", "7/7/21", "7/8/21", "7/9/21", "7/10/21", "7/11/21", "7/12/21", "7/13/21", "7/14/21", "7/15/21"], "max_14": 80, "max": 13356, "value": [2.0714285714285716, 2.2142857142857144, 2.357142857142857, 2.2857142857142856, 1.9285714285714286, 1.5, 1.1428571428571428, 0.9285714285714286, 1.0714285714285714, 1.2857142857142858, 1.2142857142857142, 1.2142857142857142, 1.7142857142857142, 2.5, 3.0, 3.0714285714285716, 3.4285714285714284, 4.214285714285714, 5.571428571428571, 6.642857142857143, 6.642857142857143, 6.857142857142857, 7.785714285714286, 7.928571428571429], "time": ["6/21/21", "6/22/21", "6/23/21", "6/24/21", "6/25/21", "6/26/21", "6/27/21", "6/28/21", "6/29/21", "6/30/21", "7/1/21", "7/2/21", "7/3/21", "7/4/21", "7/5/21", "7/6/21", "7/7/21", "7/8/21", "7/9/21", "7/10/21", "7/11/21", "7/12/21", "7/13/21", "7/14/21", "7/15/21", "7/16/21", "7/17/21", "7/18/21", "7/19/21"], "original_values": [0, 0, 3, 4, 2, 5, 1, 1, 1, 1, 1, -1, 3, 0, 4, 1, 0, 2, 5, 8, 2, 3, 7, 5, 16, 6, 7, 6, 12]}