{"dates": ["6/24/21", "6/25/21", "6/26/21", "6/27/21", "6/28/21", "6/29/21", "6/30/21", "7/1/21", "7/2/21", "7/3/21", "7/4/21", "7/5/21", "7/6/21", "7/7/21", "7/8/21", "7/9/21", "7/10/21", "7/11/21", "7/12/21", "7/13/21", "7/14/21", "7/15/21"], "max_14": 113, "max": 2146, "value": [1.6428571428571428, 1.7142857142857142, 1.7142857142857142, 1.9285714285714286, 2.7857142857142856, 3.5714285714285716, 3.9285714285714284, 4.285714285714286, 5.071428571428571, 5.5, 5.428571428571429, 5.428571428571429, 5.5, 6.357142857142857, 7.142857142857143, 6.5, 6.714285714285714, 8.428571428571429, 9.285714285714286, 10.357142857142858, 10.857142857142858, 10.357142857142858, 10.357142857142858, 9.428571428571429], "time": ["6/21/21", "6/22/21", "6/23/21", "6/24/21", "6/25/21", "6/26/21", "6/27/21", "6/28/21", "6/29/21", "6/30/21", "7/1/21", "7/2/21", "7/3/21", "7/4/21", "7/5/21", "7/6/21", "7/7/21", "7/8/21", "7/9/21", "7/10/21", "7/11/21", "7/12/21", "7/13/21", "7/14/21", "7/15/21", "7/16/21", "7/17/21", "7/18/21", "7/19/21"], "original_values": [2, 3, 0, 2, 3, 1, 1, 2, 3, 3, 11, 5, 4, 3, 11, 0, 5, 9, 8, 13, 5, 0, 14, 15, 11, 21, 7, 4, 1]}