{"dates": ["6/24/21", "6/25/21", "6/26/21", "6/27/21", "6/28/21", "6/29/21", "6/30/21", "7/1/21", "7/2/21", "7/3/21", "7/4/21", "7/5/21", "7/6/21", "7/7/21", "7/8/21", "7/9/21", "7/10/21", "7/11/21", "7/12/21", "7/13/21", "7/14/21", "7/15/21"], "max_14": 87, "max": 10016, "value": [5.0, 6.142857142857143, 7.428571428571429, 7.857142857142857, 8.071428571428571, 7.642857142857143, 7.285714285714286, 7.285714285714286, 5.571428571428571, 4.642857142857143, 4.928571428571429, 5.214285714285714, 6.214285714285714, 6.428571428571429, 6.428571428571429, 6.857142857142857, 6.428571428571429, 5.571428571428571, 4.571428571428571, 3.5, 3.4285714285714284, 3.4285714285714284, 4.285714285714286, 4.714285714285714], "time": ["6/21/21", "6/22/21", "6/23/21", "6/24/21", "6/25/21", "6/26/21", "6/27/21", "6/28/21", "6/29/21", "6/30/21", "7/1/21", "7/2/21", "7/3/21", "7/4/21", "7/5/21", "7/6/21", "7/7/21", "7/8/21", "7/9/21", "7/10/21", "7/11/21", "7/12/21", "7/13/21", "7/14/21", "7/15/21", "7/16/21", "7/17/21", "7/18/21", "7/19/21"], "original_values": [8, 5, 6, 6, 10, 0, 0, 24, 7, 10, 5, 5, 0, 0, 0, 18, 3, 16, 8, 0, 0, 6, 6, 3, 2, 7, 0, 0, 18]}