{"dates": ["6/24/21", "6/25/21", "6/26/21", "6/27/21", "6/28/21", "6/29/21", "6/30/21", "7/1/21", "7/2/21", "7/3/21", "7/4/21", "7/5/21", "7/6/21", "7/7/21", "7/8/21", "7/9/21", "7/10/21", "7/11/21", "7/12/21", "7/13/21", "7/14/21", "7/15/21"], "max_14": 366, "max": 9982, "value": [11.928571428571429, 12.642857142857142, 12.142857142857142, 11.714285714285714, 11.642857142857142, 12.785714285714286, 13.285714285714286, 12.285714285714286, 12.857142857142858, 14.285714285714286, 16.5, 18.928571428571427, 20.5, 23.142857142857142, 24.928571428571427, 23.571428571428573, 23.571428571428573, 24.642857142857142, 26.214285714285715, 27.357142857142858, 26.285714285714285, 27.285714285714285, 29.357142857142858, 27.928571428571427], "time": ["6/21/21", "6/22/21", "6/23/21", "6/24/21", "6/25/21", "6/26/21", "6/27/21", "6/28/21", "6/29/21", "6/30/21", "7/1/21", "7/2/21", "7/3/21", "7/4/21", "7/5/21", "7/6/21", "7/7/21", "7/8/21", "7/9/21", "7/10/21", "7/11/21", "7/12/21", "7/13/21", "7/14/21", "7/15/21", "7/16/21", "7/17/21", "7/18/21", "7/19/21"], "original_values": [8, 9, 20, 19, 11, 10, 13, 5, 5, 18, 20, 26, 2, 7, 19, 11, 43, 29, 39, 26, 8, -1, 31, 38, 56, 28, 22, 26, 10]}