{"dates": ["6/24/21", "6/25/21", "6/26/21", "6/27/21", "6/28/21", "6/29/21", "6/30/21", "7/1/21", "7/2/21", "7/3/21", "7/4/21", "7/5/21", "7/6/21", "7/7/21", "7/8/21", "7/9/21", "7/10/21", "7/11/21", "7/12/21", "7/13/21", "7/14/21", "7/15/21"], "max_14": 92, "max": 4793, "value": [-4.0, -4.0, -2.5714285714285716, 1.7142857142857142, 4.714285714285714, 4.928571428571429, 4.785714285714286, 4.571428571428571, 4.571428571428571, 4.285714285714286, 3.9285714285714284, 3.857142857142857, 3.7142857142857144, 4.0, 4.428571428571429, 4.428571428571429, 5.0, 6.214285714285714, 7.071428571428571, 7.5, 8.214285714285714, 8.714285714285714, 8.714285714285714, 7.0], "time": ["6/21/21", "6/22/21", "6/23/21", "6/24/21", "6/25/21", "6/26/21", "6/27/21", "6/28/21", "6/29/21", "6/30/21", "7/1/21", "7/2/21", "7/3/21", "7/4/21", "7/5/21", "7/6/21", "7/7/21", "7/8/21", "7/9/21", "7/10/21", "7/11/21", "7/12/21", "7/13/21", "7/14/21", "7/15/21", "7/16/21", "7/17/21", "7/18/21", "7/19/21"], "original_values": [0, 0, -37, 4, 2, 3, 0, 0, 20, 3, 6, 3, 0, 0, 0, 16, 2, 6, 1, 6, 0, 0, 24, 11, 9, 4, 13, 0, 0]}