{"dates": ["6/24/21", "6/25/21", "6/26/21", "6/27/21", "6/28/21", "6/29/21", "6/30/21", "7/1/21", "7/2/21", "7/3/21", "7/4/21", "7/5/21", "7/6/21", "7/7/21", "7/8/21", "7/9/21", "7/10/21", "7/11/21", "7/12/21", "7/13/21", "7/14/21", "7/15/21"], "max_14": 194, "max": 17956, "value": [4.428571428571429, 5.357142857142857, 6.642857142857143, 7.571428571428571, 7.785714285714286, 7.214285714285714, 7.0, 7.0, 5.571428571428571, 5.142857142857143, 5.785714285714286, 5.928571428571429, 7.071428571428571, 7.714285714285714, 7.714285714285714, 9.357142857142858, 10.285714285714286, 11.071428571428571, 12.785714285714286, 13.142857142857142, 13.285714285714286, 13.285714285714286, 15.0, 15.857142857142858], "time": ["6/21/21", "6/22/21", "6/23/21", "6/24/21", "6/25/21", "6/26/21", "6/27/21", "6/28/21", "6/29/21", "6/30/21", "7/1/21", "7/2/21", "7/3/21", "7/4/21", "7/5/21", "7/6/21", "7/7/21", "7/8/21", "7/9/21", "7/10/21", "7/11/21", "7/12/21", "7/13/21", "7/14/21", "7/15/21", "7/16/21", "7/17/21", "7/18/21", "7/19/21"], "original_values": [7, 3, 4, 10, 7, 0, 0, 20, 8, 12, 5, 4, 0, 0, 0, 22, 7, 12, 13, 0, 0, 23, 12, 28, 15, 15, 0, 0, 47]}