{"dates": ["6/24/21", "6/25/21", "6/26/21", "6/27/21", "6/28/21", "6/29/21", "6/30/21", "7/1/21", "7/2/21", "7/3/21", "7/4/21", "7/5/21", "7/6/21", "7/7/21", "7/8/21", "7/9/21", "7/10/21", "7/11/21", "7/12/21", "7/13/21", "7/14/21", "7/15/21"], "max_14": 25, "max": 9329, "value": [6.214285714285714, 6.142857142857143, 5.428571428571429, 4.571428571428571, 3.4285714285714284, 2.4285714285714284, 2.142857142857143, 1.7857142857142858, 1.8571428571428572, 2.4285714285714284, 2.5714285714285716, 2.5, 2.142857142857143, 1.6428571428571428, 1.7857142857142858, 2.0, 1.8571428571428572, 1.7857142857142858, 1.4285714285714286, 1.3571428571428572, 1.7857142857142858, 2.0, 1.5714285714285714, 0.9285714285714286], "time": ["6/21/21", "6/22/21", "6/23/21", "6/24/21", "6/25/21", "6/26/21", "6/27/21", "6/28/21", "6/29/21", "6/30/21", "7/1/21", "7/2/21", "7/3/21", "7/4/21", "7/5/21", "7/6/21", "7/7/21", "7/8/21", "7/9/21", "7/10/21", "7/11/21", "7/12/21", "7/13/21", "7/14/21", "7/15/21", "7/16/21", "7/17/21", "7/18/21", "7/19/21"], "original_values": [2, 7, 9, 11, 8, 5, 3, -2, 1, 3, 1, 4, 5, -2, 4, 3, 3, 0, 0, 2, 3, 2, 3, 2, -4, 3, 5, 3, -4]}