{"dates": ["6/24/21", "6/25/21", "6/26/21", "6/27/21", "6/28/21", "6/29/21", "6/30/21", "7/1/21", "7/2/21", "7/3/21", "7/4/21", "7/5/21", "7/6/21", "7/7/21", "7/8/21", "7/9/21", "7/10/21", "7/11/21", "7/12/21", "7/13/21", "7/14/21", "7/15/21"], "max_14": 46, "max": 2699, "value": [0.5, 0.7142857142857143, 0.8571428571428571, 1.0, 1.2142857142857142, 1.6428571428571428, 1.9285714285714286, 1.7857142857142858, 1.5714285714285714, 1.6428571428571428, 1.7857142857142858, 2.0, 2.2142857142857144, 2.142857142857143, 2.142857142857143, 2.5714285714285716, 2.9285714285714284, 3.0, 2.857142857142857, 2.4285714285714284, 2.2857142857142856, 2.2857142857142856, 2.9285714285714284, 3.357142857142857], "time": ["6/21/21", "6/22/21", "6/23/21", "6/24/21", "6/25/21", "6/26/21", "6/27/21", "6/28/21", "6/29/21", "6/30/21", "7/1/21", "7/2/21", "7/3/21", "7/4/21", "7/5/21", "7/6/21", "7/7/21", "7/8/21", "7/9/21", "7/10/21", "7/11/21", "7/12/21", "7/13/21", "7/14/21", "7/15/21", "7/16/21", "7/17/21", "7/18/21", "7/19/21"], "original_values": [0, 1, 0, 0, 1, 1, 1, 2, 1, 2, 1, 6, 0, 0, 0, 4, 1, 5, 5, 0, 0, 6, 3, 3, 1, 3, 0, 0, 15]}