{"dates": ["6/24/21", "6/25/21", "6/26/21", "6/27/21", "6/28/21", "6/29/21", "6/30/21", "7/1/21", "7/2/21", "7/3/21", "7/4/21", "7/5/21", "7/6/21", "7/7/21", "7/8/21", "7/9/21", "7/10/21", "7/11/21", "7/12/21", "7/13/21", "7/14/21", "7/15/21"], "max_14": 356, "max": 30958, "value": [29.714285714285715, 30.928571428571427, 31.285714285714285, 24.928571428571427, 18.5, 19.357142857142858, 20.0, 19.5, 18.785714285714285, 17.928571428571427, 17.571428571428573, 17.0, 20.857142857142858, 25.785714285714285, 27.071428571428573, 28.142857142857142, 30.0, 32.357142857142854, 33.785714285714285, 29.285714285714285, 23.357142857142858, 21.928571428571427, 21.857142857142858, 20.071428571428573], "time": ["6/21/21", "6/22/21", "6/23/21", "6/24/21", "6/25/21", "6/26/21", "6/27/21", "6/28/21", "6/29/21", "6/30/21", "7/1/21", "7/2/21", "7/3/21", "7/4/21", "7/5/21", "7/6/21", "7/7/21", "7/8/21", "7/9/21", "7/10/21", "7/11/21", "7/12/21", "7/13/21", "7/14/21", "7/15/21", "7/16/21", "7/17/21", "7/18/21", "7/19/21"], "original_values": [11, 16, 112, 25, 10, 27, 14, 14, 18, 21, 26, 21, 25, 9, 9, 11, 23, 16, 85, 30, 22, 11, 35, 32, 27, 11, 21, 11, 21]}