{"dates": ["6/24/21", "6/25/21", "6/26/21", "6/27/21", "6/28/21", "6/29/21", "6/30/21", "7/1/21", "7/2/21", "7/3/21", "7/4/21", "7/5/21", "7/6/21", "7/7/21", "7/8/21", "7/9/21", "7/10/21", "7/11/21", "7/12/21", "7/13/21", "7/14/21", "7/15/21"], "max_14": 97, "max": 874, "value": [3.0, 3.4285714285714284, 4.142857142857143, 4.285714285714286, 3.7857142857142856, 3.2857142857142856, 3.142857142857143, 3.142857142857143, 3.2857142857142856, 3.0714285714285716, 3.0, 3.7142857142857144, 4.285714285714286, 4.428571428571429, 4.428571428571429, 5.0, 7.142857142857143, 9.214285714285714, 9.642857142857142, 9.428571428571429, 9.285714285714286, 9.285714285714286, 8.785714285714286, 6.642857142857143], "time": ["6/21/21", "6/22/21", "6/23/21", "6/24/21", "6/25/21", "6/26/21", "6/27/21", "6/28/21", "6/29/21", "6/30/21", "7/1/21", "7/2/21", "7/3/21", "7/4/21", "7/5/21", "7/6/21", "7/7/21", "7/8/21", "7/9/21", "7/10/21", "7/11/21", "7/12/21", "7/13/21", "7/14/21", "7/15/21", "7/16/21", "7/17/21", "7/18/21", "7/19/21"], "original_values": [0, 2, 3, 10, 6, 0, 0, 6, 6, 1, 5, 4, 0, 0, 8, 1, 5, 11, 6, 0, 0, 16, 23, 12, 10, 4, 0, 0, 9]}