{"dates": ["6/24/21", "6/25/21", "6/26/21", "6/27/21", "6/28/21", "6/29/21", "6/30/21", "7/1/21", "7/2/21", "7/3/21", "7/4/21", "7/5/21", "7/6/21", "7/7/21", "7/8/21", "7/9/21", "7/10/21", "7/11/21", "7/12/21", "7/13/21", "7/14/21", "7/15/21"], "max_14": 866, "max": 31209, "value": [15.285714285714286, 16.857142857142858, 18.428571428571427, 18.285714285714285, 19.214285714285715, 20.714285714285715, 21.142857142857142, 21.142857142857142, 17.0, 19.714285714285715, 26.857142857142858, 27.285714285714285, 29.142857142857142, 30.857142857142858, 30.857142857142858, 42.07142857142857, 48.714285714285715, 47.357142857142854, 52.92857142857143, 57.142857142857146, 59.0, 59.0, 64.71428571428571, 67.28571428571429], "time": ["6/21/21", "6/22/21", "6/23/21", "6/24/21", "6/25/21", "6/26/21", "6/27/21", "6/28/21", "6/29/21", "6/30/21", "7/1/21", "7/2/21", "7/3/21", "7/4/21", "7/5/21", "7/6/21", "7/7/21", "7/8/21", "7/9/21", "7/10/21", "7/11/21", "7/12/21", "7/13/21", "7/14/21", "7/15/21", "7/16/21", "7/17/21", "7/18/21", "7/19/21"], "original_values": [36, 12, 22, 24, 13, 0, 0, 58, 12, 20, 39, 19, 0, 0, 0, 108, 24, 41, 43, 0, 0, 157, 44, 69, 74, 69, 0, 0, 237]}