{"dates": ["6/24/21", "6/25/21", "6/26/21", "6/27/21", "6/28/21", "6/29/21", "6/30/21", "7/1/21", "7/2/21", "7/3/21", "7/4/21", "7/5/21", "7/6/21", "7/7/21", "7/8/21", "7/9/21", "7/10/21", "7/11/21", "7/12/21", "7/13/21", "7/14/21", "7/15/21"], "max_14": 60, "max": 2486, "value": [2.0, 2.357142857142857, 2.5714285714285716, 1.8571428571428572, 1.5, 1.7857142857142858, 1.8571428571428572, 1.8571428571428572, 2.4285714285714284, 3.0714285714285716, 3.4285714285714284, 3.857142857142857, 4.214285714285714, 4.428571428571429, 4.428571428571429, 4.571428571428571, 5.071428571428571, 5.214285714285714, 4.714285714285714, 4.5, 4.571428571428571, 4.571428571428571, 4.214285714285714, 3.357142857142857], "time": ["6/21/21", "6/22/21", "6/23/21", "6/24/21", "6/25/21", "6/26/21", "6/27/21", "6/28/21", "6/29/21", "6/30/21", "7/1/21", "7/2/21", "7/3/21", "7/4/21", "7/5/21", "7/6/21", "7/7/21", "7/8/21", "7/9/21", "7/10/21", "7/11/21", "7/12/21", "7/13/21", "7/14/21", "7/15/21", "7/16/21", "7/17/21", "7/18/21", "7/19/21"], "original_values": [0, 3, 9, 1, 1, 0, 0, 5, 1, 1, 4, 2, 0, 0, 13, 2, 5, 6, 5, 0, 0, 15, 7, 2, 2, 6, 0, 0, 10]}