{"dates": ["6/24/21", "6/25/21", "6/26/21", "6/27/21", "6/28/21", "6/29/21", "6/30/21", "7/1/21", "7/2/21", "7/3/21", "7/4/21", "7/5/21", "7/6/21", "7/7/21", "7/8/21", "7/9/21", "7/10/21", "7/11/21", "7/12/21", "7/13/21", "7/14/21", "7/15/21"], "max_14": 99, "max": 11072, "value": [1.7142857142857142, 1.5714285714285714, 1.5714285714285714, 1.8571428571428572, 1.8571428571428572, 2.2857142857142856, 2.857142857142857, 2.857142857142857, 4.214285714285714, 5.642857142857143, 5.714285714285714, 6.428571428571429, 6.857142857142857, 6.571428571428571, 6.571428571428571, 6.214285714285714, 5.928571428571429, 6.0, 5.571428571428571, 5.428571428571429, 5.714285714285714, 5.714285714285714, 7.0, 8.0], "time": ["6/21/21", "6/22/21", "6/23/21", "6/24/21", "6/25/21", "6/26/21", "6/27/21", "6/28/21", "6/29/21", "6/30/21", "7/1/21", "7/2/21", "7/3/21", "7/4/21", "7/5/21", "7/6/21", "7/7/21", "7/8/21", "7/9/21", "7/10/21", "7/11/21", "7/12/21", "7/13/21", "7/14/21", "7/15/21", "7/16/21", "7/17/21", "7/18/21", "7/19/21"], "original_values": [7, 0, -1, 5, 1, 0, 0, 5, 2, 1, 3, 9, 0, 0, 24, 3, 1, 13, 5, 0, 0, 19, 4, 1, 7, 9, 0, 0, 37]}