{"dates": ["6/24/21", "6/25/21", "6/26/21", "6/27/21", "6/28/21", "6/29/21", "6/30/21", "7/1/21", "7/2/21", "7/3/21", "7/4/21", "7/5/21", "7/6/21", "7/7/21", "7/8/21", "7/9/21", "7/10/21", "7/11/21", "7/12/21", "7/13/21", "7/14/21", "7/15/21"], "max_14": 820, "max": 70852, "value": [31.142857142857142, 32.142857142857146, 29.714285714285715, 28.285714285714285, 28.071428571428573, 24.928571428571427, 24.0, 24.0, 21.928571428571427, 15.5, 17.928571428571427, 24.928571428571427, 28.785714285714285, 32.42857142857143, 32.42857142857143, 34.785714285714285, 48.857142857142854, 59.642857142857146, 60.5, 67.71428571428571, 73.14285714285714, 73.14285714285714, 76.57142857142857, 67.28571428571429], "time": ["6/21/21", "6/22/21", "6/23/21", "6/24/21", "6/25/21", "6/26/21", "6/27/21", "6/28/21", "6/29/21", "6/30/21", "7/1/21", "7/2/21", "7/3/21", "7/4/21", "7/5/21", "7/6/21", "7/7/21", "7/8/21", "7/9/21", "7/10/21", "7/11/21", "7/12/21", "7/13/21", "7/14/21", "7/15/21", "7/16/21", "7/17/21", "7/18/21", "7/19/21"], "original_values": [15, 123, 14, 47, 19, 0, 0, 29, 75, 42, 16, 6, 0, 0, 0, 14, 137, 19, 57, 0, 0, 33, 178, 124, 44, 133, 0, 0, 81]}