{"dates": ["6/24/21", "6/25/21", "6/26/21", "6/27/21", "6/28/21", "6/29/21", "6/30/21", "7/1/21", "7/2/21", "7/3/21", "7/4/21", "7/5/21", "7/6/21", "7/7/21", "7/8/21", "7/9/21", "7/10/21", "7/11/21", "7/12/21", "7/13/21", "7/14/21", "7/15/21"], "max_14": 5540, "max": 152450, "value": [98.14285714285714, 98.14285714285714, 98.14285714285714, 98.14285714285714, 98.14285714285714, 134.64285714285714, 171.14285714285714, 171.14285714285714, 171.14285714285714, 171.14285714285714, 171.14285714285714, 171.14285714285714, 220.0, 268.85714285714283, 268.85714285714283, 268.85714285714283, 268.85714285714283, 268.85714285714283, 268.85714285714283, 395.7142857142857, 522.5714285714286, 522.5714285714286, 522.5714285714286, 522.5714285714286], "time": ["6/21/21", "6/22/21", "6/23/21", "6/24/21", "6/25/21", "6/26/21", "6/27/21", "6/28/21", "6/29/21", "6/30/21", "7/1/21", "7/2/21", "7/3/21", "7/4/21", "7/5/21", "7/6/21", "7/7/21", "7/8/21", "7/9/21", "7/10/21", "7/11/21", "7/12/21", "7/13/21", "7/14/21", "7/15/21", "7/16/21", "7/17/21", "7/18/21", "7/19/21"], "original_values": [0, 0, 0, 0, 687, 0, 0, 0, 0, 0, 0, 1198, 0, 0, 0, 0, 0, 0, 1882, 0, 0, 0, 0, 0, 0, 3658, 0, 0, 0]}