{"dates": ["6/24/21", "6/25/21", "6/26/21", "6/27/21", "6/28/21", "6/29/21", "6/30/21", "7/1/21", "7/2/21", "7/3/21", "7/4/21", "7/5/21", "7/6/21", "7/7/21", "7/8/21", "7/9/21", "7/10/21", "7/11/21", "7/12/21", "7/13/21", "7/14/21", "7/15/21"], "max_14": 98, "max": 5755, "value": [1.2857142857142858, 1.2857142857142858, 1.5714285714285714, 2.2142857142857144, 2.5714285714285716, 2.357142857142857, 2.0714285714285716, 2.0, 2.0, 2.5, 2.7857142857142856, 2.5714285714285716, 2.7857142857142856, 3.0, 3.0, 4.142857142857143, 5.5, 6.142857142857143, 7.142857142857143, 7.928571428571429, 8.142857142857142, 8.142857142857142, 8.428571428571429, 7.5], "time": ["6/21/21", "6/22/21", "6/23/21", "6/24/21", "6/25/21", "6/26/21", "6/27/21", "6/28/21", "6/29/21", "6/30/21", "7/1/21", "7/2/21", "7/3/21", "7/4/21", "7/5/21", "7/6/21", "7/7/21", "7/8/21", "7/9/21", "7/10/21", "7/11/21", "7/12/21", "7/13/21", "7/14/21", "7/15/21", "7/16/21", "7/17/21", "7/18/21", "7/19/21"], "original_values": [0, 3, 1, 0, 4, 1, 0, 0, 7, 6, 0, 1, 0, 0, 0, 14, 3, 0, 4, 0, 0, 16, 17, 9, 8, 7, 0, 0, 20]}