{"dates": ["6/24/21", "6/25/21", "6/26/21", "6/27/21", "6/28/21", "6/29/21", "6/30/21", "7/1/21", "7/2/21", "7/3/21", "7/4/21", "7/5/21", "7/6/21", "7/7/21", "7/8/21", "7/9/21", "7/10/21", "7/11/21", "7/12/21", "7/13/21", "7/14/21", "7/15/21"], "max_14": 783, "max": 111894, "value": [23.714285714285715, 29.714285714285715, 35.714285714285715, 33.07142857142857, 30.428571428571427, 26.857142857142858, 23.285714285714285, 23.285714285714285, 16.071428571428573, 8.857142857142858, 19.642857142857142, 30.428571428571427, 31.642857142857142, 32.857142857142854, 32.857142857142854, 39.714285714285715, 46.57142857142857, 44.57142857142857, 42.57142857142857, 46.0, 49.42857142857143, 49.42857142857143, 57.357142857142854, 65.28571428571429], "time": ["6/21/21", "6/22/21", "6/23/21", "6/24/21", "6/25/21", "6/26/21", "6/27/21", "6/28/21", "6/29/21", "6/30/21", "7/1/21", "7/2/21", "7/3/21", "7/4/21", "7/5/21", "7/6/21", "7/7/21", "7/8/21", "7/9/21", "7/10/21", "7/11/21", "7/12/21", "7/13/21", "7/14/21", "7/15/21", "7/16/21", "7/17/21", "7/18/21", "7/19/21"], "original_values": [17, 0, 48, 0, 101, 0, 0, 101, 0, 11, 0, 51, 0, 0, 0, 0, 162, 0, 68, 0, 0, 96, 0, 134, 0, 116, 0, 0, 207]}