{"dates": ["6/24/21", "6/25/21", "6/26/21", "6/27/21", "6/28/21", "6/29/21", "6/30/21", "7/1/21", "7/2/21", "7/3/21", "7/4/21", "7/5/21", "7/6/21", "7/7/21", "7/8/21", "7/9/21", "7/10/21", "7/11/21", "7/12/21", "7/13/21", "7/14/21", "7/15/21"], "max_14": 84, "max": 6238, "value": [1.8571428571428572, 1.9285714285714286, 1.9285714285714286, 1.7142857142857142, 1.5714285714285714, 1.4285714285714286, 1.2857142857142858, 1.2857142857142858, 0.8571428571428571, 1.6428571428571428, 2.642857142857143, 2.857142857142857, 3.5, 3.7142857142857144, 3.7142857142857144, 4.642857142857143, 4.571428571428571, 3.7142857142857144, 3.857142857142857, 4.357142857142857, 4.857142857142857, 4.857142857142857, 5.642857142857143, 6.142857142857143], "time": ["6/21/21", "6/22/21", "6/23/21", "6/24/21", "6/25/21", "6/26/21", "6/27/21", "6/28/21", "6/29/21", "6/30/21", "7/1/21", "7/2/21", "7/3/21", "7/4/21", "7/5/21", "7/6/21", "7/7/21", "7/8/21", "7/9/21", "7/10/21", "7/11/21", "7/12/21", "7/13/21", "7/14/21", "7/15/21", "7/16/21", "7/17/21", "7/18/21", "7/19/21"], "original_values": [5, 2, 4, 1, 1, 0, 0, 6, 1, 2, 1, -1, 0, 0, 0, 18, -1, 7, 2, 0, 0, 13, 4, 1, 7, 9, 0, 0, 24]}