{"dates": ["6/24/21", "6/25/21", "6/26/21", "6/27/21", "6/28/21", "6/29/21", "6/30/21", "7/1/21", "7/2/21", "7/3/21", "7/4/21", "7/5/21", "7/6/21", "7/7/21", "7/8/21", "7/9/21", "7/10/21", "7/11/21", "7/12/21", "7/13/21", "7/14/21", "7/15/21"], "max_14": 126, "max": 7498, "value": [2.142857142857143, 2.5714285714285716, 3.0, 2.9285714285714284, 2.857142857142857, 2.7857142857142856, 2.7142857142857144, 2.7142857142857144, 2.0714285714285716, 1.4285714285714286, 2.7857142857142856, 4.142857142857143, 4.928571428571429, 6.357142857142857, 7.0, 8.142857142857142, 9.285714285714286, 8.142857142857142, 8.214285714285714, 9.285714285714286, 9.357142857142858, 9.785714285714286, 9.357142857142858, 8.714285714285714], "time": ["6/21/21", "6/22/21", "6/23/21", "6/24/21", "6/25/21", "6/26/21", "6/27/21", "6/28/21", "6/29/21", "6/30/21", "7/1/21", "7/2/21", "7/3/21", "7/4/21", "7/5/21", "7/6/21", "7/7/21", "7/8/21", "7/9/21", "7/10/21", "7/11/21", "7/12/21", "7/13/21", "7/14/21", "7/15/21", "7/16/21", "7/17/21", "7/18/21", "7/19/21"], "original_values": [3, 0, 10, 0, 2, 0, 0, 9, 0, 9, 0, 1, 0, 0, 0, 0, 28, 0, 12, 9, 0, 16, 0, 12, 17, 10, 12, 3, 7]}