{"dates": ["6/24/21", "6/25/21", "6/26/21", "6/27/21", "6/28/21", "6/29/21", "6/30/21", "7/1/21", "7/2/21", "7/3/21", "7/4/21", "7/5/21", "7/6/21", "7/7/21", "7/8/21", "7/9/21", "7/10/21", "7/11/21", "7/12/21", "7/13/21", "7/14/21", "7/15/21"], "max_14": 284, "max": 22955, "value": [4.0, 6.0, 8.5, 10.142857142857142, 11.857142857142858, 12.428571428571429, 12.428571428571429, 12.428571428571429, 10.214285714285714, 11.428571428571429, 14.714285714285714, 14.928571428571429, 16.357142857142858, 17.428571428571427, 17.428571428571427, 20.5, 20.642857142857142, 18.0, 17.928571428571427, 16.928571428571427, 16.285714285714285, 16.285714285714285, 16.642857142857142, 16.0], "time": ["6/21/21", "6/22/21", "6/23/21", "6/24/21", "6/25/21", "6/26/21", "6/27/21", "6/28/21", "6/29/21", "6/30/21", "7/1/21", "7/2/21", "7/3/21", "7/4/21", "7/5/21", "7/6/21", "7/7/21", "7/8/21", "7/9/21", "7/10/21", "7/11/21", "7/12/21", "7/13/21", "7/14/21", "7/15/21", "7/16/21", "7/17/21", "7/18/21", "7/19/21"], "original_values": [3, 0, 6, 10, 9, 0, 0, 31, 7, 22, 18, 9, 0, 0, 0, 55, 20, 23, 24, 0, 0, 43, 14, 24, 18, 15, 0, 0, 48]}