{"dates": ["6/24/21", "6/25/21", "6/26/21", "6/27/21", "6/28/21", "6/29/21", "6/30/21", "7/1/21", "7/2/21", "7/3/21", "7/4/21", "7/5/21", "7/6/21", "7/7/21", "7/8/21", "7/9/21", "7/10/21", "7/11/21", "7/12/21", "7/13/21", "7/14/21", "7/15/21"], "max_14": 152, "max": 18679, "value": [4.142857142857143, 4.714285714285714, 5.214285714285714, 5.214285714285714, 5.142857142857143, 4.428571428571429, 3.857142857142857, 3.857142857142857, 2.857142857142857, 2.5714285714285716, 3.142857142857143, 3.857142857142857, 5.142857142857143, 5.571428571428571, 5.571428571428571, 6.857142857142857, 8.0, 8.571428571428571, 8.642857142857142, 8.571428571428571, 9.142857142857142, 9.142857142857142, 11.357142857142858, 12.785714285714286], "time": ["6/21/21", "6/22/21", "6/23/21", "6/24/21", "6/25/21", "6/26/21", "6/27/21", "6/28/21", "6/29/21", "6/30/21", "7/1/21", "7/2/21", "7/3/21", "7/4/21", "7/5/21", "7/6/21", "7/7/21", "7/8/21", "7/9/21", "7/10/21", "7/11/21", "7/12/21", "7/13/21", "7/14/21", "7/15/21", "7/16/21", "7/17/21", "7/18/21", "7/19/21"], "original_values": [6, 4, 5, 6, 8, 0, 0, 14, 3, 6, 4, 0, 0, 0, 0, 13, 4, 16, 6, 0, 0, 18, 11, 14, 7, 14, 0, 0, 49]}