{"dates": ["6/24/21", "6/25/21", "6/26/21", "6/27/21", "6/28/21", "6/29/21", "6/30/21", "7/1/21", "7/2/21", "7/3/21", "7/4/21", "7/5/21", "7/6/21", "7/7/21", "7/8/21", "7/9/21", "7/10/21", "7/11/21", "7/12/21", "7/13/21", "7/14/21", "7/15/21"], "max_14": 98, "max": 5855, "value": [2.142857142857143, 2.142857142857143, 2.0714285714285716, 1.9285714285714286, 1.8571428571428572, 1.7857142857142858, 1.5714285714285714, 1.4285714285714286, 1.2857142857142858, 1.3571428571428572, 1.7857142857142858, 2.4285714285714284, 3.5, 5.214285714285714, 6.5, 7.428571428571429, 8.0, 7.928571428571429, 8.214285714285714, 8.428571428571429, 7.571428571428571, 6.571428571428571, 6.142857142857143, 5.5], "time": ["6/21/21", "6/22/21", "6/23/21", "6/24/21", "6/25/21", "6/26/21", "6/27/21", "6/28/21", "6/29/21", "6/30/21", "7/1/21", "7/2/21", "7/3/21", "7/4/21", "7/5/21", "7/6/21", "7/7/21", "7/8/21", "7/9/21", "7/10/21", "7/11/21", "7/12/21", "7/13/21", "7/14/21", "7/15/21", "7/16/21", "7/17/21", "7/18/21", "7/19/21"], "original_values": [2, 5, 2, 2, 1, 3, 0, 2, 4, 1, 2, 0, 1, 0, 0, 7, 4, 8, 9, 16, 3, 10, 5, 5, 11, 9, 4, 1, 6]}