{"dates": ["6/24/21", "6/25/21", "6/26/21", "6/27/21", "6/28/21", "6/29/21", "6/30/21", "7/1/21", "7/2/21", "7/3/21", "7/4/21", "7/5/21", "7/6/21", "7/7/21", "7/8/21", "7/9/21", "7/10/21", "7/11/21", "7/12/21", "7/13/21", "7/14/21", "7/15/21"], "max_14": 321, "max": 58705, "value": [5.857142857142857, 6.357142857142857, 6.642857142857143, 7.428571428571429, 8.285714285714286, 9.142857142857142, 9.857142857142858, 10.142857142857142, 9.857142857142858, 9.5, 23.071428571428573, 36.0, 36.285714285714285, 36.857142857142854, 35.714285714285715, 34.785714285714285, 34.07142857142857, 24.857142857142858, 16.0, 13.714285714285714, 11.428571428571429, 11.428571428571429, 11.428571428571429, 11.428571428571429], "time": ["6/21/21", "6/22/21", "6/23/21", "6/24/21", "6/25/21", "6/26/21", "6/27/21", "6/28/21", "6/29/21", "6/30/21", "7/1/21", "7/2/21", "7/3/21", "7/4/21", "7/5/21", "7/6/21", "7/7/21", "7/8/21", "7/9/21", "7/10/21", "7/11/21", "7/12/21", "7/13/21", "7/14/21", "7/15/21", "7/16/21", "7/17/21", "7/18/21", "7/19/21"], "original_values": [10, 1, 7, 4, 12, 2, 10, 7, 8, 11, 12, 16, 8, 8, 5, 5, 204, 0, 32, 0, 0, 0, 0, 80, 0, 0, 0, 0, 0]}