{"dates": ["6/24/21", "6/25/21", "6/26/21", "6/27/21", "6/28/21", "6/29/21", "6/30/21", "7/1/21", "7/2/21", "7/3/21", "7/4/21", "7/5/21", "7/6/21", "7/7/21", "7/8/21", "7/9/21", "7/10/21", "7/11/21", "7/12/21", "7/13/21", "7/14/21", "7/15/21"], "max_14": 162, "max": 9974, "value": [7.428571428571429, 7.285714285714286, 7.928571428571429, 8.214285714285714, 8.285714285714286, 9.571428571428571, 8.642857142857142, 7.0, 7.642857142857143, 8.285714285714286, 8.142857142857142, 7.571428571428571, 7.0, 8.285714285714286, 9.714285714285714, 9.071428571428571, 9.428571428571429, 11.428571428571429, 13.285714285714286, 15.0, 15.785714285714286, 15.714285714285714, 15.214285714285714, 12.857142857142858], "time": ["6/21/21", "6/22/21", "6/23/21", "6/24/21", "6/25/21", "6/26/21", "6/27/21", "6/28/21", "6/29/21", "6/30/21", "7/1/21", "7/2/21", "7/3/21", "7/4/21", "7/5/21", "7/6/21", "7/7/21", "7/8/21", "7/9/21", "7/10/21", "7/11/21", "7/12/21", "7/13/21", "7/14/21", "7/15/21", "7/16/21", "7/17/21", "7/18/21", "7/19/21"], "original_values": [9, 1, 12, 6, 0, 24, 0, 7, 12, 5, 14, 10, 1, 0, 16, 12, 3, 8, 8, 21, 0, 7, 26, 17, 20, 20, 20, 0, 0]}