{"dates": ["6/24/21", "6/25/21", "6/26/21", "6/27/21", "6/28/21", "6/29/21", "6/30/21", "7/1/21", "7/2/21", "7/3/21", "7/4/21", "7/5/21", "7/6/21", "7/7/21", "7/8/21", "7/9/21", "7/10/21", "7/11/21", "7/12/21", "7/13/21", "7/14/21", "7/15/21"], "max_14": 181, "max": 4833, "value": [2.5714285714285716, 3.2857142857142856, 4.214285714285714, 4.642857142857143, 4.642857142857143, 4.285714285714286, 4.142857142857143, 4.142857142857143, 3.357142857142857, 3.357142857142857, 4.142857142857143, 4.142857142857143, 4.714285714285714, 5.285714285714286, 5.285714285714286, 7.5, 9.0, 9.428571428571429, 12.071428571428571, 13.785714285714286, 14.0, 14.0, 15.071428571428571, 15.857142857142858], "time": ["6/21/21", "6/22/21", "6/23/21", "6/24/21", "6/25/21", "6/26/21", "6/27/21", "6/28/21", "6/29/21", "6/30/21", "7/1/21", "7/2/21", "7/3/21", "7/4/21", "7/5/21", "7/6/21", "7/7/21", "7/8/21", "7/9/21", "7/10/21", "7/11/21", "7/12/21", "7/13/21", "7/14/21", "7/15/21", "7/16/21", "7/17/21", "7/18/21", "7/19/21"], "original_values": [1, 0, 4, 8, 5, 0, 0, 11, 3, 7, 5, 3, 0, 0, 0, 14, 7, 5, 11, 0, 0, 31, 4, 23, 26, 14, 0, 0, 46]}