{"dates": ["6/24/21", "6/25/21", "6/26/21", "6/27/21", "6/28/21", "6/29/21", "6/30/21", "7/1/21", "7/2/21", "7/3/21", "7/4/21", "7/5/21", "7/6/21", "7/7/21", "7/8/21", "7/9/21", "7/10/21", "7/11/21", "7/12/21", "7/13/21", "7/14/21", "7/15/21"], "max_14": 92, "max": 1929, "value": [0.8571428571428571, 1.0, 1.2857142857142858, 1.5714285714285714, 1.7857142857142858, 1.8571428571428572, 1.8571428571428572, 1.8571428571428572, 1.5, 1.7857142857142858, 3.0, 3.642857142857143, 4.357142857142857, 5.0, 5.0, 5.642857142857143, 6.071428571428571, 5.642857142857143, 5.714285714285714, 5.857142857142857, 5.714285714285714, 5.714285714285714, 6.285714285714286, 6.428571428571429], "time": ["6/21/21", "6/22/21", "6/23/21", "6/24/21", "6/25/21", "6/26/21", "6/27/21", "6/28/21", "6/29/21", "6/30/21", "7/1/21", "7/2/21", "7/3/21", "7/4/21", "7/5/21", "7/6/21", "7/7/21", "7/8/21", "7/9/21", "7/10/21", "7/11/21", "7/12/21", "7/13/21", "7/14/21", "7/15/21", "7/16/21", "7/17/21", "7/18/21", "7/19/21"], "original_values": [3, -2, 2, 1, 2, 0, 0, 5, 0, 4, 2, 2, 0, 0, 0, 9, 12, 3, 11, 0, 0, 9, 6, 9, 7, 9, 0, 0, 17]}