{"dates": ["6/24/21", "6/25/21", "6/26/21", "6/27/21", "6/28/21", "6/29/21", "6/30/21", "7/1/21", "7/2/21", "7/3/21", "7/4/21", "7/5/21", "7/6/21", "7/7/21", "7/8/21", "7/9/21", "7/10/21", "7/11/21", "7/12/21", "7/13/21", "7/14/21", "7/15/21"], "max_14": 181, "max": 9523, "value": [2.142857142857143, 1.7857142857142858, 1.4285714285714286, 1.4285714285714286, 1.2857142857142858, 1.2857142857142858, 1.4285714285714286, 1.4285714285714286, 1.2142857142857142, 3.2142857142857144, 6.0, 7.285714285714286, 8.285714285714286, 8.571428571428571, 8.571428571428571, 11.0, 12.0, 10.857142857142858, 11.0, 11.714285714285714, 12.571428571428571, 12.571428571428571, 12.5, 11.571428571428571], "time": ["6/21/21", "6/22/21", "6/23/21", "6/24/21", "6/25/21", "6/26/21", "6/27/21", "6/28/21", "6/29/21", "6/30/21", "7/1/21", "7/2/21", "7/3/21", "7/4/21", "7/5/21", "7/6/21", "7/7/21", "7/8/21", "7/9/21", "7/10/21", "7/11/21", "7/12/21", "7/13/21", "7/14/21", "7/15/21", "7/16/21", "7/17/21", "7/18/21", "7/19/21"], "original_values": [8, 1, 0, 3, 3, 0, 0, 3, 1, 0, 1, 5, 0, 0, 0, 32, 8, 11, 9, 0, 0, 34, 12, 12, 9, 21, 0, 0, 33]}