{"dates": ["6/24/21", "6/25/21", "6/26/21", "6/27/21", "6/28/21", "6/29/21", "6/30/21", "7/1/21", "7/2/21", "7/3/21", "7/4/21", "7/5/21", "7/6/21", "7/7/21", "7/8/21", "7/9/21", "7/10/21", "7/11/21", "7/12/21", "7/13/21", "7/14/21", "7/15/21"], "max_14": 462, "max": 93057, "value": [15.0, 17.071428571428573, 19.285714285714285, 18.214285714285715, 18.0, 18.214285714285715, 17.428571428571427, 17.428571428571427, 12.142857142857142, 9.857142857142858, 13.785714285714286, 15.142857142857142, 16.214285714285715, 16.857142857142858, 16.857142857142858, 22.214285714285715, 25.0, 23.928571428571427, 27.0, 29.071428571428573, 29.571428571428573, 29.571428571428573, 34.0, 37.0], "time": ["6/21/21", "6/22/21", "6/23/21", "6/24/21", "6/25/21", "6/26/21", "6/27/21", "6/28/21", "6/29/21", "6/30/21", "7/1/21", "7/2/21", "7/3/21", "7/4/21", "7/5/21", "7/6/21", "7/7/21", "7/8/21", "7/9/21", "7/10/21", "7/11/21", "7/12/21", "7/13/21", "7/14/21", "7/15/21", "7/16/21", "7/17/21", "7/18/21", "7/19/21"], "original_values": [45, 12, 21, 0, 27, 0, 0, 74, 14, 4, 14, 16, 0, 0, 0, 56, 17, 20, 25, 0, 0, 75, 20, 38, 42, 32, 0, 0, 137]}