{"dates": ["6/24/21", "6/25/21", "6/26/21", "6/27/21", "6/28/21", "6/29/21", "6/30/21", "7/1/21", "7/2/21", "7/3/21", "7/4/21", "7/5/21", "7/6/21", "7/7/21", "7/8/21", "7/9/21", "7/10/21", "7/11/21", "7/12/21", "7/13/21", "7/14/21", "7/15/21"], "max_14": 195, "max": 7893, "value": [4.642857142857143, 5.142857142857143, 5.714285714285714, 8.071428571428571, 11.0, 12.142857142857142, 12.142857142857142, 11.642857142857142, 10.928571428571429, 12.071428571428571, 11.0, 7.928571428571429, 8.571428571428571, 9.571428571428571, 9.571428571428571, 12.071428571428571, 13.142857142857142, 12.285714285714286, 13.785714285714286, 14.071428571428571, 13.428571428571429, 13.428571428571429, 13.357142857142858, 12.642857142857142], "time": ["6/21/21", "6/22/21", "6/23/21", "6/24/21", "6/25/21", "6/26/21", "6/27/21", "6/28/21", "6/29/21", "6/30/21", "7/1/21", "7/2/21", "7/3/21", "7/4/21", "7/5/21", "7/6/21", "7/7/21", "7/8/21", "7/9/21", "7/10/21", "7/11/21", "7/12/21", "7/13/21", "7/14/21", "7/15/21", "7/16/21", "7/17/21", "7/18/21", "7/19/21"], "original_values": [3, 2, 13, 7, 2, 4, 3, 7, 6, 42, 19, 6, 0, 0, 0, 29, 4, 14, 20, 0, 0, 35, 9, 12, 27, 11, 0, 0, 34]}