{"dates": ["6/24/21", "6/25/21", "6/26/21", "6/27/21", "6/28/21", "6/29/21", "6/30/21", "7/1/21", "7/2/21", "7/3/21", "7/4/21", "7/5/21", "7/6/21", "7/7/21", "7/8/21", "7/9/21", "7/10/21", "7/11/21", "7/12/21", "7/13/21", "7/14/21", "7/15/21"], "max_14": 117, "max": 3282, "value": [1.4285714285714286, 1.3571428571428572, 1.2142857142857142, 1.2142857142857142, 1.4285714285714286, 1.7857142857142858, 2.0, 2.0, 1.9285714285714286, 2.4285714285714284, 3.142857142857143, 4.142857142857143, 5.285714285714286, 5.571428571428571, 5.571428571428571, 6.5, 6.857142857142857, 6.285714285714286, 6.642857142857143, 7.357142857142857, 7.714285714285714, 7.714285714285714, 8.5, 9.214285714285714], "time": ["6/21/21", "6/22/21", "6/23/21", "6/24/21", "6/25/21", "6/26/21", "6/27/21", "6/28/21", "6/29/21", "6/30/21", "7/1/21", "7/2/21", "7/3/21", "7/4/21", "7/5/21", "7/6/21", "7/7/21", "7/8/21", "7/9/21", "7/10/21", "7/11/21", "7/12/21", "7/13/21", "7/14/21", "7/15/21", "7/16/21", "7/17/21", "7/18/21", "7/19/21"], "original_values": [2, 2, 2, 0, 4, 0, 0, 1, 1, 3, 2, 7, 0, 0, 0, 9, 5, 14, 11, 0, 0, 13, 1, 5, 19, 16, 0, 0, 24]}