{"dates": ["6/24/21", "6/25/21", "6/26/21", "6/27/21", "6/28/21", "6/29/21", "6/30/21", "7/1/21", "7/2/21", "7/3/21", "7/4/21", "7/5/21", "7/6/21", "7/7/21", "7/8/21", "7/9/21", "7/10/21", "7/11/21", "7/12/21", "7/13/21", "7/14/21", "7/15/21"], "max_14": 246, "max": 98239, "value": [8.0, 7.928571428571429, 8.142857142857142, 9.071428571428571, 8.857142857142858, 9.357142857142858, 9.285714285714286, 7.857142857142857, 7.071428571428571, 7.785714285714286, 8.785714285714286, 9.142857142857142, 10.142857142857142, 10.714285714285714, 10.714285714285714, 12.785714285714286, 14.0, 14.071428571428571, 15.928571428571429, 15.928571428571429, 15.0, 15.0, 17.642857142857142, 19.214285714285715], "time": ["6/21/21", "6/22/21", "6/23/21", "6/24/21", "6/25/21", "6/26/21", "6/27/21", "6/28/21", "6/29/21", "6/30/21", "7/1/21", "7/2/21", "7/3/21", "7/4/21", "7/5/21", "7/6/21", "7/7/21", "7/8/21", "7/9/21", "7/10/21", "7/11/21", "7/12/21", "7/13/21", "7/14/21", "7/15/21", "7/16/21", "7/17/21", "7/18/21", "7/19/21"], "original_values": [12, 2, 8, 12, 5, 14, 6, 5, 12, 11, 6, 18, 0, 0, 0, 27, 10, 12, 26, 0, 0, 29, 15, 23, 25, 13, 0, 0, 66]}