{"dates": ["6/24/21", "6/25/21", "6/26/21", "6/27/21", "6/28/21", "6/29/21", "6/30/21", "7/1/21", "7/2/21", "7/3/21", "7/4/21", "7/5/21", "7/6/21", "7/7/21", "7/8/21", "7/9/21", "7/10/21", "7/11/21", "7/12/21", "7/13/21", "7/14/21", "7/15/21"], "max_14": 786, "max": 103298, "value": [22.857142857142858, 23.714285714285715, 22.357142857142858, 19.642857142857142, 16.142857142857142, -32.0, -79.28571428571429, -81.42857142857143, -84.07142857142857, -80.5, -73.85714285714286, -70.5, -22.785714285714285, 23.285714285714285, 23.285714285714285, 33.142857142857146, 40.142857142857146, 39.57142857142857, 44.285714285714285, 50.5, 54.285714285714285, 54.285714285714285, 61.785714285714285, 66.42857142857143], "time": ["6/21/21", "6/22/21", "6/23/21", "6/24/21", "6/25/21", "6/26/21", "6/27/21", "6/28/21", "6/29/21", "6/30/21", "7/1/21", "7/2/21", "7/3/21", "7/4/21", "7/5/21", "7/6/21", "7/7/21", "7/8/21", "7/9/21", "7/10/21", "7/11/21", "7/12/21", "7/13/21", "7/14/21", "7/15/21", "7/16/21", "7/17/21", "7/18/21", "7/19/21"], "original_values": [25, 24, 25, 24, 41, 12, 18, 19, 11, 0, 0, -609, 0, 0, 0, 80, 24, 23, 36, 0, 0, 138, 40, 56, 57, 89, 0, 0, 243]}