{"dates": ["6/24/21", "6/25/21", "6/26/21", "6/27/21", "6/28/21", "6/29/21", "6/30/21", "7/1/21", "7/2/21", "7/3/21", "7/4/21", "7/5/21", "7/6/21", "7/7/21", "7/8/21", "7/9/21", "7/10/21", "7/11/21", "7/12/21", "7/13/21", "7/14/21", "7/15/21"], "max_14": 89, "max": 17346, "value": [1.2857142857142858, 1.2142857142857142, 1.3571428571428572, 1.5714285714285714, 1.9285714285714286, 2.642857142857143, 3.0, 3.0, 2.7142857142857144, 3.5, 4.785714285714286, 4.785714285714286, 4.285714285714286, 4.0, 4.0, 5.071428571428571, 4.857142857142857, 3.7857142857142856, 4.5, 4.928571428571429, 4.857142857142857, 4.857142857142857, 5.714285714285714, 6.642857142857143], "time": ["6/21/21", "6/22/21", "6/23/21", "6/24/21", "6/25/21", "6/26/21", "6/27/21", "6/28/21", "6/29/21", "6/30/21", "7/1/21", "7/2/21", "7/3/21", "7/4/21", "7/5/21", "7/6/21", "7/7/21", "7/8/21", "7/9/21", "7/10/21", "7/11/21", "7/12/21", "7/13/21", "7/14/21", "7/15/21", "7/16/21", "7/17/21", "7/18/21", "7/19/21"], "original_values": [5, -1, 3, 1, 1, 0, 0, 4, 2, 3, 6, 6, 0, 0, 0, 17, 6, 3, 2, 0, 0, 15, -1, 9, 10, 1, 0, 0, 27]}