{"dates": ["6/24/21", "6/25/21", "6/26/21", "6/27/21", "6/28/21", "6/29/21", "6/30/21", "7/1/21", "7/2/21", "7/3/21", "7/4/21", "7/5/21", "7/6/21", "7/7/21", "7/8/21", "7/9/21", "7/10/21", "7/11/21", "7/12/21", "7/13/21", "7/14/21", "7/15/21"], "max_14": 73, "max": 32214, "value": [7.071428571428571, 7.357142857142857, 6.5, 6.0, 5.5, 4.857142857142857, 5.0, 5.071428571428571, 5.142857142857143, 5.0, 4.214285714285714, 4.142857142857143, 5.071428571428571, 5.142857142857143, 4.714285714285714, 4.428571428571429, 4.642857142857143, 5.142857142857143, 5.071428571428571, 4.785714285714286, 4.857142857142857, 5.357142857142857, 5.928571428571429, 5.785714285714286], "time": ["6/21/21", "6/22/21", "6/23/21", "6/24/21", "6/25/21", "6/26/21", "6/27/21", "6/28/21", "6/29/21", "6/30/21", "7/1/21", "7/2/21", "7/3/21", "7/4/21", "7/5/21", "7/6/21", "7/7/21", "7/8/21", "7/9/21", "7/10/21", "7/11/21", "7/12/21", "7/13/21", "7/14/21", "7/15/21", "7/16/21", "7/17/21", "7/18/21", "7/19/21"], "original_values": [5, 13, 7, 11, 3, 8, 5, 4, 2, 11, 0, 5, 8, 6, 4, 0, 2, 8, 10, 4, 4, 2, 5, 4, 5, 9, 6, 9, 5]}