{"dates": ["6/24/21", "6/25/21", "6/26/21", "6/27/21", "6/28/21", "6/29/21", "6/30/21", "7/1/21", "7/2/21", "7/3/21", "7/4/21", "7/5/21", "7/6/21", "7/7/21", "7/8/21", "7/9/21", "7/10/21", "7/11/21", "7/12/21", "7/13/21", "7/14/21", "7/15/21"], "max_14": 163, "max": 7439, "value": [2.4285714285714284, 3.142857142857143, 3.4285714285714284, 4.071428571428571, 5.5, 6.357142857142857, 6.857142857142857, 6.857142857142857, 6.857142857142857, 6.785714285714286, 6.214285714285714, 6.5, 7.0, 6.714285714285714, 6.714285714285714, 8.357142857142858, 11.642857142857142, 13.214285714285714, 12.571428571428571, 12.571428571428571, 13.142857142857142, 13.142857142857142, 13.214285714285714, 11.428571428571429], "time": ["6/21/21", "6/22/21", "6/23/21", "6/24/21", "6/25/21", "6/26/21", "6/27/21", "6/28/21", "6/29/21", "6/30/21", "7/1/21", "7/2/21", "7/3/21", "7/4/21", "7/5/21", "7/6/21", "7/7/21", "7/8/21", "7/9/21", "7/10/21", "7/11/21", "7/12/21", "7/13/21", "7/14/21", "7/15/21", "7/16/21", "7/17/21", "7/18/21", "7/19/21"], "original_values": [-1, 10, 3, 0, 5, 0, 0, 9, 4, 18, 5, 12, 0, 0, 9, 3, 11, 16, 8, 0, 0, 32, 26, 10, 8, 16, 0, 0, 33]}