{"dates": ["6/24/21", "6/25/21", "6/26/21", "6/27/21", "6/28/21", "6/29/21", "6/30/21", "7/1/21", "7/2/21", "7/3/21", "7/4/21", "7/5/21", "7/6/21", "7/7/21", "7/8/21", "7/9/21", "7/10/21", "7/11/21", "7/12/21", "7/13/21", "7/14/21", "7/15/21"], "max_14": 305, "max": 52462, "value": [20.428571428571427, 12.928571428571429, 5.071428571428571, 4.5, 5.285714285714286, 6.285714285714286, 5.785714285714286, 5.285714285714286, 4.857142857142857, 4.642857142857143, 5.928571428571429, 7.071428571428571, 8.428571428571429, 9.714285714285714, 9.714285714285714, 13.428571428571429, 18.785714285714285, 21.857142857142858, 19.642857142857142, 14.714285714285714, 13.428571428571429, 16.428571428571427, 22.928571428571427, 24.214285714285715], "time": ["6/21/21", "6/22/21", "6/23/21", "6/24/21", "6/25/21", "6/26/21", "6/27/21", "6/28/21", "6/29/21", "6/30/21", "7/1/21", "7/2/21", "7/3/21", "7/4/21", "7/5/21", "7/6/21", "7/7/21", "7/8/21", "7/9/21", "7/10/21", "7/11/21", "7/12/21", "7/13/21", "7/14/21", "7/15/21", "7/16/21", "7/17/21", "7/18/21", "7/19/21"], "original_values": [111, 10, 11, 4, 0, 7, 0, 6, 5, 8, 18, 0, 0, 0, 0, 8, 23, 19, 18, 0, 0, 52, 31, 43, -32, 0, 0, 42, 101]}