{"dates": ["6/24/21", "6/25/21", "6/26/21", "6/27/21", "6/28/21", "6/29/21", "6/30/21", "7/1/21", "7/2/21", "7/3/21", "7/4/21", "7/5/21", "7/6/21", "7/7/21", "7/8/21", "7/9/21", "7/10/21", "7/11/21", "7/12/21", "7/13/21", "7/14/21", "7/15/21"], "max_14": 571, "max": 10519, "value": [25.071428571428573, 27.142857142857142, 26.642857142857142, 27.785714285714285, 27.928571428571427, 26.357142857142858, 25.071428571428573, 23.5, 25.428571428571427, 28.571428571428573, 28.785714285714285, 27.714285714285715, 29.142857142857142, 33.92857142857143, 36.857142857142854, 34.0, 34.714285714285715, 38.57142857142857, 40.785714285714285, 42.285714285714285, 42.57142857142857, 44.214285714285715, 47.785714285714285, 44.714285714285715], "time": ["6/21/21", "6/22/21", "6/23/21", "6/24/21", "6/25/21", "6/26/21", "6/27/21", "6/28/21", "6/29/21", "6/30/21", "7/1/21", "7/2/21", "7/3/21", "7/4/21", "7/5/21", "7/6/21", "7/7/21", "7/8/21", "7/9/21", "7/10/21", "7/11/21", "7/12/21", "7/13/21", "7/14/21", "7/15/21", "7/16/21", "7/17/21", "7/18/21", "7/19/21"], "original_values": [13, 25, 25, 47, 29, 21, 31, 11, 20, 46, 28, 26, 6, 24, 45, 30, 39, 20, 54, 45, 26, 3, 82, 41, 49, 46, 57, 37, 42]}