{"dates": ["6/24/21", "6/25/21", "6/26/21", "6/27/21", "6/28/21", "6/29/21", "6/30/21", "7/1/21", "7/2/21", "7/3/21", "7/4/21", "7/5/21", "7/6/21", "7/7/21", "7/8/21", "7/9/21", "7/10/21", "7/11/21", "7/12/21", "7/13/21", "7/14/21", "7/15/21"], "max_14": 42, "max": 3066, "value": [2.0, 2.2857142857142856, 2.642857142857143, 2.9285714285714284, 2.7142857142857144, 2.7857142857142856, 3.2857142857142856, 3.2857142857142856, 2.857142857142857, 2.9285714285714284, 3.2857142857142856, 3.0714285714285716, 2.2857142857142856, 1.5714285714285714, 1.5714285714285714, 1.7142857142857142, 1.2142857142857142, 0.8571428571428571, 1.7857142857142858, 2.642857142857143, 2.857142857142857, 2.857142857142857, 3.5, 4.142857142857143], "time": ["6/21/21", "6/22/21", "6/23/21", "6/24/21", "6/25/21", "6/26/21", "6/27/21", "6/28/21", "6/29/21", "6/30/21", "7/1/21", "7/2/21", "7/3/21", "7/4/21", "7/5/21", "7/6/21", "7/7/21", "7/8/21", "7/9/21", "7/10/21", "7/11/21", "7/12/21", "7/13/21", "7/14/21", "7/15/21", "7/16/21", "7/17/21", "7/18/21", "7/19/21"], "original_values": [2, 1, 0, 7, 4, 0, 0, 6, 2, 3, 1, 11, 0, 0, 0, 9, 1, 0, 1, 0, 0, 2, 0, 5, 9, 4, 0, 0, 11]}