{"dates": ["6/24/21", "6/25/21", "6/26/21", "6/27/21", "6/28/21", "6/29/21", "6/30/21", "7/1/21", "7/2/21", "7/3/21", "7/4/21", "7/5/21", "7/6/21", "7/7/21", "7/8/21", "7/9/21", "7/10/21", "7/11/21", "7/12/21", "7/13/21", "7/14/21", "7/15/21"], "max_14": 185, "max": 11087, "value": [3.9285714285714284, 4.285714285714286, 4.5, 4.714285714285714, 5.428571428571429, 6.357142857142857, 6.214285714285714, 5.857142857142857, 6.214285714285714, 6.428571428571429, 6.428571428571429, 6.571428571428571, 6.642857142857143, 7.928571428571429, 9.714285714285714, 10.0, 10.357142857142858, 11.571428571428571, 12.714285714285714, 14.142857142857142, 14.928571428571429, 14.928571428571429, 15.857142857142858, 15.857142857142858], "time": ["6/21/21", "6/22/21", "6/23/21", "6/24/21", "6/25/21", "6/26/21", "6/27/21", "6/28/21", "6/29/21", "6/30/21", "7/1/21", "7/2/21", "7/3/21", "7/4/21", "7/5/21", "7/6/21", "7/7/21", "7/8/21", "7/9/21", "7/10/21", "7/11/21", "7/12/21", "7/13/21", "7/14/21", "7/15/21", "7/16/21", "7/17/21", "7/18/21", "7/19/21"], "original_values": [0, 2, 8, 5, 5, 5, 5, 0, 5, 8, 15, 8, 0, 5, 5, 3, 10, 15, 9, 17, 13, 1, 12, 18, 23, 21, 16, 14, 13]}