{"dates": ["6/24/21", "6/25/21", "6/26/21", "6/27/21", "6/28/21", "6/29/21", "6/30/21", "7/1/21", "7/2/21", "7/3/21", "7/4/21", "7/5/21", "7/6/21", "7/7/21", "7/8/21", "7/9/21", "7/10/21", "7/11/21", "7/12/21", "7/13/21", "7/14/21", "7/15/21"], "max_14": 247, "max": 89976, "value": [5.357142857142857, 6.428571428571429, 6.714285714285714, 6.857142857142857, 7.142857142857143, 8.214285714285714, 9.214285714285714, 9.428571428571429, 9.642857142857142, 10.071428571428571, 10.928571428571429, 11.285714285714286, 11.214285714285714, 11.5, 11.357142857142858, 11.071428571428571, 11.928571428571429, 14.214285714285714, 16.857142857142858, 18.785714285714285, 19.5, 21.642857142857142, 24.0, 22.785714285714285], "time": ["6/21/21", "6/22/21", "6/23/21", "6/24/21", "6/25/21", "6/26/21", "6/27/21", "6/28/21", "6/29/21", "6/30/21", "7/1/21", "7/2/21", "7/3/21", "7/4/21", "7/5/21", "7/6/21", "7/7/21", "7/8/21", "7/9/21", "7/10/21", "7/11/21", "7/12/21", "7/13/21", "7/14/21", "7/15/21", "7/16/21", "7/17/21", "7/18/21", "7/19/21"], "original_values": [7, 3, 3, 6, 6, 6, 13, 9, 5, 3, 10, 17, 9, 13, 12, 8, 12, 6, 20, 10, 10, 11, 21, 31, 24, 29, 11, 39, 15]}