{"dates": ["6/24/21", "6/25/21", "6/26/21", "6/27/21", "6/28/21", "6/29/21", "6/30/21", "7/1/21", "7/2/21", "7/3/21", "7/4/21", "7/5/21", "7/6/21", "7/7/21", "7/8/21", "7/9/21", "7/10/21", "7/11/21", "7/12/21", "7/13/21", "7/14/21", "7/15/21"], "max_14": 103, "max": 48593, "value": [7.357142857142857, 7.214285714285714, 6.5, 5.714285714285714, 5.071428571428571, 5.285714285714286, 5.714285714285714, 5.714285714285714, 5.642857142857143, 5.142857142857143, 4.285714285714286, 4.0, 3.5, 3.4285714285714284, 3.7142857142857144, 3.642857142857143, 4.642857142857143, 5.857142857142857, 6.428571428571429, 7.714285714285714, 8.357142857142858, 9.071428571428571, 10.5, 10.0], "time": ["6/21/21", "6/22/21", "6/23/21", "6/24/21", "6/25/21", "6/26/21", "6/27/21", "6/28/21", "6/29/21", "6/30/21", "7/1/21", "7/2/21", "7/3/21", "7/4/21", "7/5/21", "7/6/21", "7/7/21", "7/8/21", "7/9/21", "7/10/21", "7/11/21", "7/12/21", "7/13/21", "7/14/21", "7/15/21", "7/16/21", "7/17/21", "7/18/21", "7/19/21"], "original_values": [10, 10, 18, 3, 4, 3, 7, 1, 9, 8, 4, 6, 7, 3, 4, -1, 6, 2, 1, 11, 3, 3, 14, 8, 8, 13, 8, 16, 10]}