{"dates": ["6/24/21", "6/25/21", "6/26/21", "6/27/21", "6/28/21", "6/29/21", "6/30/21", "7/1/21", "7/2/21", "7/3/21", "7/4/21", "7/5/21", "7/6/21", "7/7/21", "7/8/21", "7/9/21", "7/10/21", "7/11/21", "7/12/21", "7/13/21", "7/14/21", "7/15/21"], "max_14": 144, "max": 4972, "value": [1.4285714285714286, 1.4285714285714286, 1.2857142857142858, 1.2857142857142858, 1.9285714285714286, 3.0714285714285716, 3.7142857142857144, 3.7142857142857144, 3.2142857142857144, 4.357142857142857, 6.0, 5.714285714285714, 4.785714285714286, 4.142857142857143, 4.142857142857143, 6.642857142857143, 8.142857142857142, 7.571428571428571, 8.785714285714286, 10.285714285714286, 11.0, 11.0, 11.214285714285714, 10.714285714285714], "time": ["6/21/21", "6/22/21", "6/23/21", "6/24/21", "6/25/21", "6/26/21", "6/27/21", "6/28/21", "6/29/21", "6/30/21", "7/1/21", "7/2/21", "7/3/21", "7/4/21", "7/5/21", "7/6/21", "7/7/21", "7/8/21", "7/9/21", "7/10/21", "7/11/21", "7/12/21", "7/13/21", "7/14/21", "7/15/21", "7/16/21", "7/17/21", "7/18/21", "7/19/21"], "original_values": [7, 3, 0, -1, 1, 0, 0, 7, 1, 2, 6, 10, 0, 0, 0, 24, 2, 2, 1, 0, 0, 35, 10, 8, 13, 11, 0, 0, 38]}