{"dates": ["6/24/21", "6/25/21", "6/26/21", "6/27/21", "6/28/21", "6/29/21", "6/30/21", "7/1/21", "7/2/21", "7/3/21", "7/4/21", "7/5/21", "7/6/21", "7/7/21", "7/8/21", "7/9/21", "7/10/21", "7/11/21", "7/12/21", "7/13/21", "7/14/21", "7/15/21"], "max_14": 1125, "max": 32264, "value": [14.285714285714286, 14.571428571428571, 15.785714285714286, 17.428571428571427, 19.0, 20.142857142857142, 20.428571428571427, 20.428571428571427, 17.214285714285715, 20.357142857142858, 28.214285714285715, 30.785714285714285, 32.642857142857146, 33.42857142857143, 33.42857142857143, 44.0, 51.714285714285715, 52.714285714285715, 61.214285714285715, 72.92857142857143, 80.0, 80.0, 93.07142857142857, 100.71428571428571], "time": ["6/21/21", "6/22/21", "6/23/21", "6/24/21", "6/25/21", "6/26/21", "6/27/21", "6/28/21", "6/29/21", "6/30/21", "7/1/21", "7/2/21", "7/3/21", "7/4/21", "7/5/21", "7/6/21", "7/7/21", "7/8/21", "7/9/21", "7/10/21", "7/11/21", "7/12/21", "7/13/21", "7/14/21", "7/15/21", "7/16/21", "7/17/21", "7/18/21", "7/19/21"], "original_values": [41, 14, 16, 11, 18, 0, 0, 45, 27, 26, 23, 22, 0, 0, 0, 116, 47, 38, 33, 0, 0, 148, 76, 101, 103, 132, 0, 0, 331]}