{"dates": ["6/24/21", "6/25/21", "6/26/21", "6/27/21", "6/28/21", "6/29/21", "6/30/21", "7/1/21", "7/2/21", "7/3/21", "7/4/21", "7/5/21", "7/6/21", "7/7/21", "7/8/21", "7/9/21", "7/10/21", "7/11/21", "7/12/21", "7/13/21", "7/14/21", "7/15/21"], "max_14": 37, "max": 3579, "value": [20.857142857142858, 20.928571428571427, 21.428571428571427, 18.714285714285715, 12.5, 6.642857142857143, 3.357142857142857, 3.0, 3.142857142857143, 3.142857142857143, 3.2142857142857144, 3.357142857142857, 3.2142857142857144, 2.7857142857142856, 2.4285714285714284, 2.2142857142857144, 2.2857142857142856, 2.5, 2.5, 2.5, 2.7857142857142856, 3.0714285714285716, 3.142857142857143, 2.7857142857142856], "time": ["6/21/21", "6/22/21", "6/23/21", "6/24/21", "6/25/21", "6/26/21", "6/27/21", "6/28/21", "6/29/21", "6/30/21", "7/1/21", "7/2/21", "7/3/21", "7/4/21", "7/5/21", "7/6/21", "7/7/21", "7/8/21", "7/9/21", "7/10/21", "7/11/21", "7/12/21", "7/13/21", "7/14/21", "7/15/21", "7/16/21", "7/17/21", "7/18/21", "7/19/21"], "original_values": [0, -3, 46, 47, 44, 12, 0, 1, 3, 2, 4, 5, 5, 2, 1, 3, 3, 5, 2, 2, 0, 0, 5, 4, 4, 3, 5, 1, 0]}