{"dates": ["6/24/21", "6/25/21", "6/26/21", "6/27/21", "6/28/21", "6/29/21", "6/30/21", "7/1/21", "7/2/21", "7/3/21", "7/4/21", "7/5/21", "7/6/21", "7/7/21", "7/8/21", "7/9/21", "7/10/21", "7/11/21", "7/12/21", "7/13/21", "7/14/21", "7/15/21"], "max_14": 1143, "max": 74816, "value": [66.5, 69.64285714285714, 69.78571428571429, 68.78571428571429, 67.42857142857143, 66.5, 65.5, 65.0, 64.5, 62.357142857142854, 62.42857142857143, 64.42857142857143, 71.07142857142857, 75.28571428571429, 75.14285714285714, 77.57142857142857, 84.14285714285714, 89.21428571428571, 86.78571428571429, 81.85714285714286, 79.92857142857143, 80.57142857142857, 82.42857142857143, 75.42857142857143], "time": ["6/21/21", "6/22/21", "6/23/21", "6/24/21", "6/25/21", "6/26/21", "6/27/21", "6/28/21", "6/29/21", "6/30/21", "7/1/21", "7/2/21", "7/3/21", "7/4/21", "7/5/21", "7/6/21", "7/7/21", "7/8/21", "7/9/21", "7/10/21", "7/11/21", "7/12/21", "7/13/21", "7/14/21", "7/15/21", "7/16/21", "7/17/21", "7/18/21", "7/19/21"], "original_values": [42, 76, 77, 97, 56, 101, 33, 53, 67, 72, 83, 57, 86, 41, 38, 52, 88, 95, 138, 64, 61, 52, 130, 81, 68, 96, 79, 55, 84]}