{"dates": ["6/24/21", "6/25/21", "6/26/21", "6/27/21", "6/28/21", "6/29/21", "6/30/21", "7/1/21", "7/2/21", "7/3/21", "7/4/21", "7/5/21", "7/6/21", "7/7/21", "7/8/21", "7/9/21", "7/10/21", "7/11/21", "7/12/21", "7/13/21", "7/14/21", "7/15/21"], "max_14": 157, "max": 7722, "value": [4.714285714285714, 4.714285714285714, 4.142857142857143, 3.7857142857142856, 4.357142857142857, 4.642857142857143, 5.285714285714286, 6.0, 6.0, 7.857142857142857, 9.642857142857142, 9.285714285714286, 9.428571428571429, 9.285714285714286, 8.714285714285714, 8.714285714285714, 9.214285714285714, 9.714285714285714, 10.714285714285714, 11.571428571428571, 12.571428571428571, 13.714285714285714, 13.714285714285714, 10.928571428571429], "time": ["6/21/21", "6/22/21", "6/23/21", "6/24/21", "6/25/21", "6/26/21", "6/27/21", "6/28/21", "6/29/21", "6/30/21", "7/1/21", "7/2/21", "7/3/21", "7/4/21", "7/5/21", "7/6/21", "7/7/21", "7/8/21", "7/9/21", "7/10/21", "7/11/21", "7/12/21", "7/13/21", "7/14/21", "7/15/21", "7/16/21", "7/17/21", "7/18/21", "7/19/21"], "original_values": [0, 14, 2, 4, 5, 8, 0, 0, 6, 5, 9, 4, 18, 0, 0, 32, 4, 5, 10, 10, 0, 0, 39, 4, 19, 8, 26, 0, 0]}