{"dates": ["6/24/21", "6/25/21", "6/26/21", "6/27/21", "6/28/21", "6/29/21", "6/30/21", "7/1/21", "7/2/21", "7/3/21", "7/4/21", "7/5/21", "7/6/21", "7/7/21", "7/8/21", "7/9/21", "7/10/21", "7/11/21", "7/12/21", "7/13/21", "7/14/21", "7/15/21"], "max_14": 439, "max": 24205, "value": [7.142857142857143, 7.285714285714286, 8.285714285714286, 10.5, 12.642857142857142, 13.857142857142858, 13.571428571428571, 12.857142857142858, 12.5, 13.071428571428571, 13.785714285714286, 13.857142857142858, 15.571428571428571, 17.142857142857142, 17.142857142857142, 19.714285714285715, 23.285714285714285, 25.285714285714285, 29.0, 32.642857142857146, 33.57142857142857, 33.57142857142857, 37.0, 37.142857142857146], "time": ["6/21/21", "6/22/21", "6/23/21", "6/24/21", "6/25/21", "6/26/21", "6/27/21", "6/28/21", "6/29/21", "6/30/21", "7/1/21", "7/2/21", "7/3/21", "7/4/21", "7/5/21", "7/6/21", "7/7/21", "7/8/21", "7/9/21", "7/10/21", "7/11/21", "7/12/21", "7/13/21", "7/14/21", "7/15/21", "7/16/21", "7/17/21", "7/18/21", "7/19/21"], "original_values": [3, 7, 12, 10, 9, 8, 2, 3, 21, 29, 23, 13, 0, 0, 0, 32, 28, 25, 35, 0, 0, 36, 46, 42, 63, 48, 0, 0, 84]}