{"dates": ["6/24/21", "6/25/21", "6/26/21", "6/27/21", "6/28/21", "6/29/21", "6/30/21", "7/1/21", "7/2/21", "7/3/21", "7/4/21", "7/5/21", "7/6/21", "7/7/21", "7/8/21", "7/9/21", "7/10/21", "7/11/21", "7/12/21", "7/13/21", "7/14/21", "7/15/21"], "max_14": 285, "max": 20799, "value": [5.571428571428571, 5.714285714285714, 5.5, 5.214285714285714, 4.928571428571429, 5.071428571428571, 5.571428571428571, 5.571428571428571, 4.5, 6.071428571428571, 8.714285714285714, 10.857142857142858, 13.571428571428571, 14.142857142857142, 14.142857142857142, 17.142857142857142, 17.928571428571427, 16.928571428571427, 17.5, 17.214285714285715, 17.571428571428573, 17.571428571428573, 19.071428571428573, 20.071428571428573], "time": ["6/21/21", "6/22/21", "6/23/21", "6/24/21", "6/25/21", "6/26/21", "6/27/21", "6/28/21", "6/29/21", "6/30/21", "7/1/21", "7/2/21", "7/3/21", "7/4/21", "7/5/21", "7/6/21", "7/7/21", "7/8/21", "7/9/21", "7/10/21", "7/11/21", "7/12/21", "7/13/21", "7/14/21", "7/15/21", "7/16/21", "7/17/21", "7/18/21", "7/19/21"], "original_values": [13, 6, 7, 10, 3, 0, 0, 15, 1, 8, 5, 10, 0, 0, 0, 38, 8, 35, 18, 0, 0, 42, 7, 25, 26, 23, 0, 0, 63]}