{"dates": ["6/24/21", "6/25/21", "6/26/21", "6/27/21", "6/28/21", "6/29/21", "6/30/21", "7/1/21", "7/2/21", "7/3/21", "7/4/21", "7/5/21", "7/6/21", "7/7/21", "7/8/21", "7/9/21", "7/10/21", "7/11/21", "7/12/21", "7/13/21", "7/14/21", "7/15/21"], "max_14": 192, "max": 47028, "value": [4.714285714285714, 5.857142857142857, 7.714285714285714, 8.642857142857142, 9.5, 10.0, 9.857142857142858, 9.857142857142858, 9.714285714285714, 8.785714285714286, 8.071428571428571, 8.714285714285714, 9.928571428571429, 10.571428571428571, 10.571428571428571, 10.785714285714286, 12.071428571428571, 12.785714285714286, 12.5, 12.857142857142858, 13.142857142857142, 13.142857142857142, 14.785714285714286, 15.285714285714286], "time": ["6/21/21", "6/22/21", "6/23/21", "6/24/21", "6/25/21", "6/26/21", "6/27/21", "6/28/21", "6/29/21", "6/30/21", "7/1/21", "7/2/21", "7/3/21", "7/4/21", "7/5/21", "7/6/21", "7/7/21", "7/8/21", "7/9/21", "7/10/21", "7/11/21", "7/12/21", "7/13/21", "7/14/21", "7/15/21", "7/16/21", "7/17/21", "7/18/21", "7/19/21"], "original_values": [12, 2, 5, 5, 9, 0, 0, 28, 12, 8, 14, 7, 0, 0, 26, 1, 9, 22, 16, 0, 0, 29, 16, 4, 23, 20, 0, 0, 52]}