{"dates": ["6/24/21", "6/25/21", "6/26/21", "6/27/21", "6/28/21", "6/29/21", "6/30/21", "7/1/21", "7/2/21", "7/3/21", "7/4/21", "7/5/21", "7/6/21", "7/7/21", "7/8/21", "7/9/21", "7/10/21", "7/11/21", "7/12/21", "7/13/21", "7/14/21", "7/15/21"], "max_14": 241, "max": 10576, "value": [3.5714285714285716, 4.285714285714286, 5.428571428571429, 6.285714285714286, 6.785714285714286, 6.785714285714286, 6.714285714285714, 6.714285714285714, 5.5, 5.142857142857143, 6.285714285714286, 7.142857142857143, 7.857142857142857, 8.0, 8.0, 10.857142857142858, 12.857142857142858, 12.928571428571429, 14.571428571428571, 15.285714285714286, 15.285714285714286, 15.285714285714286, 18.0, 20.071428571428573], "time": ["6/21/21", "6/22/21", "6/23/21", "6/24/21", "6/25/21", "6/26/21", "6/27/21", "6/28/21", "6/29/21", "6/30/21", "7/1/21", "7/2/21", "7/3/21", "7/4/21", "7/5/21", "7/6/21", "7/7/21", "7/8/21", "7/9/21", "7/10/21", "7/11/21", "7/12/21", "7/13/21", "7/14/21", "7/15/21", "7/16/21", "7/17/21", "7/18/21", "7/19/21"], "original_values": [7, 3, 3, 4, 8, 0, 0, 17, 9, 9, 5, 7, 0, 0, 0, 21, 13, 13, 9, 0, 0, 40, 9, 26, 23, 9, 0, 0, 78]}