{"dates": ["6/24/21", "6/25/21", "6/26/21", "6/27/21", "6/28/21", "6/29/21", "6/30/21", "7/1/21", "7/2/21", "7/3/21", "7/4/21", "7/5/21", "7/6/21", "7/7/21", "7/8/21", "7/9/21", "7/10/21", "7/11/21", "7/12/21", "7/13/21", "7/14/21", "7/15/21"], "max_14": 142, "max": 37188, "value": [4.285714285714286, 4.714285714285714, 5.071428571428571, 4.928571428571429, 4.714285714285714, 4.142857142857143, 3.7142857142857144, 3.7142857142857144, 2.7142857142857144, 2.7857142857142856, 4.071428571428571, 4.714285714285714, 5.928571428571429, 6.714285714285714, 6.714285714285714, 8.714285714285714, 10.857142857142858, 10.857142857142858, 10.642857142857142, 10.5, 10.428571428571429, 10.428571428571429, 10.0, 8.214285714285714], "time": ["6/21/21", "6/22/21", "6/23/21", "6/24/21", "6/25/21", "6/26/21", "6/27/21", "6/28/21", "6/29/21", "6/30/21", "7/1/21", "7/2/21", "7/3/21", "7/4/21", "7/5/21", "7/6/21", "7/7/21", "7/8/21", "7/9/21", "7/10/21", "7/11/21", "7/12/21", "7/13/21", "7/14/21", "7/15/21", "7/16/21", "7/17/21", "7/18/21", "7/19/21"], "original_values": [8, 3, 6, 5, 8, 0, 0, 14, 2, 5, 3, 2, 0, 0, 0, 17, 8, 9, 13, 0, 0, 28, 19, 6, 8, 12, 0, 0, 22]}