{"dates": ["6/24/21", "6/25/21", "6/26/21", "6/27/21", "6/28/21", "6/29/21", "6/30/21", "7/1/21", "7/2/21", "7/3/21", "7/4/21", "7/5/21", "7/6/21", "7/7/21", "7/8/21", "7/9/21", "7/10/21", "7/11/21", "7/12/21", "7/13/21", "7/14/21", "7/15/21"], "max_14": 1211, "max": 100661, "value": [24.642857142857142, 26.642857142857142, 28.785714285714285, 30.0, 30.428571428571427, 32.92857142857143, 32.0, 27.928571428571427, 24.714285714285715, 29.714285714285715, 37.142857142857146, 41.07142857142857, 46.57142857142857, 48.714285714285715, 48.714285714285715, 60.92857142857143, 69.85714285714286, 71.57142857142857, 77.28571428571429, 78.85714285714286, 79.71428571428571, 79.71428571428571, 89.78571428571429, 93.14285714285714], "time": ["6/21/21", "6/22/21", "6/23/21", "6/24/21", "6/25/21", "6/26/21", "6/27/21", "6/28/21", "6/29/21", "6/30/21", "7/1/21", "7/2/21", "7/3/21", "7/4/21", "7/5/21", "7/6/21", "7/7/21", "7/8/21", "7/9/21", "7/10/21", "7/11/21", "7/12/21", "7/13/21", "7/14/21", "7/15/21", "7/16/21", "7/17/21", "7/18/21", "7/19/21"], "original_values": [17, 23, 38, 25, 22, 38, 19, 26, 44, 34, 35, 47, 0, 0, 0, 140, 42, 82, 77, 0, 0, 171, 94, 112, 92, 89, 0, 0, 312]}