{"dates": ["6/24/21", "6/25/21", "6/26/21", "6/27/21", "6/28/21", "6/29/21", "6/30/21", "7/1/21", "7/2/21", "7/3/21", "7/4/21", "7/5/21", "7/6/21", "7/7/21", "7/8/21", "7/9/21", "7/10/21", "7/11/21", "7/12/21", "7/13/21", "7/14/21", "7/15/21"], "max_14": 139, "max": 6840, "value": [15.0, 15.357142857142858, 15.142857142857142, 13.928571428571429, 12.785714285714286, 11.0, 9.071428571428571, 8.428571428571429, 7.0, 6.571428571428571, 7.642857142857143, 7.571428571428571, 7.428571428571429, 7.428571428571429, 7.428571428571429, 8.428571428571429, 9.214285714285714, 8.642857142857142, 8.785714285714286, 10.071428571428571, 10.857142857142858, 10.857142857142858, 10.642857142857142, 8.857142857142858], "time": ["6/21/21", "6/22/21", "6/23/21", "6/24/21", "6/25/21", "6/26/21", "6/27/21", "6/28/21", "6/29/21", "6/30/21", "7/1/21", "7/2/21", "7/3/21", "7/4/21", "7/5/21", "7/6/21", "7/7/21", "7/8/21", "7/9/21", "7/10/21", "7/11/21", "7/12/21", "7/13/21", "7/14/21", "7/15/21", "7/16/21", "7/17/21", "7/18/21", "7/19/21"], "original_values": [15, 19, 20, 15, 27, 9, 0, 20, 11, 11, 8, 9, 0, 0, 0, 25, 12, 6, 9, 0, 0, 14, 22, 7, 13, 20, 0, 0, 11]}