{"dates": ["6/24/21", "6/25/21", "6/26/21", "6/27/21", "6/28/21", "6/29/21", "6/30/21", "7/1/21", "7/2/21", "7/3/21", "7/4/21", "7/5/21", "7/6/21", "7/7/21", "7/8/21", "7/9/21", "7/10/21", "7/11/21", "7/12/21", "7/13/21", "7/14/21", "7/15/21"], "max_14": 88, "max": 8350, "value": [1.5714285714285714, 1.4285714285714286, 1.2857142857142858, 1.4285714285714286, 1.2857142857142858, 1.0, 1.0, 1.0, 1.0, 1.6428571428571428, 2.4285714285714284, 2.7142857142857144, 2.7142857142857144, 2.5714285714285716, 2.5714285714285716, 3.5, 4.214285714285714, 3.857142857142857, 4.785714285714286, 6.0, 6.142857142857143, 6.142857142857143, 7.142857142857143, 7.714285714285714], "time": ["6/21/21", "6/22/21", "6/23/21", "6/24/21", "6/25/21", "6/26/21", "6/27/21", "6/28/21", "6/29/21", "6/30/21", "7/1/21", "7/2/21", "7/3/21", "7/4/21", "7/5/21", "7/6/21", "7/7/21", "7/8/21", "7/9/21", "7/10/21", "7/11/21", "7/12/21", "7/13/21", "7/14/21", "7/15/21", "7/16/21", "7/17/21", "7/18/21", "7/19/21"], "original_values": [2, 0, 1, 5, 3, 0, 0, 0, 0, 3, 1, 3, 0, 0, 0, 9, 5, 3, 1, 0, 0, 13, 6, 3, 18, 3, 0, 0, 27]}