{"dates": ["6/24/21", "6/25/21", "6/26/21", "6/27/21", "6/28/21", "6/29/21", "6/30/21", "7/1/21", "7/2/21", "7/3/21", "7/4/21", "7/5/21", "7/6/21", "7/7/21", "7/8/21", "7/9/21", "7/10/21", "7/11/21", "7/12/21", "7/13/21", "7/14/21", "7/15/21"], "max_14": 811, "max": 28862, "value": [22.214285714285715, 23.928571428571427, 24.714285714285715, 26.142857142857142, 27.285714285714285, 29.428571428571427, 29.642857142857142, 29.0, 31.357142857142858, 33.5, 33.42857142857143, 33.214285714285715, 32.642857142857146, 35.142857142857146, 40.357142857142854, 41.57142857142857, 42.07142857142857, 43.07142857142857, 46.642857142857146, 54.142857142857146, 58.857142857142854, 62.857142857142854, 70.42857142857143, 71.78571428571429], "time": ["6/21/21", "6/22/21", "6/23/21", "6/24/21", "6/25/21", "6/26/21", "6/27/21", "6/28/21", "6/29/21", "6/30/21", "7/1/21", "7/2/21", "7/3/21", "7/4/21", "7/5/21", "7/6/21", "7/7/21", "7/8/21", "7/9/21", "7/10/21", "7/11/21", "7/12/21", "7/13/21", "7/14/21", "7/15/21", "7/16/21", "7/17/21", "7/18/21", "7/19/21"], "original_values": [12, 9, 24, 29, 28, 42, 23, 13, 19, 34, 35, 52, 21, 35, 34, 28, 24, 42, 37, 71, 58, 28, 41, 25, 91, 93, 81, 104, 88]}