{"dates": ["6/24/21", "6/25/21", "6/26/21", "6/27/21", "6/28/21", "6/29/21", "6/30/21", "7/1/21", "7/2/21", "7/3/21", "7/4/21", "7/5/21", "7/6/21", "7/7/21", "7/8/21", "7/9/21", "7/10/21", "7/11/21", "7/12/21", "7/13/21", "7/14/21", "7/15/21"], "max_14": 81, "max": 1136, "value": [5.642857142857143, 6.0, 6.214285714285714, 6.214285714285714, 6.357142857142857, 6.857142857142857, 7.285714285714286, 7.571428571428571, 7.428571428571429, 7.142857142857143, 7.142857142857143, 6.285714285714286, 5.571428571428571, 6.071428571428571, 6.214285714285714, 5.857142857142857, 5.571428571428571, 5.5, 5.357142857142857, 5.5, 5.357142857142857, 5.071428571428571, 5.571428571428571, 5.714285714285714], "time": ["6/21/21", "6/22/21", "6/23/21", "6/24/21", "6/25/21", "6/26/21", "6/27/21", "6/28/21", "6/29/21", "6/30/21", "7/1/21", "7/2/21", "7/3/21", "7/4/21", "7/5/21", "7/6/21", "7/7/21", "7/8/21", "7/9/21", "7/10/21", "7/11/21", "7/12/21", "7/13/21", "7/14/21", "7/15/21", "7/16/21", "7/17/21", "7/18/21", "7/19/21"], "original_values": [4, 3, 4, 16, 5, 6, 3, 6, 4, 3, 19, 9, 8, 5, 2, 4, 3, 7, 11, 13, 2, 0, 2, 4, 4, 16, 6, 5, 4]}