{"dates": ["6/24/21", "6/25/21", "6/26/21", "6/27/21", "6/28/21", "6/29/21", "6/30/21", "7/1/21", "7/2/21", "7/3/21", "7/4/21", "7/5/21", "7/6/21", "7/7/21", "7/8/21", "7/9/21", "7/10/21", "7/11/21", "7/12/21", "7/13/21", "7/14/21", "7/15/21"], "max_14": 607, "max": 19221, "value": [10.142857142857142, 9.928571428571429, 10.5, 13.785714285714286, 16.071428571428573, 15.928571428571429, 16.0, 16.0, 15.285714285714286, 18.5, 21.428571428571427, 21.785714285714285, 24.142857142857142, 25.142857142857142, 25.142857142857142, 27.5, 25.928571428571427, 23.571428571428573, 26.357142857142858, 28.0, 28.428571428571427, 28.428571428571427, 42.642857142857146, 55.642857142857146], "time": ["6/21/21", "6/22/21", "6/23/21", "6/24/21", "6/25/21", "6/26/21", "6/27/21", "6/28/21", "6/29/21", "6/30/21", "7/1/21", "7/2/21", "7/3/21", "7/4/21", "7/5/21", "7/6/21", "7/7/21", "7/8/21", "7/9/21", "7/10/21", "7/11/21", "7/12/21", "7/13/21", "7/14/21", "7/15/21", "7/16/21", "7/17/21", "7/18/21", "7/19/21"], "original_values": [13, 6, 5, 21, 26, 0, 0, 10, 17, 40, 18, 27, 0, 0, 0, 72, 26, 37, 41, 0, 0, 33, 17, 48, 54, 47, 0, 0, 232]}