{"dates": ["6/24/21", "6/25/21", "6/26/21", "6/27/21", "6/28/21", "6/29/21", "6/30/21", "7/1/21", "7/2/21", "7/3/21", "7/4/21", "7/5/21", "7/6/21", "7/7/21", "7/8/21", "7/9/21", "7/10/21", "7/11/21", "7/12/21", "7/13/21", "7/14/21", "7/15/21"], "max_14": 152, "max": 4745, "value": [1.1428571428571428, 1.2857142857142858, 2.2857142857142856, 3.9285714285714284, 4.785714285714286, 5.214285714285714, 5.285714285714286, 5.0, 4.857142857142857, 5.071428571428571, 5.0, 5.071428571428571, 5.714285714285714, 6.0, 6.0, 8.142857142857142, 9.785714285714286, 9.214285714285714, 9.714285714285714, 10.428571428571429, 10.571428571428571, 10.571428571428571, 11.0, 11.071428571428571], "time": ["6/21/21", "6/22/21", "6/23/21", "6/24/21", "6/25/21", "6/26/21", "6/27/21", "6/28/21", "6/29/21", "6/30/21", "7/1/21", "7/2/21", "7/3/21", "7/4/21", "7/5/21", "7/6/21", "7/7/21", "7/8/21", "7/9/21", "7/10/21", "7/11/21", "7/12/21", "7/13/21", "7/14/21", "7/15/21", "7/16/21", "7/17/21", "7/18/21", "7/19/21"], "original_values": [0, -5, 2, 4, 4, 2, 2, 0, 9, 11, 7, 7, 0, 0, 0, 12, 7, 12, 11, 0, 0, 30, 5, 6, 20, 13, 0, 0, 36]}