{"dates": ["6/24/21", "6/25/21", "6/26/21", "6/27/21", "6/28/21", "6/29/21", "6/30/21", "7/1/21", "7/2/21", "7/3/21", "7/4/21", "7/5/21", "7/6/21", "7/7/21", "7/8/21", "7/9/21", "7/10/21", "7/11/21", "7/12/21", "7/13/21", "7/14/21", "7/15/21"], "max_14": 380, "max": 29948, "value": [1.2142857142857142, 1.5714285714285714, 2.7857142857142856, 4.285714285714286, 5.571428571428571, 7.857142857142857, 7.785714285714286, 6.071428571428571, 4.857142857142857, 3.7857142857142856, 5.5, 7.571428571428571, 8.928571428571429, 10.285714285714286, 10.285714285714286, 14.071428571428571, 19.714285714285715, 21.642857142857142, 24.785714285714285, 28.785714285714285, 29.714285714285715, 29.714285714285715, 33.07142857142857, 33.214285714285715], "time": ["6/21/21", "6/22/21", "6/23/21", "6/24/21", "6/25/21", "6/26/21", "6/27/21", "6/28/21", "6/29/21", "6/30/21", "7/1/21", "7/2/21", "7/3/21", "7/4/21", "7/5/21", "7/6/21", "7/7/21", "7/8/21", "7/9/21", "7/10/21", "7/11/21", "7/12/21", "7/13/21", "7/14/21", "7/15/21", "7/16/21", "7/17/21", "7/18/21", "7/19/21"], "original_values": [12, 5, -12, -8, -9, 17, 7, 10, 24, -10, 8, 7, 0, 0, 0, 19, 19, 8, 26, 0, 0, 53, 45, 20, 51, 39, 0, 0, 100]}