{"dates": ["6/24/21", "6/25/21", "6/26/21", "6/27/21", "6/28/21", "6/29/21", "6/30/21", "7/1/21", "7/2/21", "7/3/21", "7/4/21", "7/5/21", "7/6/21", "7/7/21", "7/8/21", "7/9/21", "7/10/21", "7/11/21", "7/12/21", "7/13/21", "7/14/21", "7/15/21"], "max_14": 76, "max": 16683, "value": [3.0714285714285716, 3.0714285714285716, 2.7142857142857144, 1.9285714285714286, 1.2142857142857142, 1.0, 1.1428571428571428, 1.2142857142857142, 1.2142857142857142, 1.5, 1.9285714285714286, 2.7857142857142856, 4.142857142857143, 4.785714285714286, 4.714285714285714, 4.928571428571429, 5.0, 5.357142857142857, 5.928571428571429, 5.571428571428571, 5.214285714285714, 5.428571428571429, 5.642857142857143, 5.571428571428571], "time": ["6/21/21", "6/22/21", "6/23/21", "6/24/21", "6/25/21", "6/26/21", "6/27/21", "6/28/21", "6/29/21", "6/30/21", "7/1/21", "7/2/21", "7/3/21", "7/4/21", "7/5/21", "7/6/21", "7/7/21", "7/8/21", "7/9/21", "7/10/21", "7/11/21", "7/12/21", "7/13/21", "7/14/21", "7/15/21", "7/16/21", "7/17/21", "7/18/21", "7/19/21"], "original_values": [1, 5, 7, 4, 3, 1, 1, 0, 1, 0, 1, 3, 3, 0, 1, 4, 3, 10, 13, 2, 0, 4, 2, 10, 11, 7, 3, 2, 5]}