{"dates": ["6/24/21", "6/25/21", "6/26/21", "6/27/21", "6/28/21", "6/29/21", "6/30/21", "7/1/21", "7/2/21", "7/3/21", "7/4/21", "7/5/21", "7/6/21", "7/7/21", "7/8/21", "7/9/21", "7/10/21", "7/11/21", "7/12/21", "7/13/21", "7/14/21", "7/15/21"], "max_14": 46, "max": 8091, "value": [2.142857142857143, 1.8571428571428572, 1.5, 1.5714285714285714, 1.7857142857142858, 2.0, 1.8571428571428572, 1.5714285714285714, 1.1428571428571428, 1.4285714285714286, 2.142857142857143, 2.0714285714285716, 1.8571428571428572, 1.7142857142857142, 1.7142857142857142, 1.8571428571428572, 1.5714285714285714, 1.6428571428571428, 2.642857142857143, 3.142857142857143, 3.142857142857143, 3.2142857142857144, 3.9285714285714284, 4.285714285714286], "time": ["6/21/21", "6/22/21", "6/23/21", "6/24/21", "6/25/21", "6/26/21", "6/27/21", "6/28/21", "6/29/21", "6/30/21", "7/1/21", "7/2/21", "7/3/21", "7/4/21", "7/5/21", "7/6/21", "7/7/21", "7/8/21", "7/9/21", "7/10/21", "7/11/21", "7/12/21", "7/13/21", "7/14/21", "7/15/21", "7/16/21", "7/17/21", "7/18/21", "7/19/21"], "original_values": [10, 1, -1, 1, 0, 4, 0, 6, 0, 1, 2, 2, 0, 0, 0, 10, 1, 1, 0, 0, 0, 2, 4, 8, 8, 0, 0, 1, 11]}