{"dates": ["6/24/21", "6/25/21", "6/26/21", "6/27/21", "6/28/21", "6/29/21", "6/30/21", "7/1/21", "7/2/21", "7/3/21", "7/4/21", "7/5/21", "7/6/21", "7/7/21", "7/8/21", "7/9/21", "7/10/21", "7/11/21", "7/12/21", "7/13/21", "7/14/21", "7/15/21"], "max_14": 59, "max": 11768, "value": [4.285714285714286, 5.5, 6.857142857142857, 6.785714285714286, 5.642857142857143, 4.285714285714286, 3.857142857142857, 3.857142857142857, 2.0, 1.6428571428571428, 2.7142857142857144, 3.2142857142857144, 4.642857142857143, 5.142857142857143, 5.142857142857143, 5.642857142857143, 4.642857142857143, 3.5714285714285716, 3.4285714285714284, 2.5714285714285716, 2.2857142857142856, 2.2857142857142856, 2.2857142857142856, 2.142857142857143], "time": ["6/21/21", "6/22/21", "6/23/21", "6/24/21", "6/25/21", "6/26/21", "6/27/21", "6/28/21", "6/29/21", "6/30/21", "7/1/21", "7/2/21", "7/3/21", "7/4/21", "7/5/21", "7/6/21", "7/7/21", "7/8/21", "7/9/21", "7/10/21", "7/11/21", "7/12/21", "7/13/21", "7/14/21", "7/15/21", "7/16/21", "7/17/21", "7/18/21", "7/19/21"], "original_values": [9, 0, 6, 9, 6, 0, 0, 26, 2, 3, -4, 0, 0, 0, 0, 23, -3, 9, 7, 0, 0, 7, 2, 3, 1, 3, 0, 0, 7]}