{"dates": ["6/24/21", "6/25/21", "6/26/21", "6/27/21", "6/28/21", "6/29/21", "6/30/21", "7/1/21", "7/2/21", "7/3/21", "7/4/21", "7/5/21", "7/6/21", "7/7/21", "7/8/21", "7/9/21", "7/10/21", "7/11/21", "7/12/21", "7/13/21", "7/14/21", "7/15/21"], "max_14": 2209, "max": 92584, "value": [72.07142857142857, 72.64285714285714, 68.64285714285714, 65.14285714285714, 60.5, 65.21428571428571, 63.785714285714285, 45.857142857142854, 34.42857142857143, 34.42857142857143, 48.0, 62.857142857142854, 55.785714285714285, 62.07142857142857, 87.21428571428571, 105.35714285714286, 134.64285714285714, 152.14285714285714, 160.21428571428572, 179.0, 191.0, 206.85714285714286, 209.92857142857142, 173.21428571428572], "time": ["6/21/21", "6/22/21", "6/23/21", "6/24/21", "6/25/21", "6/26/21", "6/27/21", "6/28/21", "6/29/21", "6/30/21", "7/1/21", "7/2/21", "7/3/21", "7/4/21", "7/5/21", "7/6/21", "7/7/21", "7/8/21", "7/9/21", "7/10/21", "7/11/21", "7/12/21", "7/13/21", "7/14/21", "7/15/21", "7/16/21", "7/17/21", "7/18/21", "7/19/21"], "original_values": [67, 97, 63, 72, 46, 153, 13, 62, 46, 65, 5, 179, 0, -85, 0, 108, 193, 85, 0, 267, 0, 169, 349, 197, 194, 154, 281, 208, 4]}