{"dates": ["6/24/21", "6/25/21", "6/26/21", "6/27/21", "6/28/21", "6/29/21", "6/30/21", "7/1/21", "7/2/21", "7/3/21", "7/4/21", "7/5/21", "7/6/21", "7/7/21", "7/8/21", "7/9/21", "7/10/21", "7/11/21", "7/12/21", "7/13/21", "7/14/21", "7/15/21"], "max_14": 150, "max": 2397, "value": [4.142857142857143, 4.571428571428571, 4.642857142857143, 4.214285714285714, 4.0, 4.071428571428571, 4.285714285714286, 4.285714285714286, 4.714285714285714, 5.0, 5.285714285714286, 5.5, 5.928571428571429, 6.571428571428571, 6.571428571428571, 6.5, 6.928571428571429, 8.071428571428571, 9.428571428571429, 10.571428571428571, 11.0, 11.0, 13.0, 14.285714285714286], "time": ["6/21/21", "6/22/21", "6/23/21", "6/24/21", "6/25/21", "6/26/21", "6/27/21", "6/28/21", "6/29/21", "6/30/21", "7/1/21", "7/2/21", "7/3/21", "7/4/21", "7/5/21", "7/6/21", "7/7/21", "7/8/21", "7/9/21", "7/10/21", "7/11/21", "7/12/21", "7/13/21", "7/14/21", "7/15/21", "7/16/21", "7/17/21", "7/18/21", "7/19/21"], "original_values": [0, 10, 4, 11, 4, 0, 0, 6, 5, 3, 9, 7, 0, 0, 12, 3, 9, 6, 16, 0, 0, 11, 10, 18, 16, 22, 0, 0, 39]}