{"dates": ["6/24/21", "6/25/21", "6/26/21", "6/27/21", "6/28/21", "6/29/21", "6/30/21", "7/1/21", "7/2/21", "7/3/21", "7/4/21", "7/5/21", "7/6/21", "7/7/21", "7/8/21", "7/9/21", "7/10/21", "7/11/21", "7/12/21", "7/13/21", "7/14/21", "7/15/21"], "max_14": 947, "max": 30961, "value": [13.857142857142858, 17.214285714285715, 21.214285714285715, 22.357142857142858, 23.357142857142858, 24.785714285714285, 25.714285714285715, 25.714285714285715, 26.5, 25.928571428571427, 26.142857142857142, 31.071428571428573, 36.214285714285715, 38.0, 38.0, 40.857142857142854, 55.92857142857143, 71.64285714285714, 73.85714285714286, 73.64285714285714, 74.71428571428571, 74.71428571428571, 83.14285714285714, 78.64285714285714], "time": ["6/21/21", "6/22/21", "6/23/21", "6/24/21", "6/25/21", "6/26/21", "6/27/21", "6/28/21", "6/29/21", "6/30/21", "7/1/21", "7/2/21", "7/3/21", "7/4/21", "7/5/21", "7/6/21", "7/7/21", "7/8/21", "7/9/21", "7/10/21", "7/11/21", "7/12/21", "7/13/21", "7/14/21", "7/15/21", "7/16/21", "7/17/21", "7/18/21", "7/19/21"], "original_values": [4, 20, 32, 26, 15, 0, 0, 51, 29, 39, 33, 28, 0, 0, 62, 10, 61, 80, 53, 0, 0, 102, 181, 110, 62, 68, 0, 0, 220]}