{"dates": ["6/24/21", "6/25/21", "6/26/21", "6/27/21", "6/28/21", "6/29/21", "6/30/21", "7/1/21", "7/2/21", "7/3/21", "7/4/21", "7/5/21", "7/6/21", "7/7/21", "7/8/21", "7/9/21", "7/10/21", "7/11/21", "7/12/21", "7/13/21", "7/14/21", "7/15/21"], "max_14": 185, "max": 22621, "value": [4.5, 4.642857142857143, 4.5, 4.142857142857143, 4.0, 3.9285714285714284, 3.5, 3.0714285714285716, 3.2857142857142856, 3.642857142857143, 4.071428571428571, 4.571428571428571, 4.714285714285714, 4.714285714285714, 4.928571428571429, 5.0, 4.571428571428571, 4.071428571428571, 3.4285714285714284, 3.357142857142857, 3.642857142857143, 4.214285714285714, 13.214285714285714, 21.642857142857142], "time": ["6/21/21", "6/22/21", "6/23/21", "6/24/21", "6/25/21", "6/26/21", "6/27/21", "6/28/21", "6/29/21", "6/30/21", "7/1/21", "7/2/21", "7/3/21", "7/4/21", "7/5/21", "7/6/21", "7/7/21", "7/8/21", "7/9/21", "7/10/21", "7/11/21", "7/12/21", "7/13/21", "7/14/21", "7/15/21", "7/16/21", "7/17/21", "7/18/21", "7/19/21"], "original_values": [2, 5, 5, 4, 7, 7, 3, 1, 4, 1, 6, 4, 4, 0, 7, 3, 8, 6, 6, 2, 5, 3, 1, 3, 2, 9, 3, 12, 122]}