{"dates": ["6/24/21", "6/25/21", "6/26/21", "6/27/21", "6/28/21", "6/29/21", "6/30/21", "7/1/21", "7/2/21", "7/3/21", "7/4/21", "7/5/21", "7/6/21", "7/7/21", "7/8/21", "7/9/21", "7/10/21", "7/11/21", "7/12/21", "7/13/21", "7/14/21", "7/15/21"], "max_14": 68, "max": 18009, "value": [2.4285714285714284, 2.5714285714285716, 2.7142857142857144, 2.857142857142857, 2.7142857142857144, 2.142857142857143, 2.2142857142857144, 2.5714285714285716, 2.4285714285714284, 2.142857142857143, 1.9285714285714286, 2.0714285714285716, 2.642857142857143, 2.7857142857142856, 2.7857142857142856, 3.2142857142857144, 4.357142857142857, 5.357142857142857, 5.285714285714286, 5.214285714285714, 5.785714285714286, 6.357142857142857, 6.357142857142857, 5.357142857142857], "time": ["6/21/21", "6/22/21", "6/23/21", "6/24/21", "6/25/21", "6/26/21", "6/27/21", "6/28/21", "6/29/21", "6/30/21", "7/1/21", "7/2/21", "7/3/21", "7/4/21", "7/5/21", "7/6/21", "7/7/21", "7/8/21", "7/9/21", "7/10/21", "7/11/21", "7/12/21", "7/13/21", "7/14/21", "7/15/21", "7/16/21", "7/17/21", "7/18/21", "7/19/21"], "original_values": [1, 2, 0, 7, 5, 2, 0, 3, 2, 2, 3, 1, 7, 0, 1, 0, 1, 6, 6, 4, 3, 4, 13, 2, 4, 7, 11, 4, 3]}