{"dates": ["6/24/21", "6/25/21", "6/26/21", "6/27/21", "6/28/21", "6/29/21", "6/30/21", "7/1/21", "7/2/21", "7/3/21", "7/4/21", "7/5/21", "7/6/21", "7/7/21", "7/8/21", "7/9/21", "7/10/21", "7/11/21", "7/12/21", "7/13/21", "7/14/21", "7/15/21"], "max_14": 415, "max": 49793, "value": [8.857142857142858, 9.5, 10.214285714285714, 10.214285714285714, 9.714285714285714, 9.857142857142858, 10.428571428571429, 10.428571428571429, 8.428571428571429, 8.214285714285714, 9.857142857142858, 10.0, 10.642857142857142, 11.0, 11.0, 16.071428571428573, 19.071428571428573, 19.285714285714285, 23.714285714285715, 27.0, 28.142857142857142, 28.142857142857142, 33.142857142857146, 37.42857142857143], "time": ["6/21/21", "6/22/21", "6/23/21", "6/24/21", "6/25/21", "6/26/21", "6/27/21", "6/28/21", "6/29/21", "6/30/21", "7/1/21", "7/2/21", "7/3/21", "7/4/21", "7/5/21", "7/6/21", "7/7/21", "7/8/21", "7/9/21", "7/10/21", "7/11/21", "7/12/21", "7/13/21", "7/14/21", "7/15/21", "7/16/21", "7/17/21", "7/18/21", "7/19/21"], "original_values": [19, 13, 9, 13, 8, 0, 0, 28, 14, 8, 7, 16, 0, 0, 0, 39, 6, 11, 21, 0, 0, 71, 10, 38, 41, 37, 0, 0, 141]}