{"dates": ["6/24/21", "6/25/21", "6/26/21", "6/27/21", "6/28/21", "6/29/21", "6/30/21", "7/1/21", "7/2/21", "7/3/21", "7/4/21", "7/5/21", "7/6/21", "7/7/21", "7/8/21", "7/9/21", "7/10/21", "7/11/21", "7/12/21", "7/13/21", "7/14/21", "7/15/21"], "max_14": 275, "max": 27954, "value": [11.857142857142858, 11.857142857142858, 10.571428571428571, 10.571428571428571, 11.785714285714286, 11.142857142857142, 10.571428571428571, 10.571428571428571, 9.142857142857142, 8.785714285714286, 8.785714285714286, 8.428571428571429, 9.785714285714286, 10.428571428571429, 10.428571428571429, 14.285714285714286, 18.214285714285715, 18.857142857142858, 20.5, 22.285714285714285, 23.0, 23.0, 22.071428571428573, 19.357142857142858], "time": ["6/21/21", "6/22/21", "6/23/21", "6/24/21", "6/25/21", "6/26/21", "6/27/21", "6/28/21", "6/29/21", "6/30/21", "7/1/21", "7/2/21", "7/3/21", "7/4/21", "7/5/21", "7/6/21", "7/7/21", "7/8/21", "7/9/21", "7/10/21", "7/11/21", "7/12/21", "7/13/21", "7/14/21", "7/15/21", "7/16/21", "7/17/21", "7/18/21", "7/19/21"], "original_values": [20, 27, 11, 8, 17, 0, 0, 20, 9, 29, 7, 9, 0, 0, 0, 24, 14, 17, 18, 0, 0, 54, 25, 22, 32, 28, 0, 0, 41]}