{"dates": ["6/24/21", "6/25/21", "6/26/21", "6/27/21", "6/28/21", "6/29/21", "6/30/21", "7/1/21", "7/2/21", "7/3/21", "7/4/21", "7/5/21", "7/6/21", "7/7/21", "7/8/21", "7/9/21", "7/10/21", "7/11/21", "7/12/21", "7/13/21", "7/14/21", "7/15/21"], "max_14": 249, "max": 31838, "value": [7.0, 7.571428571428571, 8.142857142857142, 8.642857142857142, 8.714285714285714, 7.785714285714286, 6.357142857142857, 5.428571428571429, 4.5, 5.857142857142857, 8.0, 8.357142857142858, 8.928571428571429, 9.428571428571429, 9.428571428571429, 11.714285714285714, 12.571428571428571, 12.428571428571429, 14.428571428571429, 16.214285714285715, 17.285714285714285, 17.285714285714285, 19.428571428571427, 20.428571428571427], "time": ["6/21/21", "6/22/21", "6/23/21", "6/24/21", "6/25/21", "6/26/21", "6/27/21", "6/28/21", "6/29/21", "6/30/21", "7/1/21", "7/2/21", "7/3/21", "7/4/21", "7/5/21", "7/6/21", "7/7/21", "7/8/21", "7/9/21", "7/10/21", "7/11/21", "7/12/21", "7/13/21", "7/14/21", "7/15/21", "7/16/21", "7/17/21", "7/18/21", "7/19/21"], "original_values": [5, 4, 10, 9, 11, 7, 6, 7, 10, 11, 9, -2, 0, 0, 0, 36, 15, 10, 5, 0, 0, 32, 16, 33, 20, 20, 0, 0, 62]}