{"dates": ["6/24/21", "6/25/21", "6/26/21", "6/27/21", "6/28/21", "6/29/21", "6/30/21", "7/1/21", "7/2/21", "7/3/21", "7/4/21", "7/5/21", "7/6/21", "7/7/21", "7/8/21", "7/9/21", "7/10/21", "7/11/21", "7/12/21", "7/13/21", "7/14/21", "7/15/21"], "max_14": 136, "max": 47206, "value": [8.714285714285714, 8.857142857142858, 8.714285714285714, 8.428571428571429, 8.214285714285714, 8.214285714285714, 7.571428571428571, 7.214285714285714, 7.857142857142857, 7.928571428571429, 7.357142857142857, 7.428571428571429, 7.642857142857143, 8.0, 8.5, 8.142857142857142, 8.357142857142858, 9.642857142857142, 10.285714285714286, 10.714285714285714, 11.0, 11.428571428571429, 11.857142857142858, 10.785714285714286], "time": ["6/21/21", "6/22/21", "6/23/21", "6/24/21", "6/25/21", "6/26/21", "6/27/21", "6/28/21", "6/29/21", "6/30/21", "7/1/21", "7/2/21", "7/3/21", "7/4/21", "7/5/21", "7/6/21", "7/7/21", "7/8/21", "7/9/21", "7/10/21", "7/11/21", "7/12/21", "7/13/21", "7/14/21", "7/15/21", "7/16/21", "7/17/21", "7/18/21", "7/19/21"], "original_values": [5, 9, 11, 5, 13, 15, 6, 1, 11, 5, 8, 10, 9, 7, 9, 4, 4, 10, 11, 13, 10, 1, 15, 11, 12, 15, 13, 16, 1]}