{"dates": ["6/24/21", "6/25/21", "6/26/21", "6/27/21", "6/28/21", "6/29/21", "6/30/21", "7/1/21", "7/2/21", "7/3/21", "7/4/21", "7/5/21", "7/6/21", "7/7/21", "7/8/21", "7/9/21", "7/10/21", "7/11/21", "7/12/21", "7/13/21", "7/14/21", "7/15/21"], "max_14": 52, "max": 4730, "value": [1.7142857142857142, 1.6428571428571428, 1.7142857142857142, 1.7857142857142858, 1.1428571428571428, 0.6428571428571429, 0.7142857142857143, 0.7142857142857143, 0.6428571428571429, 0.6428571428571429, 1.2142857142857142, 2.0, 2.2857142857142856, 2.2857142857142856, 2.2857142857142856, 2.5, 2.5714285714285716, 2.142857142857143, 1.8571428571428572, 1.9285714285714286, 2.0, 2.0, 3.357142857142857, 4.642857142857143], "time": ["6/21/21", "6/22/21", "6/23/21", "6/24/21", "6/25/21", "6/26/21", "6/27/21", "6/28/21", "6/29/21", "6/30/21", "7/1/21", "7/2/21", "7/3/21", "7/4/21", "7/5/21", "7/6/21", "7/7/21", "7/8/21", "7/9/21", "7/10/21", "7/11/21", "7/12/21", "7/13/21", "7/14/21", "7/15/21", "7/16/21", "7/17/21", "7/18/21", "7/19/21"], "original_values": [2, 0, 0, 8, 2, 0, 0, 1, 2, -1, 0, 3, 0, 0, 0, 3, 6, 4, 3, 0, 0, 3, 1, 2, 4, 4, 0, 0, 22]}