{"dates": ["6/24/21", "6/25/21", "6/26/21", "6/27/21", "6/28/21", "6/29/21", "6/30/21", "7/1/21", "7/2/21", "7/3/21", "7/4/21", "7/5/21", "7/6/21", "7/7/21", "7/8/21", "7/9/21", "7/10/21", "7/11/21", "7/12/21", "7/13/21", "7/14/21", "7/15/21"], "max_14": 71, "max": 3425, "value": [6.857142857142857, 6.785714285714286, 5.785714285714286, 3.7142857142857144, 2.9285714285714284, 3.357142857142857, 3.142857142857143, 2.857142857142857, 2.857142857142857, 3.2857142857142856, 3.4285714285714284, 3.5, 4.428571428571429, 5.0, 5.0, 6.0, 6.571428571428571, 6.142857142857143, 5.642857142857143, 4.428571428571429, 3.7142857142857144, 3.7142857142857144, 3.4285714285714284, 3.0], "time": ["6/21/21", "6/22/21", "6/23/21", "6/24/21", "6/25/21", "6/26/21", "6/27/21", "6/28/21", "6/29/21", "6/30/21", "7/1/21", "7/2/21", "7/3/21", "7/4/21", "7/5/21", "7/6/21", "7/7/21", "7/8/21", "7/9/21", "7/10/21", "7/11/21", "7/12/21", "7/13/21", "7/14/21", "7/15/21", "7/16/21", "7/17/21", "7/18/21", "7/19/21"], "original_values": [1, 15, 21, 2, 5, 4, 0, 0, 2, 5, 7, 6, 0, 0, 0, 8, 1, 12, 14, 0, 0, 14, 2, 1, 5, 4, 0, 0, 10]}