{"dates": ["6/24/21", "6/25/21", "6/26/21", "6/27/21", "6/28/21", "6/29/21", "6/30/21", "7/1/21", "7/2/21", "7/3/21", "7/4/21", "7/5/21", "7/6/21", "7/7/21", "7/8/21", "7/9/21", "7/10/21", "7/11/21", "7/12/21", "7/13/21", "7/14/21", "7/15/21"], "max_14": 141, "max": 8834, "value": [2.642857142857143, 2.7857142857142856, 2.5714285714285716, 2.642857142857143, 2.357142857142857, 1.5714285714285714, 1.5, 2.0, 2.142857142857143, 3.0, 3.7857142857142856, 4.071428571428571, 4.785714285714286, 5.071428571428571, 5.214285714285714, 5.571428571428571, 4.857142857142857, 4.714285714285714, 6.142857142857143, 7.785714285714286, 9.785714285714286, 10.714285714285714, 12.5, 14.428571428571429], "time": ["6/21/21", "6/22/21", "6/23/21", "6/24/21", "6/25/21", "6/26/21", "6/27/21", "6/28/21", "6/29/21", "6/30/21", "7/1/21", "7/2/21", "7/3/21", "7/4/21", "7/5/21", "7/6/21", "7/7/21", "7/8/21", "7/9/21", "7/10/21", "7/11/21", "7/12/21", "7/13/21", "7/14/21", "7/15/21", "7/16/21", "7/17/21", "7/18/21", "7/19/21"], "original_values": [3, 0, 1, 6, 6, 0, 5, 0, 0, 2, 1, 0, 5, 7, 0, 12, 1, 6, 5, 4, 10, 2, 0, 11, 16, 18, 19, 8, 29]}