{"dates": ["6/24/21", "6/25/21", "6/26/21", "6/27/21", "6/28/21", "6/29/21", "6/30/21", "7/1/21", "7/2/21", "7/3/21", "7/4/21", "7/5/21", "7/6/21", "7/7/21", "7/8/21", "7/9/21", "7/10/21", "7/11/21", "7/12/21", "7/13/21", "7/14/21", "7/15/21"], "max_14": 55, "max": 11006, "value": [2.7142857142857144, 3.0714285714285716, 4.0, 4.714285714285714, 3.357142857142857, 2.142857142857143, 2.4285714285714284, 2.4285714285714284, 2.2142857142857144, 1.7857142857142858, 1.5, 1.4285714285714286, 3.5714285714285716, 5.714285714285714, 5.714285714285714, 6.0, 6.285714285714286, 6.214285714285714, 6.357142857142857, 4.071428571428571, 1.5714285714285714, 1.5714285714285714, 1.5714285714285714, 1.2142857142857142], "time": ["6/21/21", "6/22/21", "6/23/21", "6/24/21", "6/25/21", "6/26/21", "6/27/21", "6/28/21", "6/29/21", "6/30/21", "7/1/21", "7/2/21", "7/3/21", "7/4/21", "7/5/21", "7/6/21", "7/7/21", "7/8/21", "7/9/21", "7/10/21", "7/11/21", "7/12/21", "7/13/21", "7/14/21", "7/15/21", "7/16/21", "7/17/21", "7/18/21", "7/19/21"], "original_values": [-2, 0, 0, 20, 1, 0, 0, 3, 8, 2, -1, 5, 0, 0, 0, 5, 1, -1, 35, 0, 0, 4, 5, 0, 2, 0, 0, 0, 4]}