{"dates": ["6/24/21", "6/25/21", "6/26/21", "6/27/21", "6/28/21", "6/29/21", "6/30/21", "7/1/21", "7/2/21", "7/3/21", "7/4/21", "7/5/21", "7/6/21", "7/7/21", "7/8/21", "7/9/21", "7/10/21", "7/11/21", "7/12/21", "7/13/21", "7/14/21", "7/15/21"], "max_14": 517, "max": 41133, "value": [22.357142857142858, 23.142857142857142, 22.928571428571427, 22.642857142857142, 21.857142857142858, 20.571428571428573, 17.928571428571427, 15.071428571428571, 13.071428571428571, 15.142857142857142, 18.642857142857142, 19.214285714285715, 19.785714285714285, 20.428571428571427, 20.428571428571427, 25.571428571428573, 27.0, 23.285714285714285, 23.357142857142858, 25.357142857142858, 27.285714285714285, 27.285714285714285, 35.214285714285715, 42.0], "time": ["6/21/21", "6/22/21", "6/23/21", "6/24/21", "6/25/21", "6/26/21", "6/27/21", "6/28/21", "6/29/21", "6/30/21", "7/1/21", "7/2/21", "7/3/21", "7/4/21", "7/5/21", "7/6/21", "7/7/21", "7/8/21", "7/9/21", "7/10/21", "7/11/21", "7/12/21", "7/13/21", "7/14/21", "7/15/21", "7/16/21", "7/17/21", "7/18/21", "7/19/21"], "original_values": [17, 25, 26, 24, 33, 23, 17, 11, 28, 19, 20, 19, 0, 0, 0, 68, 28, 19, 28, 0, 0, 72, 16, 28, 20, 55, 0, 0, 183]}