{"dates": ["6/24/21", "6/25/21", "6/26/21", "6/27/21", "6/28/21", "6/29/21", "6/30/21", "7/1/21", "7/2/21", "7/3/21", "7/4/21", "7/5/21", "7/6/21", "7/7/21", "7/8/21", "7/9/21", "7/10/21", "7/11/21", "7/12/21", "7/13/21", "7/14/21", "7/15/21"], "max_14": 139, "max": 6801, "value": [-0.14285714285714285, -0.14285714285714285, 0.5, 2.0714285714285716, 3.0714285714285716, 3.4285714285714284, 4.642857142857143, 5.571428571428571, 5.571428571428571, 5.571428571428571, 5.285714285714286, 5.071428571428571, 5.357142857142857, 5.642857142857143, 5.714285714285714, 5.714285714285714, 7.214285714285714, 8.571428571428571, 9.214285714285714, 10.5, 12.571428571428571, 14.142857142857142, 14.142857142857142, 11.5], "time": ["6/21/21", "6/22/21", "6/23/21", "6/24/21", "6/25/21", "6/26/21", "6/27/21", "6/28/21", "6/29/21", "6/30/21", "7/1/21", "7/2/21", "7/3/21", "7/4/21", "7/5/21", "7/6/21", "7/7/21", "7/8/21", "7/9/21", "7/10/21", "7/11/21", "7/12/21", "7/13/21", "7/14/21", "7/15/21", "7/16/21", "7/17/21", "7/18/21", "7/19/21"], "original_values": [0, 7, -6, 3, -2, -3, 0, 0, 16, 7, 4, 2, 10, 0, 0, 16, 3, 5, 5, 11, 0, 0, 37, 1, 16, 12, 33, 0, 0]}