{"dates": ["6/24/21", "6/25/21", "6/26/21", "6/27/21", "6/28/21", "6/29/21", "6/30/21", "7/1/21", "7/2/21", "7/3/21", "7/4/21", "7/5/21", "7/6/21", "7/7/21", "7/8/21", "7/9/21", "7/10/21", "7/11/21", "7/12/21", "7/13/21", "7/14/21", "7/15/21"], "max_14": 36, "max": 4900, "value": [2.4285714285714284, 1.7142857142857142, 1.2142857142857142, 1.6428571428571428, 2.0, 2.142857142857143, 2.142857142857143, 2.142857142857143, 2.0, 2.2857142857142856, 2.7142857142857144, 2.4285714285714284, 2.142857142857143, 2.142857142857143, 2.142857142857143, 2.5714285714285716, 2.357142857142857, 1.5714285714285714, 1.5714285714285714, 1.6428571428571428, 1.5714285714285714, 1.5714285714285714, 1.8571428571428572, 2.0714285714285716], "time": ["6/21/21", "6/22/21", "6/23/21", "6/24/21", "6/25/21", "6/26/21", "6/27/21", "6/28/21", "6/29/21", "6/30/21", "7/1/21", "7/2/21", "7/3/21", "7/4/21", "7/5/21", "7/6/21", "7/7/21", "7/8/21", "7/9/21", "7/10/21", "7/11/21", "7/12/21", "7/13/21", "7/14/21", "7/15/21", "7/16/21", "7/17/21", "7/18/21", "7/19/21"], "original_values": [12, 1, 1, 2, 1, 0, 0, 2, 4, 4, 4, 1, 0, 0, 0, 10, 4, 0, 1, 0, 0, 6, 1, 2, 2, 0, 0, 0, 10]}