{"dates": ["6/24/21", "6/25/21", "6/26/21", "6/27/21", "6/28/21", "6/29/21", "6/30/21", "7/1/21", "7/2/21", "7/3/21", "7/4/21", "7/5/21", "7/6/21", "7/7/21", "7/8/21", "7/9/21", "7/10/21", "7/11/21", "7/12/21", "7/13/21", "7/14/21", "7/15/21"], "max_14": 350, "max": 68816, "value": [8.714285714285714, 8.5, 8.785714285714286, 8.5, 7.928571428571429, 8.071428571428571, 8.0, 8.0, 5.571428571428571, 6.071428571428571, 10.285714285714286, 12.5, 14.5, 15.571428571428571, 15.571428571428571, 21.714285714285715, 25.5, 23.071428571428573, 22.785714285714285, 22.785714285714285, 23.0, 23.0, 22.571428571428573, 21.071428571428573], "time": ["6/21/21", "6/22/21", "6/23/21", "6/24/21", "6/25/21", "6/26/21", "6/27/21", "6/28/21", "6/29/21", "6/30/21", "7/1/21", "7/2/21", "7/3/21", "7/4/21", "7/5/21", "7/6/21", "7/7/21", "7/8/21", "7/9/21", "7/10/21", "7/11/21", "7/12/21", "7/13/21", "7/14/21", "7/15/21", "7/16/21", "7/17/21", "7/18/21", "7/19/21"], "original_values": [37, 0, 11, 9, 4, 0, 0, 34, 7, 0, 12, 3, 0, 0, 0, 48, 18, 25, 18, 0, 0, 86, 15, 17, 22, 21, 0, 0, 80]}