{"dates": ["6/24/21", "6/25/21", "6/26/21", "6/27/21", "6/28/21", "6/29/21", "6/30/21", "7/1/21", "7/2/21", "7/3/21", "7/4/21", "7/5/21", "7/6/21", "7/7/21", "7/8/21", "7/9/21", "7/10/21", "7/11/21", "7/12/21", "7/13/21", "7/14/21", "7/15/21"], "max_14": 256, "max": 18752, "value": [4.357142857142857, 4.857142857142857, 4.928571428571429, 5.142857142857143, 5.285714285714286, 5.5, 6.214285714285714, 7.142857142857143, 7.5, 9.285714285714286, 11.142857142857142, 11.142857142857142, 11.5, 12.071428571428571, 12.714285714285714, 13.928571428571429, 13.071428571428571, 12.428571428571429, 14.5, 16.428571428571427, 18.0, 19.142857142857142, 20.714285714285715, 21.571428571428573], "time": ["6/21/21", "6/22/21", "6/23/21", "6/24/21", "6/25/21", "6/26/21", "6/27/21", "6/28/21", "6/29/21", "6/30/21", "7/1/21", "7/2/21", "7/3/21", "7/4/21", "7/5/21", "7/6/21", "7/7/21", "7/8/21", "7/9/21", "7/10/21", "7/11/21", "7/12/21", "7/13/21", "7/14/21", "7/15/21", "7/16/21", "7/17/21", "7/18/21", "7/19/21"], "original_values": [1, 0, 2, 11, 6, 7, 7, 1, 1, 4, 11, 9, 14, 13, 0, 27, 4, 11, 14, 17, 19, 11, 4, 18, 26, 26, 27, 25, 27]}