{"dates": ["6/24/21", "6/25/21", "6/26/21", "6/27/21", "6/28/21", "6/29/21", "6/30/21", "7/1/21", "7/2/21", "7/3/21", "7/4/21", "7/5/21", "7/6/21", "7/7/21", "7/8/21", "7/9/21", "7/10/21", "7/11/21", "7/12/21", "7/13/21", "7/14/21", "7/15/21"], "max_14": 193, "max": 16538, "value": [4.857142857142857, 4.428571428571429, 4.142857142857143, 4.928571428571429, 5.928571428571429, 6.5, 6.714285714285714, 6.714285714285714, 6.285714285714286, 6.928571428571429, 8.285714285714286, 8.357142857142858, 8.142857142857142, 8.142857142857142, 8.142857142857142, 10.0, 11.5, 12.071428571428571, 13.857142857142858, 15.571428571428571, 16.428571428571427, 16.428571428571427, 16.071428571428573, 14.571428571428571], "time": ["6/21/21", "6/22/21", "6/23/21", "6/24/21", "6/25/21", "6/26/21", "6/27/21", "6/28/21", "6/29/21", "6/30/21", "7/1/21", "7/2/21", "7/3/21", "7/4/21", "7/5/21", "7/6/21", "7/7/21", "7/8/21", "7/9/21", "7/10/21", "7/11/21", "7/12/21", "7/13/21", "7/14/21", "7/15/21", "7/16/21", "7/17/21", "7/18/21", "7/19/21"], "original_values": [12, 4, 5, 8, 5, 0, 0, 6, 6, 14, 13, 8, 0, 0, 0, 21, 18, 10, 8, 0, 0, 26, 16, 31, 22, 20, 0, 0, 21]}