{"dates": ["6/24/21", "6/25/21", "6/26/21", "6/27/21", "6/28/21", "6/29/21", "6/30/21", "7/1/21", "7/2/21", "7/3/21", "7/4/21", "7/5/21", "7/6/21", "7/7/21", "7/8/21", "7/9/21", "7/10/21", "7/11/21", "7/12/21", "7/13/21", "7/14/21", "7/15/21"], "max_14": 290, "max": 65421, "value": [10.071428571428571, 11.714285714285714, 11.785714285714286, 12.071428571428571, 12.285714285714286, 13.071428571428571, 14.285714285714286, 14.5, 14.571428571428571, 14.642857142857142, 13.5, 12.642857142857142, 13.357142857142858, 14.357142857142858, 16.214285714285715, 17.214285714285715, 17.5, 20.571428571428573, 23.714285714285715, 23.285714285714285, 23.857142857142858, 24.0, 23.5, 23.428571428571427], "time": ["6/21/21", "6/22/21", "6/23/21", "6/24/21", "6/25/21", "6/26/21", "6/27/21", "6/28/21", "6/29/21", "6/30/21", "7/1/21", "7/2/21", "7/3/21", "7/4/21", "7/5/21", "7/6/21", "7/7/21", "7/8/21", "7/9/21", "7/10/21", "7/11/21", "7/12/21", "7/13/21", "7/14/21", "7/15/21", "7/16/21", "7/17/21", "7/18/21", "7/19/21"], "original_values": [8, 9, 10, 12, 11, 12, 17, 14, 4, 19, 6, 28, 12, 20, 12, 7, 0, 13, 31, 23, 35, 11, 12, 38, 19, 19, 43, 17, 22]}