{"dates": ["6/24/21", "6/25/21", "6/26/21", "6/27/21", "6/28/21", "6/29/21", "6/30/21", "7/1/21", "7/2/21", "7/3/21", "7/4/21", "7/5/21", "7/6/21", "7/7/21", "7/8/21", "7/9/21", "7/10/21", "7/11/21", "7/12/21", "7/13/21", "7/14/21", "7/15/21"], "max_14": 254, "max": 5761, "value": [16.285714285714285, 15.642857142857142, 14.428571428571429, 14.071428571428571, 14.857142857142858, 14.428571428571429, 12.857142857142858, 12.285714285714286, 11.357142857142858, 12.5, 13.642857142857142, 11.785714285714286, 11.142857142857142, 11.428571428571429, 11.428571428571429, 15.714285714285714, 17.785714285714285, 16.0, 18.071428571428573, 19.928571428571427, 20.142857142857142, 20.142857142857142, 18.214285714285715, 15.428571428571429], "time": ["6/21/21", "6/22/21", "6/23/21", "6/24/21", "6/25/21", "6/26/21", "6/27/21", "6/28/21", "6/29/21", "6/30/21", "7/1/21", "7/2/21", "7/3/21", "7/4/21", "7/5/21", "7/6/21", "7/7/21", "7/8/21", "7/9/21", "7/10/21", "7/11/21", "7/12/21", "7/13/21", "7/14/21", "7/15/21", "7/16/21", "7/17/21", "7/18/21", "7/19/21"], "original_values": [22, 22, 20, 15, 27, 8, 0, 13, 14, 23, 23, 13, 0, 0, 0, 43, 10, 10, 17, 0, 0, 60, 12, 16, 33, 20, 0, 0, 33]}