{"dates": ["6/24/21", "6/25/21", "6/26/21", "6/27/21", "6/28/21", "6/29/21", "6/30/21", "7/1/21", "7/2/21", "7/3/21", "7/4/21", "7/5/21", "7/6/21", "7/7/21", "7/8/21", "7/9/21", "7/10/21", "7/11/21", "7/12/21", "7/13/21", "7/14/21", "7/15/21"], "max_14": 991, "max": 78102, "value": [26.571428571428573, 28.142857142857142, 30.357142857142858, 31.428571428571427, 32.07142857142857, 31.857142857142858, 31.428571428571427, 31.428571428571427, 25.428571428571427, 21.285714285714285, 26.785714285714285, 33.785714285714285, 40.285714285714285, 43.42857142857143, 43.42857142857143, 53.5, 66.07142857142857, 69.85714285714286, 69.64285714285714, 71.21428571428571, 74.28571428571429, 74.28571428571429, 76.14285714285714, 70.21428571428571], "time": ["6/21/21", "6/22/21", "6/23/21", "6/24/21", "6/25/21", "6/26/21", "6/27/21", "6/28/21", "6/29/21", "6/30/21", "7/1/21", "7/2/21", "7/3/21", "7/4/21", "7/5/21", "7/6/21", "7/7/21", "7/8/21", "7/9/21", "7/10/21", "7/11/21", "7/12/21", "7/13/21", "7/14/21", "7/15/21", "7/16/21", "7/17/21", "7/18/21", "7/19/21"], "original_values": [62, 39, 28, 23, 34, 0, 0, 84, 48, 34, 26, 28, 0, 0, 0, 74, 85, 73, 72, 0, 0, 141, 109, 103, 52, 115, 0, 0, 167]}