{"dates": ["6/24/21", "6/25/21", "6/26/21", "6/27/21", "6/28/21", "6/29/21", "6/30/21", "7/1/21", "7/2/21", "7/3/21", "7/4/21", "7/5/21", "7/6/21", "7/7/21", "7/8/21", "7/9/21", "7/10/21", "7/11/21", "7/12/21", "7/13/21", "7/14/21", "7/15/21"], "max_14": 324, "max": 19260, "value": [11.857142857142858, 11.857142857142858, 11.857142857142858, 11.857142857142858, 11.857142857142858, 13.785714285714286, 15.714285714285714, 15.714285714285714, 15.714285714285714, 15.714285714285714, 15.714285714285714, 15.714285714285714, 15.785714285714286, 15.857142857142858, 15.857142857142858, 15.857142857142858, 15.857142857142858, 15.857142857142858, 15.857142857142858, 23.142857142857142, 30.428571428571427, 30.428571428571427, 30.428571428571427, 30.428571428571427], "time": ["6/21/21", "6/22/21", "6/23/21", "6/24/21", "6/25/21", "6/26/21", "6/27/21", "6/28/21", "6/29/21", "6/30/21", "7/1/21", "7/2/21", "7/3/21", "7/4/21", "7/5/21", "7/6/21", "7/7/21", "7/8/21", "7/9/21", "7/10/21", "7/11/21", "7/12/21", "7/13/21", "7/14/21", "7/15/21", "7/16/21", "7/17/21", "7/18/21", "7/19/21"], "original_values": [0, 0, 0, 0, 83, 0, 0, 0, 0, 0, 0, 110, 0, 0, 0, 0, 0, 0, 111, 0, 0, 0, 0, 0, 0, 213, 0, 0, 0]}