{"dates": ["6/24/21", "6/25/21", "6/26/21", "6/27/21", "6/28/21", "6/29/21", "6/30/21", "7/1/21", "7/2/21", "7/3/21", "7/4/21", "7/5/21", "7/6/21", "7/7/21", "7/8/21", "7/9/21", "7/10/21", "7/11/21", "7/12/21", "7/13/21", "7/14/21", "7/15/21"], "max_14": 251, "max": 8958, "value": [7.428571428571429, 7.428571428571429, 7.785714285714286, 9.285714285714286, 10.428571428571429, 9.928571428571429, 9.142857142857142, 8.857142857142858, 8.857142857142858, 8.285714285714286, 7.5, 7.928571428571429, 9.214285714285714, 9.857142857142858, 9.857142857142858, 12.642857142857142, 16.642857142857142, 18.5, 20.0, 21.785714285714285, 22.714285714285715, 22.714285714285715, 21.571428571428573, 18.285714285714285], "time": ["6/21/21", "6/22/21", "6/23/21", "6/24/21", "6/25/21", "6/26/21", "6/27/21", "6/28/21", "6/29/21", "6/30/21", "7/1/21", "7/2/21", "7/3/21", "7/4/21", "7/5/21", "7/6/21", "7/7/21", "7/8/21", "7/9/21", "7/10/21", "7/11/21", "7/12/21", "7/13/21", "7/14/21", "7/15/21", "7/16/21", "7/17/21", "7/18/21", "7/19/21"], "original_values": [0, 16, 7, 11, 14, 4, 0, 0, 21, 23, 11, 7, 0, 0, 0, 13, 20, 20, 16, 0, 0, 39, 30, 29, 32, 29, 0, 0, 23]}