{"dates": ["6/24/21", "6/25/21", "6/26/21", "6/27/21", "6/28/21", "6/29/21", "6/30/21", "7/1/21", "7/2/21", "7/3/21", "7/4/21", "7/5/21", "7/6/21", "7/7/21", "7/8/21", "7/9/21", "7/10/21", "7/11/21", "7/12/21", "7/13/21", "7/14/21", "7/15/21"], "max_14": 117, "max": 16069, "value": [2.7142857142857144, 3.5, 3.857142857142857, 4.357142857142857, 5.928571428571429, 6.857142857142857, 6.785714285714286, 6.428571428571429, 5.285714285714286, 4.714285714285714, 4.5, 3.4285714285714284, 3.2857142857142856, 3.4285714285714284, 3.4285714285714284, 4.642857142857143, 6.0, 6.571428571428571, 7.5, 7.571428571428571, 7.142857142857143, 8.285714285714286, 10.142857142857142, 10.214285714285714], "time": ["6/21/21", "6/22/21", "6/23/21", "6/24/21", "6/25/21", "6/26/21", "6/27/21", "6/28/21", "6/29/21", "6/30/21", "7/1/21", "7/2/21", "7/3/21", "7/4/21", "7/5/21", "7/6/21", "7/7/21", "7/8/21", "7/9/21", "7/10/21", "7/11/21", "7/12/21", "7/13/21", "7/14/21", "7/15/21", "7/16/21", "7/17/21", "7/18/21", "7/19/21"], "original_values": [5, 5, 2, 2, 0, 5, 0, 16, -1, 15, 11, 4, 0, 0, 0, 7, 4, 7, 6, 0, 0, 17, 9, 10, 14, 0, 0, 16, 27]}