{"dates": ["6/24/21", "6/25/21", "6/26/21", "6/27/21", "6/28/21", "6/29/21", "6/30/21", "7/1/21", "7/2/21", "7/3/21", "7/4/21", "7/5/21", "7/6/21", "7/7/21", "7/8/21", "7/9/21", "7/10/21", "7/11/21", "7/12/21", "7/13/21", "7/14/21", "7/15/21"], "max_14": 902, "max": 14212, "value": [13.571428571428571, 14.642857142857142, 15.428571428571429, 15.5, 16.357142857142858, 17.571428571428573, 18.285714285714285, 18.285714285714285, 16.0, 17.714285714285715, 23.357142857142858, 25.642857142857142, 28.0, 29.714285714285715, 29.714285714285715, 38.5, 46.214285714285715, 51.285714285714285, 62.42857142857143, 69.5, 71.57142857142857, 71.57142857142857, 76.57142857142857, 77.5], "time": ["6/21/21", "6/22/21", "6/23/21", "6/24/21", "6/25/21", "6/26/21", "6/27/21", "6/28/21", "6/29/21", "6/30/21", "7/1/21", "7/2/21", "7/3/21", "7/4/21", "7/5/21", "7/6/21", "7/7/21", "7/8/21", "7/9/21", "7/10/21", "7/11/21", "7/12/21", "7/13/21", "7/14/21", "7/15/21", "7/16/21", "7/17/21", "7/18/21", "7/19/21"], "original_values": [17, 20, 24, 18, 16, 0, 0, 32, 16, 29, 25, 26, 0, 0, 0, 72, 52, 34, 50, 0, 0, 123, 57, 138, 104, 79, 0, 0, 193]}