{"dates": ["6/24/21", "6/25/21", "6/26/21", "6/27/21", "6/28/21", "6/29/21", "6/30/21", "7/1/21", "7/2/21", "7/3/21", "7/4/21", "7/5/21", "7/6/21", "7/7/21", "7/8/21", "7/9/21", "7/10/21", "7/11/21", "7/12/21", "7/13/21", "7/14/21", "7/15/21"], "max_14": 1314, "max": 140314, "value": [28.571428571428573, 31.714285714285715, 32.214285714285715, 33.642857142857146, 34.92857142857143, 37.142857142857146, 38.642857142857146, 40.214285714285715, 44.5, 46.42857142857143, 46.5, 51.0, 55.714285714285715, 59.857142857142854, 64.78571428571429, 67.57142857142857, 71.85714285714286, 77.42857142857143, 81.42857142857143, 87.07142857142857, 98.78571428571429, 111.0, 117.28571428571429, 114.28571428571429], "time": ["6/21/21", "6/22/21", "6/23/21", "6/24/21", "6/25/21", "6/26/21", "6/27/21", "6/28/21", "6/29/21", "6/30/21", "7/1/21", "7/2/21", "7/3/21", "7/4/21", "7/5/21", "7/6/21", "7/7/21", "7/8/21", "7/9/21", "7/10/21", "7/11/21", "7/12/21", "7/13/21", "7/14/21", "7/15/21", "7/16/21", "7/17/21", "7/18/21", "7/19/21"], "original_values": [21, 21, 27, 30, 38, 43, 40, 25, 24, 44, 31, 68, 34, 71, 54, 22, 47, 91, 74, 86, 88, 76, 60, 87, 107, 137, 187, 158, 94]}