{"dates": ["6/24/21", "6/25/21", "6/26/21", "6/27/21", "6/28/21", "6/29/21", "6/30/21", "7/1/21", "7/2/21", "7/3/21", "7/4/21", "7/5/21", "7/6/21", "7/7/21", "7/8/21", "7/9/21", "7/10/21", "7/11/21", "7/12/21", "7/13/21", "7/14/21", "7/15/21"], "max_14": 205, "max": 10329, "value": [2.5714285714285716, 2.857142857142857, 3.357142857142857, 4.214285714285714, 5.214285714285714, 6.142857142857143, 6.714285714285714, 6.714285714285714, 6.357142857142857, 7.142857142857143, 8.857142857142858, 9.5, 9.142857142857142, 8.714285714285714, 8.714285714285714, 10.142857142857142, 10.714285714285714, 9.714285714285714, 10.0, 11.357142857142858, 12.285714285714286, 12.285714285714286, 15.0, 17.0], "time": ["6/21/21", "6/22/21", "6/23/21", "6/24/21", "6/25/21", "6/26/21", "6/27/21", "6/28/21", "6/29/21", "6/30/21", "7/1/21", "7/2/21", "7/3/21", "7/4/21", "7/5/21", "7/6/21", "7/7/21", "7/8/21", "7/9/21", "7/10/21", "7/11/21", "7/12/21", "7/13/21", "7/14/21", "7/15/21", "7/16/21", "7/17/21", "7/18/21", "7/19/21"], "original_values": [1, 3, 5, 4, 5, 0, 0, 5, 6, 14, 9, 13, 0, 0, 0, 22, 22, 10, 7, 0, 0, 20, 10, 20, 16, 20, 0, 0, 58]}