{"dates": ["6/24/21", "6/25/21", "6/26/21", "6/27/21", "6/28/21", "6/29/21", "6/30/21", "7/1/21", "7/2/21", "7/3/21", "7/4/21", "7/5/21", "7/6/21", "7/7/21", "7/8/21", "7/9/21", "7/10/21", "7/11/21", "7/12/21", "7/13/21", "7/14/21", "7/15/21"], "max_14": 764, "max": 91136, "value": [-3.7142857142857144, -5.714285714285714, -10.928571428571429, -15.357142857142858, -16.428571428571427, -15.642857142857142, -13.714285714285714, -12.428571428571429, -10.071428571428571, 0.7142857142857143, 12.285714285714286, 21.142857142857142, 30.571428571428573, 34.285714285714285, 34.285714285714285, 42.214285714285715, 47.785714285714285, 49.57142857142857, 52.714285714285715, 47.357142857142854, 43.0, 47.92857142857143, 55.92857142857143, 56.142857142857146], "time": ["6/21/21", "6/22/21", "6/23/21", "6/24/21", "6/25/21", "6/26/21", "6/27/21", "6/28/21", "6/29/21", "6/30/21", "7/1/21", "7/2/21", "7/3/21", "7/4/21", "7/5/21", "7/6/21", "7/7/21", "7/8/21", "7/9/21", "7/10/21", "7/11/21", "7/12/21", "7/13/21", "7/14/21", "7/15/21", "7/16/21", "7/17/21", "7/18/21", "7/19/21"], "original_values": [-5, 0, 10, -13, 0, -18, 0, -33, -45, -7, -11, 9, 0, 0, 0, 73, 37, 69, 61, 0, 0, 111, 40, 95, 55, 0, 0, 69, 154]}