{"dates": ["6/24/21", "6/25/21", "6/26/21", "6/27/21", "6/28/21", "6/29/21", "6/30/21", "7/1/21", "7/2/21", "7/3/21", "7/4/21", "7/5/21", "7/6/21", "7/7/21", "7/8/21", "7/9/21", "7/10/21", "7/11/21", "7/12/21", "7/13/21", "7/14/21", "7/15/21"], "max_14": 192, "max": 28506, "value": [4.071428571428571, 3.642857142857143, 2.857142857142857, 3.357142857142857, 4.428571428571429, 5.0, 5.785714285714286, 6.571428571428571, 7.285714285714286, 7.642857142857143, 5.928571428571429, 4.714285714285714, 5.142857142857143, 5.0, 5.857142857142857, 6.857142857142857, 7.142857142857143, 9.357142857142858, 11.857142857142858, 14.071428571428571, 15.357142857142858, 13.642857142857142, 16.142857142857142, 19.5], "time": ["6/21/21", "6/22/21", "6/23/21", "6/24/21", "6/25/21", "6/26/21", "6/27/21", "6/28/21", "6/29/21", "6/30/21", "7/1/21", "7/2/21", "7/3/21", "7/4/21", "7/5/21", "7/6/21", "7/7/21", "7/8/21", "7/9/21", "7/10/21", "7/11/21", "7/12/21", "7/13/21", "7/14/21", "7/15/21", "7/16/21", "7/17/21", "7/18/21", "7/19/21"], "original_values": [7, 8, 5, 5, 3, 0, 1, 0, 4, 16, 9, 7, 7, 5, 6, 3, -7, 15, 7, 5, 19, 6, 7, 20, 23, 30, 0, 0, 60]}