{"dates": ["6/24/21", "6/25/21", "6/26/21", "6/27/21", "6/28/21", "6/29/21", "6/30/21", "7/1/21", "7/2/21", "7/3/21", "7/4/21", "7/5/21", "7/6/21", "7/7/21", "7/8/21", "7/9/21", "7/10/21", "7/11/21", "7/12/21", "7/13/21", "7/14/21", "7/15/21"], "max_14": 378, "max": 17264, "value": [6.857142857142857, 7.214285714285714, 7.5, 7.214285714285714, 7.642857142857143, 7.928571428571429, 7.571428571428571, 7.571428571428571, 6.214285714285714, 7.928571428571429, 10.857142857142858, 11.571428571428571, 14.285714285714286, 16.142857142857142, 16.142857142857142, 21.214285714285715, 23.714285714285715, 23.357142857142858, 25.357142857142858, 25.0, 24.857142857142858, 24.857142857142858, 26.285714285714285, 26.857142857142858], "time": ["6/21/21", "6/22/21", "6/23/21", "6/24/21", "6/25/21", "6/26/21", "6/27/21", "6/28/21", "6/29/21", "6/30/21", "7/1/21", "7/2/21", "7/3/21", "7/4/21", "7/5/21", "7/6/21", "7/7/21", "7/8/21", "7/9/21", "7/10/21", "7/11/21", "7/12/21", "7/13/21", "7/14/21", "7/15/21", "7/16/21", "7/17/21", "7/18/21", "7/19/21"], "original_values": [14, 6, 10, 7, 11, 0, 0, 19, 5, 7, 16, 6, 0, 0, 0, 48, 5, 28, 32, 0, 0, 71, 12, 36, 25, 30, 0, 0, 91]}