{"dates": ["6/24/21", "6/25/21", "6/26/21", "6/27/21", "6/28/21", "6/29/21", "6/30/21", "7/1/21", "7/2/21", "7/3/21", "7/4/21", "7/5/21", "7/6/21", "7/7/21", "7/8/21", "7/9/21", "7/10/21", "7/11/21", "7/12/21", "7/13/21", "7/14/21", "7/15/21"], "max_14": 125, "max": 14510, "value": [5.357142857142857, 5.5, 4.785714285714286, 4.928571428571429, 5.142857142857143, 4.928571428571429, 5.357142857142857, 5.5, 5.285714285714286, 5.214285714285714, 4.928571428571429, 5.071428571428571, 6.214285714285714, 6.857142857142857, 6.928571428571429, 7.571428571428571, 8.0, 8.142857142857142, 8.571428571428571, 8.714285714285714, 8.142857142857142, 7.214285714285714, 8.285714285714286, 9.714285714285714], "time": ["6/21/21", "6/22/21", "6/23/21", "6/24/21", "6/25/21", "6/26/21", "6/27/21", "6/28/21", "6/29/21", "6/30/21", "7/1/21", "7/2/21", "7/3/21", "7/4/21", "7/5/21", "7/6/21", "7/7/21", "7/8/21", "7/9/21", "7/10/21", "7/11/21", "7/12/21", "7/13/21", "7/14/21", "7/15/21", "7/16/21", "7/17/21", "7/18/21", "7/19/21"], "original_values": [6, 8, 6, 11, 0, 3, 7, 1, 3, 13, 7, 1, 8, 4, 1, 2, 10, 12, 12, 6, 7, 7, 2, 12, 16, 10, 0, 0, 29]}