{"dates": ["6/24/21", "6/25/21", "6/26/21", "6/27/21", "6/28/21", "6/29/21", "6/30/21", "7/1/21", "7/2/21", "7/3/21", "7/4/21", "7/5/21", "7/6/21", "7/7/21", "7/8/21", "7/9/21", "7/10/21", "7/11/21", "7/12/21", "7/13/21", "7/14/21", "7/15/21"], "max_14": 82, "max": 9606, "value": [7.857142857142857, 7.642857142857143, 7.571428571428571, 7.857142857142857, 7.714285714285714, 7.071428571428571, 6.714285714285714, 6.714285714285714, 6.285714285714286, 5.214285714285714, 5.071428571428571, 6.214285714285714, 6.571428571428571, 6.285714285714286, 6.285714285714286, 7.285714285714286, 7.642857142857143, 6.214285714285714, 4.785714285714286, 4.785714285714286, 5.428571428571429, 5.428571428571429, 4.357142857142857, 2.857142857142857], "time": ["6/21/21", "6/22/21", "6/23/21", "6/24/21", "6/25/21", "6/26/21", "6/27/21", "6/28/21", "6/29/21", "6/30/21", "7/1/21", "7/2/21", "7/3/21", "7/4/21", "7/5/21", "7/6/21", "7/7/21", "7/8/21", "7/9/21", "7/10/21", "7/11/21", "7/12/21", "7/13/21", "7/14/21", "7/15/21", "7/16/21", "7/17/21", "7/18/21", "7/19/21"], "original_values": [9, 22, 7, 7, 10, 0, 0, 6, 24, 9, 3, 5, 0, 0, 0, 15, 16, 12, 1, 0, 0, 14, 6, 5, 3, 10, 0, 0, -1]}