{"dates": ["6/24/21", "6/25/21", "6/26/21", "6/27/21", "6/28/21", "6/29/21", "6/30/21", "7/1/21", "7/2/21", "7/3/21", "7/4/21", "7/5/21", "7/6/21", "7/7/21", "7/8/21", "7/9/21", "7/10/21", "7/11/21", "7/12/21", "7/13/21", "7/14/21", "7/15/21"], "max_14": 92, "max": 12939, "value": [3.7142857142857144, 4.071428571428571, 3.4285714285714284, 2.2857142857142856, 2.2142857142857144, 2.5, 2.7142857142857144, 2.7142857142857144, 2.357142857142857, 2.357142857142857, 3.2142857142857144, 4.0, 4.714285714285714, 5.142857142857143, 5.142857142857143, 6.785714285714286, 8.0, 7.285714285714286, 6.571428571428571, 5.642857142857143, 5.142857142857143, 5.142857142857143, 4.928571428571429, 4.5], "time": ["6/21/21", "6/22/21", "6/23/21", "6/24/21", "6/25/21", "6/26/21", "6/27/21", "6/28/21", "6/29/21", "6/30/21", "7/1/21", "7/2/21", "7/3/21", "7/4/21", "7/5/21", "7/6/21", "7/7/21", "7/8/21", "7/9/21", "7/10/21", "7/11/21", "7/12/21", "7/13/21", "7/14/21", "7/15/21", "7/16/21", "7/17/21", "7/18/21", "7/19/21"], "original_values": [0, 18, 3, 3, 2, 0, 0, 5, 4, 1, 4, 5, 0, 0, 0, 9, 8, 8, 11, 0, 0, 23, 3, 4, 2, 4, 0, 0, 20]}