{"dates": ["6/24/21", "6/25/21", "6/26/21", "6/27/21", "6/28/21", "6/29/21", "6/30/21", "7/1/21", "7/2/21", "7/3/21", "7/4/21", "7/5/21", "7/6/21", "7/7/21", "7/8/21", "7/9/21", "7/10/21", "7/11/21", "7/12/21", "7/13/21", "7/14/21", "7/15/21"], "max_14": 67, "max": 26214, "value": [2.9285714285714284, 3.0714285714285716, 2.9285714285714284, 2.642857142857143, 2.357142857142857, 2.357142857142857, 2.5, 3.0714285714285716, 3.357142857142857, 3.0714285714285716, 3.142857142857143, 3.2857142857142856, 3.2142857142857144, 3.357142857142857, 3.2857142857142856, 3.142857142857143, 3.2857142857142856, 3.357142857142857, 4.071428571428571, 5.214285714285714, 5.642857142857143, 5.5, 5.857142857142857, 6.142857142857143], "time": ["6/21/21", "6/22/21", "6/23/21", "6/24/21", "6/25/21", "6/26/21", "6/27/21", "6/28/21", "6/29/21", "6/30/21", "7/1/21", "7/2/21", "7/3/21", "7/4/21", "7/5/21", "7/6/21", "7/7/21", "7/8/21", "7/9/21", "7/10/21", "7/11/21", "7/12/21", "7/13/21", "7/14/21", "7/15/21", "7/16/21", "7/17/21", "7/18/21", "7/19/21"], "original_values": [4, 4, 4, 3, 1, 4, 1, 5, 1, 3, 0, 4, 3, 10, 0, 2, 3, 2, 1, 8, 4, 4, 0, 6, 9, 10, 5, 5, 8]}