{"dates": ["6/24/21", "6/25/21", "6/26/21", "6/27/21", "6/28/21", "6/29/21", "6/30/21", "7/1/21", "7/2/21", "7/3/21", "7/4/21", "7/5/21", "7/6/21", "7/7/21", "7/8/21", "7/9/21", "7/10/21", "7/11/21", "7/12/21", "7/13/21", "7/14/21", "7/15/21"], "max_14": 140, "max": 10345, "value": [3.4285714285714284, 3.9285714285714284, 4.428571428571429, 4.714285714285714, 5.0, 3.857142857142857, 2.7142857142857144, 2.7142857142857144, 2.2857142857142856, 1.8571428571428572, 2.9285714285714284, 4.0, 4.714285714285714, 5.857142857142857, 6.285714285714286, 6.642857142857143, 7.0, 5.785714285714286, 5.642857142857143, 8.214285714285714, 10.214285714285714, 11.285714285714286, 12.428571428571429, 13.0], "time": ["6/21/21", "6/22/21", "6/23/21", "6/24/21", "6/25/21", "6/26/21", "6/27/21", "6/28/21", "6/29/21", "6/30/21", "7/1/21", "7/2/21", "7/3/21", "7/4/21", "7/5/21", "7/6/21", "7/7/21", "7/8/21", "7/9/21", "7/10/21", "7/11/21", "7/12/21", "7/13/21", "7/14/21", "7/15/21", "7/16/21", "7/17/21", "7/18/21", "7/19/21"], "original_values": [-1, 0, 5, 0, 20, 0, 0, 6, 0, 9, 0, 4, 0, 0, 0, 0, 24, 0, 14, 6, 0, 5, 0, 7, 15, 35, 13, 8, 13]}