{"dates": ["6/24/21", "6/25/21", "6/26/21", "6/27/21", "6/28/21", "6/29/21", "6/30/21", "7/1/21", "7/2/21", "7/3/21", "7/4/21", "7/5/21", "7/6/21", "7/7/21", "7/8/21", "7/9/21", "7/10/21", "7/11/21", "7/12/21", "7/13/21", "7/14/21", "7/15/21"], "max_14": 114, "max": 2034, "value": [1.7142857142857142, 1.5, 1.9285714285714286, 3.142857142857143, 3.2142857142857144, 3.0714285714285716, 3.4285714285714284, 3.4285714285714284, 3.4285714285714284, 4.357142857142857, 5.0, 5.0, 5.142857142857143, 5.0, 5.0, 5.357142857142857, 4.142857142857143, 3.0, 3.7142857142857144, 4.0, 4.0, 4.0, 7.285714285714286, 10.571428571428571], "time": ["6/21/21", "6/22/21", "6/23/21", "6/24/21", "6/25/21", "6/26/21", "6/27/21", "6/28/21", "6/29/21", "6/30/21", "7/1/21", "7/2/21", "7/3/21", "7/4/21", "7/5/21", "7/6/21", "7/7/21", "7/8/21", "7/9/21", "7/10/21", "7/11/21", "7/12/21", "7/13/21", "7/14/21", "7/15/21", "7/16/21", "7/17/21", "7/18/21", "7/19/21"], "original_values": [3, 0, 1, 7, 1, 0, 0, 0, 9, 9, 0, 6, 0, 0, 0, 22, 5, 4, 4, 0, 0, 5, 0, 11, 8, 4, 0, 0, 51]}