{"dates": ["6/24/21", "6/25/21", "6/26/21", "6/27/21", "6/28/21", "6/29/21", "6/30/21", "7/1/21", "7/2/21", "7/3/21", "7/4/21", "7/5/21", "7/6/21", "7/7/21", "7/8/21", "7/9/21", "7/10/21", "7/11/21", "7/12/21", "7/13/21", "7/14/21", "7/15/21"], "max_14": 58, "max": 2106, "value": [0.5714285714285714, 0.9285714285714286, 1.3571428571428572, 1.2857142857142858, 1.5, 2.0, 2.142857142857143, 2.142857142857143, 1.9285714285714286, 1.5714285714285714, 2.0, 2.2142857142857144, 2.2142857142857144, 2.5714285714285716, 2.5714285714285716, 2.642857142857143, 2.857142857142857, 3.0, 3.5, 3.5714285714285716, 3.142857142857143, 3.142857142857143, 4.357142857142857, 5.357142857142857], "time": ["6/21/21", "6/22/21", "6/23/21", "6/24/21", "6/25/21", "6/26/21", "6/27/21", "6/28/21", "6/29/21", "6/30/21", "7/1/21", "7/2/21", "7/3/21", "7/4/21", "7/5/21", "7/6/21", "7/7/21", "7/8/21", "7/9/21", "7/10/21", "7/11/21", "7/12/21", "7/13/21", "7/14/21", "7/15/21", "7/16/21", "7/17/21", "7/18/21", "7/19/21"], "original_values": [-2, 2, 1, 2, 1, 0, 0, 3, 3, -1, 7, 3, 0, 0, 0, 1, 7, 2, 8, 0, 0, 1, 3, 7, 9, 2, 0, 0, 18]}