{"dates": ["6/24/21", "6/25/21", "6/26/21", "6/27/21", "6/28/21", "6/29/21", "6/30/21", "7/1/21", "7/2/21", "7/3/21", "7/4/21", "7/5/21", "7/6/21", "7/7/21", "7/8/21", "7/9/21", "7/10/21", "7/11/21", "7/12/21", "7/13/21", "7/14/21", "7/15/21"], "max_14": 86, "max": 1534, "value": [4.0, 3.7142857142857144, 3.857142857142857, 4.071428571428571, 3.5714285714285716, 2.857142857142857, 2.357142857142857, 2.2857142857142856, 2.2142857142857144, 2.2857142857142856, 2.4285714285714284, 2.7142857142857144, 3.2857142857142856, 3.5714285714285716, 3.5714285714285716, 4.5, 5.285714285714286, 5.0, 5.0, 5.5, 5.857142857142857, 5.857142857142857, 6.357142857142857, 6.357142857142857], "time": ["6/21/21", "6/22/21", "6/23/21", "6/24/21", "6/25/21", "6/26/21", "6/27/21", "6/28/21", "6/29/21", "6/30/21", "7/1/21", "7/2/21", "7/3/21", "7/4/21", "7/5/21", "7/6/21", "7/7/21", "7/8/21", "7/9/21", "7/10/21", "7/11/21", "7/12/21", "7/13/21", "7/14/21", "7/15/21", "7/16/21", "7/17/21", "7/18/21", "7/19/21"], "original_values": [5, 1, 7, 6, 8, 1, 0, 1, 7, 4, 2, 2, 0, 0, 0, 9, 4, 6, 6, 0, 0, 13, 7, 2, 8, 11, 0, 0, 20]}