{"dates": ["6/24/21", "6/25/21", "6/26/21", "6/27/21", "6/28/21", "6/29/21", "6/30/21", "7/1/21", "7/2/21", "7/3/21", "7/4/21", "7/5/21", "7/6/21", "7/7/21", "7/8/21", "7/9/21", "7/10/21", "7/11/21", "7/12/21", "7/13/21", "7/14/21", "7/15/21"], "max_14": 57, "max": 5531, "value": [44.0, 44.142857142857146, 50.07142857142857, 54.07142857142857, 46.42857142857143, 35.642857142857146, 25.357142857142858, 20.071428571428573, 20.071428571428573, 14.714285714285714, 6.785714285714286, 4.5, 4.714285714285714, 4.142857142857143, 3.9285714285714284, 4.071428571428571, 3.857142857142857, 3.5, 3.5714285714285716, 3.7142857142857144, 4.071428571428571, 4.285714285714286, 4.071428571428571, 3.7142857142857144], "time": ["6/21/21", "6/22/21", "6/23/21", "6/24/21", "6/25/21", "6/26/21", "6/27/21", "6/28/21", "6/29/21", "6/30/21", "7/1/21", "7/2/21", "7/3/21", "7/4/21", "7/5/21", "7/6/21", "7/7/21", "7/8/21", "7/9/21", "7/10/21", "7/11/21", "7/12/21", "7/13/21", "7/14/21", "7/15/21", "7/16/21", "7/17/21", "7/18/21", "7/19/21"], "original_values": [-1, 1, 69, 81, 75, 83, 0, 1, 82, 44, -1, 6, 8, 1, 0, 8, 7, 4, 4, 2, 4, -1, 6, 4, 8, 2, 9, 0, 0]}