{"dates": ["6/24/21", "6/25/21", "6/26/21", "6/27/21", "6/28/21", "6/29/21", "6/30/21", "7/1/21", "7/2/21", "7/3/21", "7/4/21", "7/5/21", "7/6/21", "7/7/21", "7/8/21", "7/9/21", "7/10/21", "7/11/21", "7/12/21", "7/13/21", "7/14/21", "7/15/21"], "max_14": 157, "max": 12444, "value": [5.0, 5.571428571428571, 5.928571428571429, 5.857142857142857, 5.714285714285714, 5.928571428571429, 6.428571428571429, 6.428571428571429, 5.571428571428571, 6.214285714285714, 7.785714285714286, 8.142857142857142, 8.142857142857142, 7.857142857142857, 7.857142857142857, 9.785714285714286, 10.571428571428571, 9.357142857142858, 9.428571428571429, 10.071428571428571, 10.571428571428571, 10.571428571428571, 10.642857142857142, 10.0], "time": ["6/21/21", "6/22/21", "6/23/21", "6/24/21", "6/25/21", "6/26/21", "6/27/21", "6/28/21", "6/29/21", "6/30/21", "7/1/21", "7/2/21", "7/3/21", "7/4/21", "7/5/21", "7/6/21", "7/7/21", "7/8/21", "7/9/21", "7/10/21", "7/11/21", "7/12/21", "7/13/21", "7/14/21", "7/15/21", "7/16/21", "7/17/21", "7/18/21", "7/19/21"], "original_values": [4, 8, 7, 10, 6, 0, 0, 12, 5, 9, 6, 13, 0, 0, 0, 26, 10, 10, 9, 0, 0, 27, 10, 9, 12, 16, 0, 0, 28]}