{"dates": ["6/24/21", "6/25/21", "6/26/21", "6/27/21", "6/28/21", "6/29/21", "6/30/21", "7/1/21", "7/2/21", "7/3/21", "7/4/21", "7/5/21", "7/6/21", "7/7/21", "7/8/21", "7/9/21", "7/10/21", "7/11/21", "7/12/21", "7/13/21", "7/14/21", "7/15/21"], "max_14": 335, "max": 47481, "value": [-1.8571428571428572, -1.7857142857142858, -1.6428571428571428, -1.7142857142857142, -1.2857142857142858, -0.07142857142857142, 0.35714285714285715, 0.14285714285714285, 0.07142857142857142, 3.642857142857143, 8.142857142857142, 9.5, 11.5, 13.142857142857142, 13.142857142857142, 14.142857142857142, 18.071428571428573, 21.5, 23.142857142857142, 26.142857142857142, 28.0, 28.0, 30.357142857142858, 27.0], "time": ["6/21/21", "6/22/21", "6/23/21", "6/24/21", "6/25/21", "6/26/21", "6/27/21", "6/28/21", "6/29/21", "6/30/21", "7/1/21", "7/2/21", "7/3/21", "7/4/21", "7/5/21", "7/6/21", "7/7/21", "7/8/21", "7/9/21", "7/10/21", "7/11/21", "7/12/21", "7/13/21", "7/14/21", "7/15/21", "7/16/21", "7/17/21", "7/18/21", "7/19/21"], "original_values": [0, -13, 0, -1, -1, 1, 2, -1, -10, -4, 9, 6, 0, 0, 0, 39, 10, 14, 29, 0, 0, 14, 80, 17, 30, 55, 0, 0, 47]}