{"dates": ["6/24/21", "6/25/21", "6/26/21", "6/27/21", "6/28/21", "6/29/21", "6/30/21", "7/1/21", "7/2/21", "7/3/21", "7/4/21", "7/5/21", "7/6/21", "7/7/21", "7/8/21", "7/9/21", "7/10/21", "7/11/21", "7/12/21", "7/13/21", "7/14/21", "7/15/21"], "max_14": 302, "max": 10852, "value": [10.785714285714286, 11.785714285714286, 12.071428571428571, 12.928571428571429, 13.642857142857142, 14.571428571428571, 15.214285714285714, 14.714285714285714, 14.714285714285714, 14.0, 13.071428571428571, 13.571428571428571, 14.642857142857142, 16.785714285714285, 19.0, 18.928571428571427, 19.0, 19.785714285714285, 21.642857142857142, 22.928571428571427, 23.214285714285715, 23.785714285714285, 24.214285714285715, 23.5], "time": ["6/21/21", "6/22/21", "6/23/21", "6/24/21", "6/25/21", "6/26/21", "6/27/21", "6/28/21", "6/29/21", "6/30/21", "7/1/21", "7/2/21", "7/3/21", "7/4/21", "7/5/21", "7/6/21", "7/7/21", "7/8/21", "7/9/21", "7/10/21", "7/11/21", "7/12/21", "7/13/21", "7/14/21", "7/15/21", "7/16/21", "7/17/21", "7/18/21", "7/19/21"], "original_values": [5, 20, 12, 19, 6, 8, 11, 8, 21, 23, 18, 20, 3, 9, 10, 9, 22, 26, 27, 26, 17, 1, 19, 23, 51, 20, 37, 14, 10]}