{"dates": ["6/24/21", "6/25/21", "6/26/21", "6/27/21", "6/28/21", "6/29/21", "6/30/21", "7/1/21", "7/2/21", "7/3/21", "7/4/21", "7/5/21", "7/6/21", "7/7/21", "7/8/21", "7/9/21", "7/10/21", "7/11/21", "7/12/21", "7/13/21", "7/14/21", "7/15/21"], "max_14": 94, "max": 8258, "value": [4.0, 3.642857142857143, 3.2857142857142856, 3.642857142857143, 3.7857142857142856, 3.4285714285714284, 3.2857142857142856, 3.2857142857142856, 2.857142857142857, 3.2142857142857144, 3.9285714285714284, 3.857142857142857, 3.5714285714285716, 3.2857142857142856, 3.2857142857142856, 3.7857142857142856, 3.857142857142857, 3.7857142857142856, 4.142857142857143, 5.285714285714286, 6.428571428571429, 6.428571428571429, 7.785714285714286, 8.642857142857142], "time": ["6/21/21", "6/22/21", "6/23/21", "6/24/21", "6/25/21", "6/26/21", "6/27/21", "6/28/21", "6/29/21", "6/30/21", "7/1/21", "7/2/21", "7/3/21", "7/4/21", "7/5/21", "7/6/21", "7/7/21", "7/8/21", "7/9/21", "7/10/21", "7/11/21", "7/12/21", "7/13/21", "7/14/21", "7/15/21", "7/16/21", "7/17/21", "7/18/21", "7/19/21"], "original_values": [11, 2, 1, 8, 6, 0, 0, 6, 2, 6, 5, 4, 0, 0, 0, 13, 5, 5, 0, 0, 0, 7, 7, 10, 5, 16, 0, 0, 26]}