{"dates": ["6/24/21", "6/25/21", "6/26/21", "6/27/21", "6/28/21", "6/29/21", "6/30/21", "7/1/21", "7/2/21", "7/3/21", "7/4/21", "7/5/21", "7/6/21", "7/7/21", "7/8/21", "7/9/21", "7/10/21", "7/11/21", "7/12/21", "7/13/21", "7/14/21", "7/15/21"], "max_14": 82, "max": 23560, "value": [3.2857142857142856, 2.9285714285714284, 2.7142857142857144, 2.357142857142857, 1.9285714285714286, 1.8571428571428572, 1.7142857142857142, 1.7142857142857142, 1.2142857142857142, 1.1428571428571428, 1.7142857142857142, 1.9285714285714286, 2.7857142857142856, 3.5714285714285716, 3.5714285714285716, 4.214285714285714, 4.642857142857143, 4.785714285714286, 5.214285714285714, 5.0, 4.714285714285714, 4.714285714285714, 5.785714285714286, 6.571428571428571], "time": ["6/21/21", "6/22/21", "6/23/21", "6/24/21", "6/25/21", "6/26/21", "6/27/21", "6/28/21", "6/29/21", "6/30/21", "7/1/21", "7/2/21", "7/3/21", "7/4/21", "7/5/21", "7/6/21", "7/7/21", "7/8/21", "7/9/21", "7/10/21", "7/11/21", "7/12/21", "7/13/21", "7/14/21", "7/15/21", "7/16/21", "7/17/21", "7/18/21", "7/19/21"], "original_values": [12, -1, 7, 5, 0, 0, 0, 7, 1, 0, 6, -2, 0, 0, 0, 7, 2, 7, 9, 0, 0, 9, 4, 7, 8, 5, 0, 0, 24]}