{"dates": ["6/24/21", "6/25/21", "6/26/21", "6/27/21", "6/28/21", "6/29/21", "6/30/21", "7/1/21", "7/2/21", "7/3/21", "7/4/21", "7/5/21", "7/6/21", "7/7/21", "7/8/21", "7/9/21", "7/10/21", "7/11/21", "7/12/21", "7/13/21", "7/14/21", "7/15/21"], "max_14": 181, "max": 9098, "value": [4.428571428571429, 4.428571428571429, 4.428571428571429, 4.428571428571429, 4.428571428571429, 5.285714285714286, 6.142857142857143, 6.142857142857143, 6.142857142857143, 6.142857142857143, 6.142857142857143, 6.142857142857143, 7.857142857142857, 9.571428571428571, 9.571428571428571, 9.571428571428571, 9.571428571428571, 9.571428571428571, 9.571428571428571, 12.928571428571429, 16.285714285714285, 16.285714285714285, 16.285714285714285, 16.285714285714285], "time": ["6/21/21", "6/22/21", "6/23/21", "6/24/21", "6/25/21", "6/26/21", "6/27/21", "6/28/21", "6/29/21", "6/30/21", "7/1/21", "7/2/21", "7/3/21", "7/4/21", "7/5/21", "7/6/21", "7/7/21", "7/8/21", "7/9/21", "7/10/21", "7/11/21", "7/12/21", "7/13/21", "7/14/21", "7/15/21", "7/16/21", "7/17/21", "7/18/21", "7/19/21"], "original_values": [0, 0, 0, 0, 31, 0, 0, 0, 0, 0, 0, 43, 0, 0, 0, 0, 0, 0, 67, 0, 0, 0, 0, 0, 0, 114, 0, 0, 0]}