{"dates": ["6/24/21", "6/25/21", "6/26/21", "6/27/21", "6/28/21", "6/29/21", "6/30/21", "7/1/21", "7/2/21", "7/3/21", "7/4/21", "7/5/21", "7/6/21", "7/7/21", "7/8/21", "7/9/21", "7/10/21", "7/11/21", "7/12/21", "7/13/21", "7/14/21", "7/15/21"], "max_14": 739, "max": 118675, "value": [17.714285714285715, 17.571428571428573, 18.357142857142858, 18.857142857142858, 18.071428571428573, 18.571428571428573, 19.428571428571427, 19.428571428571427, 19.285714285714285, 18.714285714285715, 20.571428571428573, 26.285714285714285, 28.785714285714285, 27.857142857142858, 27.857142857142858, 37.42857142857143, 48.857142857142854, 50.92857142857143, 50.857142857142854, 54.5, 58.42857142857143, 58.42857142857143, 58.5, 55.142857142857146], "time": ["6/21/21", "6/22/21", "6/23/21", "6/24/21", "6/25/21", "6/26/21", "6/27/21", "6/28/21", "6/29/21", "6/30/21", "7/1/21", "7/2/21", "7/3/21", "7/4/21", "7/5/21", "7/6/21", "7/7/21", "7/8/21", "7/9/21", "7/10/21", "7/11/21", "7/12/21", "7/13/21", "7/14/21", "7/15/21", "7/16/21", "7/17/21", "7/18/21", "7/19/21"], "original_values": [32, 15, 28, 37, 12, 0, 0, 30, 28, 22, 32, 24, 0, 0, 28, 22, 54, 80, 11, 0, 0, 162, 48, 57, 76, 66, 0, 0, 163]}