{"dates": ["6/24/21", "6/25/21", "6/26/21", "6/27/21", "6/28/21", "6/29/21", "6/30/21", "7/1/21", "7/2/21", "7/3/21", "7/4/21", "7/5/21", "7/6/21", "7/7/21", "7/8/21", "7/9/21", "7/10/21", "7/11/21", "7/12/21", "7/13/21", "7/14/21", "7/15/21"], "max_14": 1586, "max": 73202, "value": [62.214285714285715, 60.714285714285715, 53.07142857142857, 50.857142857142854, 54.92857142857143, 68.14285714285714, 75.0, 73.78571428571429, 73.07142857142857, 72.92857142857143, 71.14285714285714, 66.92857142857143, 57.0, 61.57142857142857, 76.0, 75.28571428571429, 83.64285714285714, 96.85714285714286, 97.28571428571429, 97.71428571428571, 120.28571428571429, 149.5, 156.14285714285714, 140.64285714285714], "time": ["6/21/21", "6/22/21", "6/23/21", "6/24/21", "6/25/21", "6/26/21", "6/27/21", "6/28/21", "6/29/21", "6/30/21", "7/1/21", "7/2/21", "7/3/21", "7/4/21", "7/5/21", "7/6/21", "7/7/21", "7/8/21", "7/9/21", "7/10/21", "7/11/21", "7/12/21", "7/13/21", "7/14/21", "7/15/21", "7/16/21", "7/17/21", "7/18/21", "7/19/21"], "original_values": [169, 40, 48, 64, 0, 63, 103, 45, 57, 0, 169, 80, 79, 70, 68, 32, 0, 110, 0, 223, 128, 0, 217, 0, 116, 0, 539, 221, 0]}