{"dates": ["6/24/21", "6/25/21", "6/26/21", "6/27/21", "6/28/21", "6/29/21", "6/30/21", "7/1/21", "7/2/21", "7/3/21", "7/4/21", "7/5/21", "7/6/21", "7/7/21", "7/8/21", "7/9/21", "7/10/21", "7/11/21", "7/12/21", "7/13/21", "7/14/21", "7/15/21"], "max_14": 1310, "max": 48976, "value": [17.142857142857142, 19.0, 21.142857142857142, 22.071428571428573, 25.357142857142858, 28.785714285714285, 29.571428571428573, 29.571428571428573, 24.785714285714285, 28.928571428571427, 40.0, 42.5, 44.92857142857143, 47.0, 47.0, 57.5, 62.285714285714285, 61.0, 68.57142857142857, 76.92857142857143, 82.14285714285714, 82.14285714285714, 100.64285714285714, 114.14285714285714], "time": ["6/21/21", "6/22/21", "6/23/21", "6/24/21", "6/25/21", "6/26/21", "6/27/21", "6/28/21", "6/29/21", "6/30/21", "7/1/21", "7/2/21", "7/3/21", "7/4/21", "7/5/21", "7/6/21", "7/7/21", "7/8/21", "7/9/21", "7/10/21", "7/11/21", "7/12/21", "7/13/21", "7/14/21", "7/15/21", "7/16/21", "7/17/21", "7/18/21", "7/19/21"], "original_values": [41, 21, 22, 21, 15, 0, 0, 67, 25, 31, 58, 26, 0, 0, 0, 150, 61, 63, 55, 0, 0, 147, 70, 123, 107, 128, 0, 0, 406]}