{"dates": ["6/24/21", "6/25/21", "6/26/21", "6/27/21", "6/28/21", "6/29/21", "6/30/21", "7/1/21", "7/2/21", "7/3/21", "7/4/21", "7/5/21", "7/6/21", "7/7/21", "7/8/21", "7/9/21", "7/10/21", "7/11/21", "7/12/21", "7/13/21", "7/14/21", "7/15/21"], "max_14": 922, "max": 185036, "value": [25.214285714285715, 26.571428571428573, 26.214285714285715, 26.071428571428573, 25.714285714285715, 25.5, 25.285714285714285, 24.785714285714285, 25.0, 26.071428571428573, 27.5, 31.571428571428573, 37.357142857142854, 41.857142857142854, 47.42857142857143, 53.642857142857146, 59.285714285714285, 63.92857142857143, 65.14285714285714, 61.5, 64.14285714285714, 70.71428571428571, 73.42857142857143, 70.64285714285714], "time": ["6/21/21", "6/22/21", "6/23/21", "6/24/21", "6/25/21", "6/26/21", "6/27/21", "6/28/21", "6/29/21", "6/30/21", "7/1/21", "7/2/21", "7/3/21", "7/4/21", "7/5/21", "7/6/21", "7/7/21", "7/8/21", "7/9/21", "7/10/21", "7/11/21", "7/12/21", "7/13/21", "7/14/21", "7/15/21", "7/16/21", "7/17/21", "7/18/21", "7/19/21"], "original_values": [23, 17, 18, 42, 32, 33, 23, 19, 16, 17, 38, 33, 29, 20, 25, 25, 28, 84, 68, 57, 70, 62, 67, 51, 78, 23, 139, 80, 90]}