{"dates": ["6/24/21", "6/25/21", "6/26/21", "6/27/21", "6/28/21", "6/29/21", "6/30/21", "7/1/21", "7/2/21", "7/3/21", "7/4/21", "7/5/21", "7/6/21", "7/7/21", "7/8/21", "7/9/21", "7/10/21", "7/11/21", "7/12/21", "7/13/21", "7/14/21", "7/15/21"], "max_14": 127, "max": 4440, "value": [3.2857142857142856, 3.357142857142857, 3.357142857142857, 3.857142857142857, 4.0, 4.0, 4.214285714285714, 4.642857142857143, 5.785714285714286, 6.142857142857143, 6.714285714285714, 7.428571428571429, 7.285714285714286, 7.571428571428571, 8.071428571428571, 7.571428571428571, 7.857142857142857, 8.0, 8.071428571428571, 8.928571428571429, 9.214285714285714, 9.857142857142858, 10.714285714285714, 10.142857142857142], "time": ["6/21/21", "6/22/21", "6/23/21", "6/24/21", "6/25/21", "6/26/21", "6/27/21", "6/28/21", "6/29/21", "6/30/21", "7/1/21", "7/2/21", "7/3/21", "7/4/21", "7/5/21", "7/6/21", "7/7/21", "7/8/21", "7/9/21", "7/10/21", "7/11/21", "7/12/21", "7/13/21", "7/14/21", "7/15/21", "7/16/21", "7/17/21", "7/18/21", "7/19/21"], "original_values": [0, 5, 2, 10, 3, 3, 0, 1, 4, 10, 4, 9, 0, 9, 8, 2, 20, 4, 7, 6, 10, 0, 14, 10, 15, 8, 9, 16, 6]}