{"dates": ["6/24/21", "6/25/21", "6/26/21", "6/27/21", "6/28/21", "6/29/21", "6/30/21", "7/1/21", "7/2/21", "7/3/21", "7/4/21", "7/5/21", "7/6/21", "7/7/21", "7/8/21", "7/9/21", "7/10/21", "7/11/21", "7/12/21", "7/13/21", "7/14/21", "7/15/21"], "max_14": 804, "max": 32090, "value": [10.285714285714286, 13.285714285714286, 16.285714285714285, 18.285714285714285, 20.285714285714285, 24.071428571428573, 27.857142857142858, 27.857142857142858, 22.071428571428573, 16.285714285714285, 21.071428571428573, 25.857142857142858, 27.571428571428573, 29.285714285714285, 29.285714285714285, 35.5, 41.714285714285715, 41.92857142857143, 42.142857142857146, 45.5, 48.857142857142854, 48.857142857142854, 61.0, 73.14285714285714], "time": ["6/21/21", "6/22/21", "6/23/21", "6/24/21", "6/25/21", "6/26/21", "6/27/21", "6/28/21", "6/29/21", "6/30/21", "7/1/21", "7/2/21", "7/3/21", "7/4/21", "7/5/21", "7/6/21", "7/7/21", "7/8/21", "7/9/21", "7/10/21", "7/11/21", "7/12/21", "7/13/21", "7/14/21", "7/15/21", "7/16/21", "7/17/21", "7/18/21", "7/19/21"], "original_values": [39, 0, 33, 0, 0, 0, 0, 81, 0, 61, 0, 53, 0, 0, 0, 0, 128, 0, 77, 0, 0, 87, 0, 131, 0, 124, 0, 0, 257]}