{"dates": ["6/24/21", "6/25/21", "6/26/21", "6/27/21", "6/28/21", "6/29/21", "6/30/21", "7/1/21", "7/2/21", "7/3/21", "7/4/21", "7/5/21", "7/6/21", "7/7/21", "7/8/21", "7/9/21", "7/10/21", "7/11/21", "7/12/21", "7/13/21", "7/14/21", "7/15/21"], "max_14": 122, "max": 7169, "value": [10.714285714285714, 9.928571428571429, 9.142857142857142, 7.928571428571429, 6.714285714285714, 6.214285714285714, 5.714285714285714, 5.714285714285714, 5.0, 4.285714285714286, 5.0, 5.714285714285714, 6.5, 7.857142857142857, 8.428571428571429, 9.0, 9.571428571428571, 8.285714285714286, 7.5, 7.357142857142857, 6.714285714285714, 7.357142857142857, 7.928571428571429, 7.857142857142857], "time": ["6/21/21", "6/22/21", "6/23/21", "6/24/21", "6/25/21", "6/26/21", "6/27/21", "6/28/21", "6/29/21", "6/30/21", "7/1/21", "7/2/21", "7/3/21", "7/4/21", "7/5/21", "7/6/21", "7/7/21", "7/8/21", "7/9/21", "7/10/21", "7/11/21", "7/12/21", "7/13/21", "7/14/21", "7/15/21", "7/16/21", "7/17/21", "7/18/21", "7/19/21"], "original_values": [21, 0, 40, 0, 14, 0, 0, 10, 0, 23, 0, 7, 0, 0, 0, 0, 33, 0, 18, 8, 0, 8, 0, 15, 7, 9, 8, 9, 7]}