{"dates": ["6/24/21", "6/25/21", "6/26/21", "6/27/21", "6/28/21", "6/29/21", "6/30/21", "7/1/21", "7/2/21", "7/3/21", "7/4/21", "7/5/21", "7/6/21", "7/7/21", "7/8/21", "7/9/21", "7/10/21", "7/11/21", "7/12/21", "7/13/21", "7/14/21", "7/15/21"], "max_14": 480, "max": 26225, "value": [9.571428571428571, 10.285714285714286, 11.0, 11.714285714285714, 12.428571428571429, 11.285714285714286, 10.142857142857142, 10.142857142857142, 8.071428571428571, 6.0, 11.714285714285714, 17.428571428571427, 20.285714285714285, 24.285714285714285, 25.428571428571427, 28.0, 30.571428571428573, 27.928571428571427, 27.857142857142858, 30.571428571428573, 32.214285714285715, 36.214285714285715, 38.357142857142854, 38.0], "time": ["6/21/21", "6/22/21", "6/23/21", "6/24/21", "6/25/21", "6/26/21", "6/27/21", "6/28/21", "6/29/21", "6/30/21", "7/1/21", "7/2/21", "7/3/21", "7/4/21", "7/5/21", "7/6/21", "7/7/21", "7/8/21", "7/9/21", "7/10/21", "7/11/21", "7/12/21", "7/13/21", "7/14/21", "7/15/21", "7/16/21", "7/17/21", "7/18/21", "7/19/21"], "original_values": [19, 0, 12, 0, 36, 0, 0, 29, 0, 22, 0, 20, 0, 0, 0, 0, 102, 0, 60, 16, 0, 36, 0, 65, 36, 62, 37, 35, 31]}