{"dates": ["6/24/21", "6/25/21", "6/26/21", "6/27/21", "6/28/21", "6/29/21", "6/30/21", "7/1/21", "7/2/21", "7/3/21", "7/4/21", "7/5/21", "7/6/21", "7/7/21", "7/8/21", "7/9/21", "7/10/21", "7/11/21", "7/12/21", "7/13/21", "7/14/21", "7/15/21"], "max_14": 28, "max": 2835, "value": [5.857142857142857, 5.928571428571429, 6.142857142857143, 6.142857142857143, 5.857142857142857, 5.5, 4.285714285714286, 3.2857142857142856, 3.142857142857143, 2.7142857142857144, 2.2857142857142856, 1.8571428571428572, 1.5714285714285714, 1.5714285714285714, 1.5714285714285714, 1.7857142857142858, 2.142857142857143, 2.0714285714285716, 1.9285714285714286, 1.9285714285714286, 1.8571428571428572, 1.8571428571428572, 1.9285714285714286, 1.7857142857142858], "time": ["6/21/21", "6/22/21", "6/23/21", "6/24/21", "6/25/21", "6/26/21", "6/27/21", "6/28/21", "6/29/21", "6/30/21", "7/1/21", "7/2/21", "7/3/21", "7/4/21", "7/5/21", "7/6/21", "7/7/21", "7/8/21", "7/9/21", "7/10/21", "7/11/21", "7/12/21", "7/13/21", "7/14/21", "7/15/21", "7/16/21", "7/17/21", "7/18/21", "7/19/21"], "original_values": [1, 3, 9, 7, 7, 14, 0, 2, 5, 7, 5, 4, 0, 0, 0, 1, 5, 1, 4, 0, 0, 3, 3, 2, 2, 3, 0, 0, 4]}