{"dates": ["6/24/21", "6/25/21", "6/26/21", "6/27/21", "6/28/21", "6/29/21", "6/30/21", "7/1/21", "7/2/21", "7/3/21", "7/4/21", "7/5/21", "7/6/21", "7/7/21", "7/8/21", "7/9/21", "7/10/21", "7/11/21", "7/12/21", "7/13/21", "7/14/21", "7/15/21"], "max_14": 197, "max": 18270, "value": [12.214285714285714, 16.928571428571427, 16.785714285714285, 16.285714285714285, 15.571428571428571, 15.428571428571429, 13.285714285714286, 7.214285714285714, 3.4285714285714284, 3.9285714285714284, 4.5, 5.285714285714286, 7.714285714285714, 10.5, 10.571428571428571, 9.642857142857142, 10.928571428571429, 14.0, 16.857142857142858, 17.357142857142858, 15.785714285714286, 16.357142857142858, 18.214285714285715, 16.857142857142858], "time": ["6/21/21", "6/22/21", "6/23/21", "6/24/21", "6/25/21", "6/26/21", "6/27/21", "6/28/21", "6/29/21", "6/30/21", "7/1/21", "7/2/21", "7/3/21", "7/4/21", "7/5/21", "7/6/21", "7/7/21", "7/8/21", "7/9/21", "7/10/21", "7/11/21", "7/12/21", "7/13/21", "7/14/21", "7/15/21", "7/16/21", "7/17/21", "7/18/21", "7/19/21"], "original_values": [0, -1, 10, 9, 2, 32, 67, -1, -2, 4, 5, 4, 0, 14, -1, 5, 5, 15, 28, 15, 0, 0, 22, 31, 29, 21, 0, 23, 3]}