{"dates": ["6/24/21", "6/25/21", "6/26/21", "6/27/21", "6/28/21", "6/29/21", "6/30/21", "7/1/21", "7/2/21", "7/3/21", "7/4/21", "7/5/21", "7/6/21", "7/7/21", "7/8/21", "7/9/21", "7/10/21", "7/11/21", "7/12/21", "7/13/21", "7/14/21", "7/15/21"], "max_14": 243, "max": 61091, "value": [4.357142857142857, 4.285714285714286, 4.0, 4.142857142857143, 4.285714285714286, 4.214285714285714, 4.785714285714286, 5.571428571428571, 6.0, 6.357142857142857, 6.428571428571429, 6.785714285714286, 7.785714285714286, 9.285714285714286, 10.571428571428571, 11.071428571428571, 11.714285714285714, 12.785714285714286, 14.5, 16.642857142857142, 18.142857142857142, 19.785714285714285, 22.214285714285715, 22.5], "time": ["6/21/21", "6/22/21", "6/23/21", "6/24/21", "6/25/21", "6/26/21", "6/27/21", "6/28/21", "6/29/21", "6/30/21", "7/1/21", "7/2/21", "7/3/21", "7/4/21", "7/5/21", "7/6/21", "7/7/21", "7/8/21", "7/9/21", "7/10/21", "7/11/21", "7/12/21", "7/13/21", "7/14/21", "7/15/21", "7/16/21", "7/17/21", "7/18/21", "7/19/21"], "original_values": [3, 6, 3, 12, 6, 0, 1, 1, 4, 7, 10, 7, 7, 5, 3, 7, 5, 17, 14, 21, 9, 6, 13, 14, 32, 29, 27, 26, 23]}