{"dates": ["6/24/21", "6/25/21", "6/26/21", "6/27/21", "6/28/21", "6/29/21", "6/30/21", "7/1/21", "7/2/21", "7/3/21", "7/4/21", "7/5/21", "7/6/21", "7/7/21", "7/8/21", "7/9/21", "7/10/21", "7/11/21", "7/12/21", "7/13/21", "7/14/21", "7/15/21"], "max_14": 346, "max": 93067, "value": [18.285714285714285, 18.857142857142858, 17.571428571428573, 13.428571428571429, 8.928571428571429, 6.214285714285714, 4.714285714285714, 3.4285714285714284, 2.857142857142857, 3.5714285714285716, 5.714285714285714, 9.5, 12.857142857142858, 14.928571428571429, 17.357142857142858, 18.285714285714285, 18.857142857142858, 21.0, 22.571428571428573, 21.5, 21.357142857142858, 25.142857142857142, 29.571428571428573, 29.714285714285715], "time": ["6/21/21", "6/22/21", "6/23/21", "6/24/21", "6/25/21", "6/26/21", "6/27/21", "6/28/21", "6/29/21", "6/30/21", "7/1/21", "7/2/21", "7/3/21", "7/4/21", "7/5/21", "7/6/21", "7/7/21", "7/8/21", "7/9/21", "7/10/21", "7/11/21", "7/12/21", "7/13/21", "7/14/21", "7/15/21", "7/16/21", "7/17/21", "7/18/21", "7/19/21"], "original_values": [8, 24, 17, 32, 26, 19, 4, 12, 2, -19, 5, 15, 9, -4, 12, 12, 1, 38, 29, 24, 15, 6, 26, 17, 44, 8, 43, 49, 34]}