{"dates": ["6/24/21", "6/25/21", "6/26/21", "6/27/21", "6/28/21", "6/29/21", "6/30/21", "7/1/21", "7/2/21", "7/3/21", "7/4/21", "7/5/21", "7/6/21", "7/7/21", "7/8/21", "7/9/21", "7/10/21", "7/11/21", "7/12/21", "7/13/21", "7/14/21", "7/15/21"], "max_14": 779, "max": 32525, "value": [10.857142857142858, 14.214285714285714, 17.357142857142858, 18.714285714285715, 21.857142857142858, 23.857142857142858, 24.285714285714285, 24.285714285714285, 24.357142857142858, 24.0, 23.785714285714285, 26.214285714285715, 29.714285714285715, 31.0, 31.0, 34.714285714285715, 47.714285714285715, 60.642857142857146, 61.857142857142854, 62.785714285714285, 66.14285714285714, 66.14285714285714, 69.5, 62.642857142857146], "time": ["6/21/21", "6/22/21", "6/23/21", "6/24/21", "6/25/21", "6/26/21", "6/27/21", "6/28/21", "6/29/21", "6/30/21", "7/1/21", "7/2/21", "7/3/21", "7/4/21", "7/5/21", "7/6/21", "7/7/21", "7/8/21", "7/9/21", "7/10/21", "7/11/21", "7/12/21", "7/13/21", "7/14/21", "7/15/21", "7/16/21", "7/17/21", "7/18/21", "7/19/21"], "original_values": [7, 22, 18, 13, 16, 0, 0, 54, 19, 40, 35, 22, 0, 0, 55, 13, 43, 66, 40, 0, 0, 107, 143, 94, 32, 87, 0, 0, 154]}