{"dates": ["6/24/21", "6/25/21", "6/26/21", "6/27/21", "6/28/21", "6/29/21", "6/30/21", "7/1/21", "7/2/21", "7/3/21", "7/4/21", "7/5/21", "7/6/21", "7/7/21", "7/8/21", "7/9/21", "7/10/21", "7/11/21", "7/12/21", "7/13/21", "7/14/21", "7/15/21"], "max_14": 815, "max": 43506, "value": [32.5, 35.42857142857143, 34.714285714285715, 4.071428571428571, -24.428571428571427, -20.0, -20.071428571428573, -26.071428571428573, -31.5, -20.357142857142858, 21.714285714285715, 47.42857142857143, 40.42857142857143, 36.714285714285715, 36.714285714285715, 48.07142857142857, 48.42857142857143, 39.07142857142857, 44.714285714285715, 51.214285714285715, 53.714285714285715, 53.714285714285715, 55.357142857142854, 54.785714285714285], "time": ["6/21/21", "6/22/21", "6/23/21", "6/24/21", "6/25/21", "6/26/21", "6/27/21", "6/28/21", "6/29/21", "6/30/21", "7/1/21", "7/2/21", "7/3/21", "7/4/21", "7/5/21", "7/6/21", "7/7/21", "7/8/21", "7/9/21", "7/10/21", "7/11/21", "7/12/21", "7/13/21", "7/14/21", "7/15/21", "7/16/21", "7/17/21", "7/18/21", "7/19/21"], "original_values": [35, 4, 40, 31, 58, 35, 49, 27, 2, -387, 59, 92, 0, 0, 0, 185, 19, 13, 40, 0, 0, 159, 31, 42, 69, 75, 0, 0, 182]}