{"dates": ["6/24/21", "6/25/21", "6/26/21", "6/27/21", "6/28/21", "6/29/21", "6/30/21", "7/1/21", "7/2/21", "7/3/21", "7/4/21", "7/5/21", "7/6/21", "7/7/21", "7/8/21", "7/9/21", "7/10/21", "7/11/21", "7/12/21", "7/13/21", "7/14/21", "7/15/21"], "max_14": 67, "max": 11060, "value": [1.1428571428571428, 1.8571428571428572, 2.642857142857143, 2.7857142857142856, 2.7857142857142856, 2.7142857142857144, 2.7142857142857144, 2.7142857142857144, 1.8571428571428572, 1.3571428571428572, 1.7857142857142858, 2.2857142857142856, 2.7857142857142856, 2.857142857142857, 2.857142857142857, 3.4285714285714284, 3.7857142857142856, 3.9285714285714284, 4.285714285714286, 4.714285714285714, 5.142857142857143, 5.142857142857143, 5.357142857142857, 5.285714285714286], "time": ["6/21/21", "6/22/21", "6/23/21", "6/24/21", "6/25/21", "6/26/21", "6/27/21", "6/28/21", "6/29/21", "6/30/21", "7/1/21", "7/2/21", "7/3/21", "7/4/21", "7/5/21", "7/6/21", "7/7/21", "7/8/21", "7/9/21", "7/10/21", "7/11/21", "7/12/21", "7/13/21", "7/14/21", "7/15/21", "7/16/21", "7/17/21", "7/18/21", "7/19/21"], "original_values": [2, 1, 1, 3, 1, 0, 0, 12, 2, 2, 2, 1, 0, 0, 0, 7, 3, 8, 2, 0, 0, 8, 4, 8, 8, 8, 0, 0, 11]}