{"dates": ["6/24/21", "6/25/21", "6/26/21", "6/27/21", "6/28/21", "6/29/21", "6/30/21", "7/1/21", "7/2/21", "7/3/21", "7/4/21", "7/5/21", "7/6/21", "7/7/21", "7/8/21", "7/9/21", "7/10/21", "7/11/21", "7/12/21", "7/13/21", "7/14/21", "7/15/21"], "max_14": 56, "max": 16369, "value": [5.857142857142857, 5.714285714285714, 5.642857142857143, 4.785714285714286, 3.7857142857142856, 3.857142857142857, 4.0, 4.0, 3.642857142857143, 3.357142857142857, 2.7857142857142856, 1.9285714285714286, 2.2857142857142856, 2.857142857142857, 2.857142857142857, 2.857142857142857, 3.7857142857142856, 4.714285714285714, 4.714285714285714, 4.928571428571429, 5.142857142857143, 5.142857142857143, 5.142857142857143, 3.857142857142857], "time": ["6/21/21", "6/22/21", "6/23/21", "6/24/21", "6/25/21", "6/26/21", "6/27/21", "6/28/21", "6/29/21", "6/30/21", "7/1/21", "7/2/21", "7/3/21", "7/4/21", "7/5/21", "7/6/21", "7/7/21", "7/8/21", "7/9/21", "7/10/21", "7/11/21", "7/12/21", "7/13/21", "7/14/21", "7/15/21", "7/16/21", "7/17/21", "7/18/21", "7/19/21"], "original_values": [7, 3, 22, 4, 5, 0, 0, 5, 4, 9, 3, 7, 0, 0, 0, 5, 0, 0, 15, 0, 0, 0, 18, 0, 0, 18, 0, 0, 0]}