{"dates": ["6/24/21", "6/25/21", "6/26/21", "6/27/21", "6/28/21", "6/29/21", "6/30/21", "7/1/21", "7/2/21", "7/3/21", "7/4/21", "7/5/21", "7/6/21", "7/7/21", "7/8/21", "7/9/21", "7/10/21", "7/11/21", "7/12/21", "7/13/21", "7/14/21", "7/15/21"], "max_14": 94, "max": 10467, "value": [1.7142857142857142, 1.7857142857142858, 1.7142857142857142, 2.142857142857143, 2.7142857142857144, 2.857142857142857, 2.857142857142857, 3.0714285714285716, 3.2857142857142856, 3.4285714285714284, 3.142857142857143, 2.7142857142857144, 3.5, 4.857142857142857, 5.571428571428571, 6.071428571428571, 6.357142857142857, 7.071428571428571, 7.571428571428571, 6.785714285714286, 5.857142857142857, 6.071428571428571, 6.857142857142857, 6.928571428571429], "time": ["6/21/21", "6/22/21", "6/23/21", "6/24/21", "6/25/21", "6/26/21", "6/27/21", "6/28/21", "6/29/21", "6/30/21", "7/1/21", "7/2/21", "7/3/21", "7/4/21", "7/5/21", "7/6/21", "7/7/21", "7/8/21", "7/9/21", "7/10/21", "7/11/21", "7/12/21", "7/13/21", "7/14/21", "7/15/21", "7/16/21", "7/17/21", "7/18/21", "7/19/21"], "original_values": [1, 0, 0, 3, 3, 4, 2, 0, 0, 6, 5, 3, 4, 5, 0, 2, 0, 5, 14, 12, 7, 5, 1, 11, 1, 7, 6, 16, 7]}