{"dates": ["6/24/21", "6/25/21", "6/26/21", "6/27/21", "6/28/21", "6/29/21", "6/30/21", "7/1/21", "7/2/21", "7/3/21", "7/4/21", "7/5/21", "7/6/21", "7/7/21", "7/8/21", "7/9/21", "7/10/21", "7/11/21", "7/12/21", "7/13/21", "7/14/21", "7/15/21"], "max_14": 154, "max": 11871, "value": [1.8571428571428572, 1.3571428571428572, 1.0, 1.3571428571428572, 2.357142857142857, 3.5714285714285716, 4.0, 4.0, 3.642857142857143, 4.357142857142857, 5.428571428571429, 6.214285714285714, 6.714285714285714, 6.428571428571429, 6.428571428571429, 8.214285714285714, 9.714285714285714, 10.0, 9.928571428571429, 9.928571428571429, 10.571428571428571, 10.571428571428571, 11.285714285714286, 11.0], "time": ["6/21/21", "6/22/21", "6/23/21", "6/24/21", "6/25/21", "6/26/21", "6/27/21", "6/28/21", "6/29/21", "6/30/21", "7/1/21", "7/2/21", "7/3/21", "7/4/21", "7/5/21", "7/6/21", "7/7/21", "7/8/21", "7/9/21", "7/10/21", "7/11/21", "7/12/21", "7/13/21", "7/14/21", "7/15/21", "7/16/21", "7/17/21", "7/18/21", "7/19/21"], "original_values": [12, 1, 2, -1, -1, 0, 0, 5, 3, 5, 10, 5, 0, 0, 0, 18, 5, 21, 1, 0, 0, 25, 14, 13, 12, 10, 0, 0, 35]}