{"dates": ["6/24/21", "6/25/21", "6/26/21", "6/27/21", "6/28/21", "6/29/21", "6/30/21", "7/1/21", "7/2/21", "7/3/21", "7/4/21", "7/5/21", "7/6/21", "7/7/21", "7/8/21", "7/9/21", "7/10/21", "7/11/21", "7/12/21", "7/13/21", "7/14/21", "7/15/21"], "max_14": 320, "max": 22790, "value": [13.5, 15.928571428571429, 17.357142857142858, 18.642857142857142, 19.357142857142858, 19.714285714285715, 18.214285714285715, 14.785714285714286, 11.785714285714286, 12.785714285714286, 13.857142857142858, 12.642857142857142, 12.928571428571429, 13.285714285714286, 13.285714285714286, 16.571428571428573, 18.357142857142858, 17.857142857142858, 19.071428571428573, 19.642857142857142, 20.0, 20.0, 22.928571428571427, 24.071428571428573], "time": ["6/21/21", "6/22/21", "6/23/21", "6/24/21", "6/25/21", "6/26/21", "6/27/21", "6/28/21", "6/29/21", "6/30/21", "7/1/21", "7/2/21", "7/3/21", "7/4/21", "7/5/21", "7/6/21", "7/7/21", "7/8/21", "7/9/21", "7/10/21", "7/11/21", "7/12/21", "7/13/21", "7/14/21", "7/15/21", "7/16/21", "7/17/21", "7/18/21", "7/19/21"], "original_values": [8, 4, 16, 16, 15, 23, 25, 17, 15, 23, 19, 17, 0, 0, 0, 46, 7, 18, 22, 0, 0, 46, 25, 21, 21, 27, 0, 0, 87]}