{"dates": ["6/24/21", "6/25/21", "6/26/21", "6/27/21", "6/28/21", "6/29/21", "6/30/21", "7/1/21", "7/2/21", "7/3/21", "7/4/21", "7/5/21", "7/6/21", "7/7/21", "7/8/21", "7/9/21", "7/10/21", "7/11/21", "7/12/21", "7/13/21", "7/14/21", "7/15/21"], "max_14": 887, "max": 40825, "value": [43.642857142857146, 45.92857142857143, 46.5, 45.42857142857143, 43.42857142857143, 43.142857142857146, 40.0, 34.5, 30.714285714285715, 33.785714285714285, 37.5, 38.42857142857143, 42.714285714285715, 44.714285714285715, 44.714285714285715, 54.642857142857146, 60.714285714285715, 58.42857142857143, 59.714285714285715, 59.57142857142857, 59.714285714285715, 59.714285714285715, 60.92857142857143, 58.142857142857146], "time": ["6/21/21", "6/22/21", "6/23/21", "6/24/21", "6/25/21", "6/26/21", "6/27/21", "6/28/21", "6/29/21", "6/30/21", "7/1/21", "7/2/21", "7/3/21", "7/4/21", "7/5/21", "7/6/21", "7/7/21", "7/8/21", "7/9/21", "7/10/21", "7/11/21", "7/12/21", "7/13/21", "7/14/21", "7/15/21", "7/16/21", "7/17/21", "7/18/21", "7/19/21"], "original_values": [21, 38, 75, 63, 44, 52, 25, 28, 39, 59, 51, 52, 0, 0, 0, 110, 40, 83, 80, 0, 0, 139, 56, 62, 79, 82, 0, 0, 156]}