{"dates": ["6/24/21", "6/25/21", "6/26/21", "6/27/21", "6/28/21", "6/29/21", "6/30/21", "7/1/21", "7/2/21", "7/3/21", "7/4/21", "7/5/21", "7/6/21", "7/7/21", "7/8/21", "7/9/21", "7/10/21", "7/11/21", "7/12/21", "7/13/21", "7/14/21", "7/15/21"], "max_14": 3149, "max": 230623, "value": [122.42857142857143, 122.42857142857143, 122.42857142857143, 137.64285714285714, 152.85714285714286, 152.85714285714286, 152.85714285714286, 152.85714285714286, 152.85714285714286, 152.85714285714286, 159.57142857142858, 166.28571428571428, 166.28571428571428, 166.28571428571428, 166.28571428571428, 166.28571428571428, 166.28571428571428, 224.92857142857142, 283.57142857142856, 283.57142857142856, 283.57142857142856, 283.57142857142856, 283.57142857142856, 283.57142857142856], "time": ["6/21/21", "6/22/21", "6/23/21", "6/24/21", "6/25/21", "6/26/21", "6/27/21", "6/28/21", "6/29/21", "6/30/21", "7/1/21", "7/2/21", "7/3/21", "7/4/21", "7/5/21", "7/6/21", "7/7/21", "7/8/21", "7/9/21", "7/10/21", "7/11/21", "7/12/21", "7/13/21", "7/14/21", "7/15/21", "7/16/21", "7/17/21", "7/18/21", "7/19/21"], "original_values": [0, 0, 857, 0, 0, 0, 0, 0, 0, 1070, 0, 0, 0, 0, 0, 0, 1164, 0, 0, 0, 0, 0, 0, 1985, 0, 0, 0, 0, 0]}