{"dates": ["6/24/21", "6/25/21", "6/26/21", "6/27/21", "6/28/21", "6/29/21", "6/30/21", "7/1/21", "7/2/21", "7/3/21", "7/4/21", "7/5/21", "7/6/21", "7/7/21", "7/8/21", "7/9/21", "7/10/21", "7/11/21", "7/12/21", "7/13/21", "7/14/21", "7/15/21"], "max_14": 63, "max": 1961, "value": [0.9285714285714286, 1.2857142857142858, 1.7857142857142858, 2.4285714285714284, 3.7142857142857144, 4.571428571428571, 4.428571428571429, 4.214285714285714, 3.857142857142857, 4.642857142857143, 5.214285714285714, 4.142857142857143, 3.9285714285714284, 4.285714285714286, 4.285714285714286, 4.857142857142857, 4.285714285714286, 3.4285714285714284, 3.5714285714285716, 3.0714285714285716, 2.7142857142857144, 2.7142857142857144, 3.142857142857143, 3.2857142857142856], "time": ["6/21/21", "6/22/21", "6/23/21", "6/24/21", "6/25/21", "6/26/21", "6/27/21", "6/28/21", "6/29/21", "6/30/21", "7/1/21", "7/2/21", "7/3/21", "7/4/21", "7/5/21", "7/6/21", "7/7/21", "7/8/21", "7/9/21", "7/10/21", "7/11/21", "7/12/21", "7/13/21", "7/14/21", "7/15/21", "7/16/21", "7/17/21", "7/18/21", "7/19/21"], "original_values": [0, 2, 1, 0, 1, 2, 1, 4, 5, 7, 12, 1, 0, 0, 0, 20, 0, 4, 6, 0, 0, 8, 4, 4, 2, 1, 0, 0, 14]}