{"dates": ["6/24/21", "6/25/21", "6/26/21", "6/27/21", "6/28/21", "6/29/21", "6/30/21", "7/1/21", "7/2/21", "7/3/21", "7/4/21", "7/5/21", "7/6/21", "7/7/21", "7/8/21", "7/9/21", "7/10/21", "7/11/21", "7/12/21", "7/13/21", "7/14/21", "7/15/21"], "max_14": 114, "max": 4832, "value": [4.142857142857143, 4.571428571428571, 4.642857142857143, 4.214285714285714, 4.214285714285714, 5.071428571428571, 5.857142857142857, 5.857142857142857, 4.857142857142857, 4.714285714285714, 6.5, 7.357142857142857, 6.714285714285714, 6.142857142857143, 6.142857142857143, 7.285714285714286, 7.428571428571429, 5.5, 6.0, 7.714285714285714, 8.0, 8.0, 7.928571428571429, 7.357142857142857], "time": ["6/21/21", "6/22/21", "6/23/21", "6/24/21", "6/25/21", "6/26/21", "6/27/21", "6/28/21", "6/29/21", "6/30/21", "7/1/21", "7/2/21", "7/3/21", "7/4/21", "7/5/21", "7/6/21", "7/7/21", "7/8/21", "7/9/21", "7/10/21", "7/11/21", "7/12/21", "7/13/21", "7/14/21", "7/15/21", "7/16/21", "7/17/21", "7/18/21", "7/19/21"], "original_values": [8, 14, 3, 4, 0, 0, 0, 14, 9, 2, 5, 11, 0, 0, 0, 21, 15, 4, 3, 0, 0, 16, 7, 2, 24, 7, 0, 0, 15]}