{"dates": ["6/24/21", "6/25/21", "6/26/21", "6/27/21", "6/28/21", "6/29/21", "6/30/21", "7/1/21", "7/2/21", "7/3/21", "7/4/21", "7/5/21", "7/6/21", "7/7/21", "7/8/21", "7/9/21", "7/10/21", "7/11/21", "7/12/21", "7/13/21", "7/14/21", "7/15/21"], "max_14": 225, "max": 12691, "value": [6.428571428571429, 5.928571428571429, 4.785714285714286, 4.285714285714286, 5.357142857142857, 6.928571428571429, 7.571428571428571, 7.571428571428571, 7.285714285714286, 6.857142857142857, 8.357142857142858, 10.785714285714286, 12.0, 12.428571428571429, 12.428571428571429, 14.142857142857142, 17.5, 19.357142857142858, 18.571428571428573, 17.642857142857142, 17.714285714285715, 17.714285714285715, 17.0, 14.0], "time": ["6/21/21", "6/22/21", "6/23/21", "6/24/21", "6/25/21", "6/26/21", "6/27/21", "6/28/21", "6/29/21", "6/30/21", "7/1/21", "7/2/21", "7/3/21", "7/4/21", "7/5/21", "7/6/21", "7/7/21", "7/8/21", "7/9/21", "7/10/21", "7/11/21", "7/12/21", "7/13/21", "7/14/21", "7/15/21", "7/16/21", "7/17/21", "7/18/21", "7/19/21"], "original_values": [11, 20, 5, 5, 4, 0, 0, 4, 11, 7, 18, 13, 0, 0, 0, 9, 30, 29, 19, 0, 0, 24, 32, 33, 15, 20, 0, 0, 14]}