{"dates": ["6/24/21", "6/25/21", "6/26/21", "6/27/21", "6/28/21", "6/29/21", "6/30/21", "7/1/21", "7/2/21", "7/3/21", "7/4/21", "7/5/21", "7/6/21", "7/7/21", "7/8/21", "7/9/21", "7/10/21", "7/11/21", "7/12/21", "7/13/21", "7/14/21", "7/15/21"], "max_14": 333, "max": 4395, "value": [4.714285714285714, 5.0, 5.357142857142857, 6.642857142857143, 7.428571428571429, 7.5, 7.428571428571429, 7.5, 8.714285714285714, 9.571428571428571, 8.785714285714286, 9.5, 12.214285714285714, 15.071428571428571, 16.785714285714285, 15.928571428571429, 17.428571428571427, 22.642857142857142, 25.642857142857142, 25.785714285714285, 26.714285714285715, 28.785714285714285, 31.214285714285715, 29.714285714285715], "time": ["6/21/21", "6/22/21", "6/23/21", "6/24/21", "6/25/21", "6/26/21", "6/27/21", "6/28/21", "6/29/21", "6/30/21", "7/1/21", "7/2/21", "7/3/21", "7/4/21", "7/5/21", "7/6/21", "7/7/21", "7/8/21", "7/9/21", "7/10/21", "7/11/21", "7/12/21", "7/13/21", "7/14/21", "7/15/21", "7/16/21", "7/17/21", "7/18/21", "7/19/21"], "original_values": [2, 1, 8, 9, 6, 5, 4, 2, 6, 21, 7, 9, 1, 9, 14, 6, 10, 28, 26, 24, 10, 1, 40, 49, 31, 25, 38, 25, 20]}