{"dates": ["6/24/21", "6/25/21", "6/26/21", "6/27/21", "6/28/21", "6/29/21", "6/30/21", "7/1/21", "7/2/21", "7/3/21", "7/4/21", "7/5/21", "7/6/21", "7/7/21", "7/8/21", "7/9/21", "7/10/21", "7/11/21", "7/12/21", "7/13/21", "7/14/21", "7/15/21"], "max_14": 125, "max": 3209, "value": [0.14285714285714285, 0.42857142857142855, 0.8571428571428571, 1.1428571428571428, 1.5, 1.7142857142857142, 1.7142857142857142, 1.7142857142857142, 1.4285714285714286, 2.2142857142857144, 3.7142857142857144, 4.0, 4.357142857142857, 4.857142857142857, 4.857142857142857, 5.857142857142857, 6.642857142857143, 7.0, 8.357142857142858, 9.285714285714286, 9.428571428571429, 9.428571428571429, 10.214285714285714, 10.0], "time": ["6/21/21", "6/22/21", "6/23/21", "6/24/21", "6/25/21", "6/26/21", "6/27/21", "6/28/21", "6/29/21", "6/30/21", "7/1/21", "7/2/21", "7/3/21", "7/4/21", "7/5/21", "7/6/21", "7/7/21", "7/8/21", "7/9/21", "7/10/21", "7/11/21", "7/12/21", "7/13/21", "7/14/21", "7/15/21", "7/16/21", "7/17/21", "7/18/21", "7/19/21"], "original_values": [0, 0, 0, 1, 0, 0, 0, 4, 2, 2, 4, 0, 0, 0, 0, 17, 8, 2, 7, 0, 0, 14, 14, 16, 13, 9, 0, 0, 25]}