{"dates": ["6/24/21", "6/25/21", "6/26/21", "6/27/21", "6/28/21", "6/29/21", "6/30/21", "7/1/21", "7/2/21", "7/3/21", "7/4/21", "7/5/21", "7/6/21", "7/7/21", "7/8/21", "7/9/21", "7/10/21", "7/11/21", "7/12/21", "7/13/21", "7/14/21", "7/15/21"], "max_14": 586, "max": 34630, "value": [19.857142857142858, 19.642857142857142, 19.428571428571427, 22.285714285714285, 25.142857142857142, 26.714285714285715, 28.285714285714285, 28.285714285714285, 24.571428571428573, 20.857142857142858, 23.0, 25.142857142857142, 20.071428571428573, 21.5, 28.0, 37.785714285714285, 47.57142857142857, 46.07142857142857, 44.57142857142857, 56.642857142857146, 62.214285714285715, 55.714285714285715, 45.92857142857143, 36.142857142857146], "time": ["6/21/21", "6/22/21", "6/23/21", "6/24/21", "6/25/21", "6/26/21", "6/27/21", "6/28/21", "6/29/21", "6/30/21", "7/1/21", "7/2/21", "7/3/21", "7/4/21", "7/5/21", "7/6/21", "7/7/21", "7/8/21", "7/9/21", "7/10/21", "7/11/21", "7/12/21", "7/13/21", "7/14/21", "7/15/21", "7/16/21", "7/17/21", "7/18/21", "7/19/21"], "original_values": [55, 0, 35, 0, 49, 0, 0, 52, 0, 75, 0, 71, 0, 0, 0, 0, 105, 0, 0, 91, 0, 137, 0, 84, 0, 169, 0, 0, 0]}