{"dates": ["6/24/21", "6/25/21", "6/26/21", "6/27/21", "6/28/21", "6/29/21", "6/30/21", "7/1/21", "7/2/21", "7/3/21", "7/4/21", "7/5/21", "7/6/21", "7/7/21", "7/8/21", "7/9/21", "7/10/21", "7/11/21", "7/12/21", "7/13/21", "7/14/21", "7/15/21"], "max_14": 58, "max": 4869, "value": [1.7142857142857142, 1.7142857142857142, 2.0, 2.642857142857143, 3.0714285714285716, 3.2857142857142856, 3.357142857142857, 3.2857142857142856, 3.2857142857142856, 2.9285714285714284, 3.0, 3.642857142857143, 3.5, 3.142857142857143, 3.142857142857143, 3.642857142857143, 5.214285714285714, 5.642857142857143, 4.714285714285714, 4.714285714285714, 5.0, 5.0, 4.571428571428571, 3.0], "time": ["6/21/21", "6/22/21", "6/23/21", "6/24/21", "6/25/21", "6/26/21", "6/27/21", "6/28/21", "6/29/21", "6/30/21", "7/1/21", "7/2/21", "7/3/21", "7/4/21", "7/5/21", "7/6/21", "7/7/21", "7/8/21", "7/9/21", "7/10/21", "7/11/21", "7/12/21", "7/13/21", "7/14/21", "7/15/21", "7/16/21", "7/17/21", "7/18/21", "7/19/21"], "original_values": [0, 2, 0, 4, 5, 1, 0, 0, 6, 5, 5, 7, 0, 0, 0, 1, 11, 8, 2, 0, 0, 7, 16, 2, 4, 6, 0, 0, 1]}