{"dates": ["6/24/21", "6/25/21", "6/26/21", "6/27/21", "6/28/21", "6/29/21", "6/30/21", "7/1/21", "7/2/21", "7/3/21", "7/4/21", "7/5/21", "7/6/21", "7/7/21", "7/8/21", "7/9/21", "7/10/21", "7/11/21", "7/12/21", "7/13/21", "7/14/21", "7/15/21"], "max_14": 1899, "max": 100888, "value": [68.35714285714286, 72.92857142857143, 74.64285714285714, 74.78571428571429, 74.64285714285714, 78.14285714285714, 76.64285714285714, 68.5, 60.714285714285715, 69.5, 80.78571428571429, 80.5, 85.92857142857143, 90.28571428571429, 90.28571428571429, 109.07142857142857, 118.92857142857143, 112.92857142857143, 121.07142857142857, 127.42857142857143, 128.57142857142858, 128.57142857142858, 136.0, 134.71428571428572], "time": ["6/21/21", "6/22/21", "6/23/21", "6/24/21", "6/25/21", "6/26/21", "6/27/21", "6/28/21", "6/29/21", "6/30/21", "7/1/21", "7/2/21", "7/3/21", "7/4/21", "7/5/21", "7/6/21", "7/7/21", "7/8/21", "7/9/21", "7/10/21", "7/11/21", "7/12/21", "7/13/21", "7/14/21", "7/15/21", "7/16/21", "7/17/21", "7/18/21", "7/19/21"], "original_values": [45, 55, 118, 108, 66, 59, 55, 54, 70, 105, 119, 104, 0, 0, 0, 247, 86, 134, 165, 0, 0, 263, 122, 127, 207, 181, 0, 0, 367]}