{"dates": ["6/24/21", "6/25/21", "6/26/21", "6/27/21", "6/28/21", "6/29/21", "6/30/21", "7/1/21", "7/2/21", "7/3/21", "7/4/21", "7/5/21", "7/6/21", "7/7/21", "7/8/21", "7/9/21", "7/10/21", "7/11/21", "7/12/21", "7/13/21", "7/14/21", "7/15/21"], "max_14": 1417, "max": 116154, "value": [38.285714285714285, 40.214285714285715, 41.285714285714285, 40.0, 40.142857142857146, 41.5, 42.285714285714285, 42.285714285714285, 32.714285714285715, 33.57142857142857, 45.785714285714285, 48.57142857142857, 49.857142857142854, 50.142857142857146, 50.142857142857146, 65.92857142857143, 75.28571428571429, 72.07142857142857, 80.07142857142857, 89.07142857142857, 93.28571428571429, 93.28571428571429, 107.0, 115.0], "time": ["6/21/21", "6/22/21", "6/23/21", "6/24/21", "6/25/21", "6/26/21", "6/27/21", "6/28/21", "6/29/21", "6/30/21", "7/1/21", "7/2/21", "7/3/21", "7/4/21", "7/5/21", "7/6/21", "7/7/21", "7/8/21", "7/9/21", "7/10/21", "7/11/21", "7/12/21", "7/13/21", "7/14/21", "7/15/21", "7/16/21", "7/17/21", "7/18/21", "7/19/21"], "original_values": [107, 36, 48, 31, 46, 0, 0, 134, 24, 42, 39, 57, 0, 0, 0, 170, 67, 53, 61, 0, 0, 221, 80, 112, 120, 120, 0, 0, 413]}