{"dates": ["6/24/21", "6/25/21", "6/26/21", "6/27/21", "6/28/21", "6/29/21", "6/30/21", "7/1/21", "7/2/21", "7/3/21", "7/4/21", "7/5/21", "7/6/21", "7/7/21", "7/8/21", "7/9/21", "7/10/21", "7/11/21", "7/12/21", "7/13/21", "7/14/21", "7/15/21"], "max_14": 99, "max": 9693, "value": [3.2857142857142856, 2.7142857142857144, 2.642857142857143, 3.642857142857143, 4.571428571428571, 4.928571428571429, 4.857142857142857, 4.857142857142857, 4.642857142857143, 3.642857142857143, 2.857142857142857, 2.642857142857143, 2.7142857142857144, 3.0, 3.0, 4.214285714285714, 5.857142857142857, 6.571428571428571, 7.142857142857143, 8.357142857142858, 9.285714285714286, 9.285714285714286, 9.0, 8.214285714285714], "time": ["6/21/21", "6/22/21", "6/23/21", "6/24/21", "6/25/21", "6/26/21", "6/27/21", "6/28/21", "6/29/21", "6/30/21", "7/1/21", "7/2/21", "7/3/21", "7/4/21", "7/5/21", "7/6/21", "7/7/21", "7/8/21", "7/9/21", "7/10/21", "7/11/21", "7/12/21", "7/13/21", "7/14/21", "7/15/21", "7/16/21", "7/17/21", "7/18/21", "7/19/21"], "original_values": [11, 5, 0, 2, 5, 0, 0, 3, 12, 7, 8, 4, 0, 0, 0, 1, 7, 5, 8, 0, 0, 17, 7, 11, 9, 21, 0, 0, 13]}