{"dates": ["6/24/21", "6/25/21", "6/26/21", "6/27/21", "6/28/21", "6/29/21", "6/30/21", "7/1/21", "7/2/21", "7/3/21", "7/4/21", "7/5/21", "7/6/21", "7/7/21", "7/8/21", "7/9/21", "7/10/21", "7/11/21", "7/12/21", "7/13/21", "7/14/21", "7/15/21"], "max_14": 939, "max": 104549, "value": [18.428571428571427, 21.0, 22.571428571428573, 21.928571428571427, 22.571428571428573, 24.857142857142858, 26.857142857142858, 26.857142857142858, 21.785714285714285, 23.642857142857142, 32.0, 35.07142857142857, 38.857142857142854, 41.0, 41.0, 49.714285714285715, 56.642857142857146, 57.0, 59.92857142857143, 61.642857142857146, 62.57142857142857, 62.57142857142857, 69.14285714285714, 69.42857142857143], "time": ["6/21/21", "6/22/21", "6/23/21", "6/24/21", "6/25/21", "6/26/21", "6/27/21", "6/28/21", "6/29/21", "6/30/21", "7/1/21", "7/2/21", "7/3/21", "7/4/21", "7/5/21", "7/6/21", "7/7/21", "7/8/21", "7/9/21", "7/10/21", "7/11/21", "7/12/21", "7/13/21", "7/14/21", "7/15/21", "7/16/21", "7/17/21", "7/18/21", "7/19/21"], "original_values": [35, 30, 25, 23, 16, 0, 0, 71, 16, 30, 27, 44, 0, 0, 0, 113, 50, 50, 74, 0, 0, 122, 88, 80, 61, 87, 0, 0, 214]}