{"dates": ["6/24/21", "6/25/21", "6/26/21", "6/27/21", "6/28/21", "6/29/21", "6/30/21", "7/1/21", "7/2/21", "7/3/21", "7/4/21", "7/5/21", "7/6/21", "7/7/21", "7/8/21", "7/9/21", "7/10/21", "7/11/21", "7/12/21", "7/13/21", "7/14/21", "7/15/21"], "max_14": 1125, "max": 58170, "value": [47.857142857142854, 48.142857142857146, 46.214285714285715, 42.07142857142857, 37.714285714285715, 34.214285714285715, 30.928571428571427, 28.714285714285715, 23.642857142857142, 28.214285714285715, 38.07142857142857, 40.785714285714285, 42.42857142857143, 41.57142857142857, 41.57142857142857, 58.642857142857146, 68.57142857142857, 64.28571428571429, 69.07142857142857, 74.57142857142857, 78.14285714285714, 78.14285714285714, 81.57142857142857, 80.71428571428571], "time": ["6/21/21", "6/22/21", "6/23/21", "6/24/21", "6/25/21", "6/26/21", "6/27/21", "6/28/21", "6/29/21", "6/30/21", "7/1/21", "7/2/21", "7/3/21", "7/4/21", "7/5/21", "7/6/21", "7/7/21", "7/8/21", "7/9/21", "7/10/21", "7/11/21", "7/12/21", "7/13/21", "7/14/21", "7/15/21", "7/16/21", "7/17/21", "7/18/21", "7/19/21"], "original_values": [67, 56, 52, 68, 61, 31, 0, 71, 25, 25, 34, 46, 0, 0, 0, 160, 28, 69, 34, 0, 0, 239, 60, 68, 96, 84, 0, 0, 287]}