{"dates": ["6/24/21", "6/25/21", "6/26/21", "6/27/21", "6/28/21", "6/29/21", "6/30/21", "7/1/21", "7/2/21", "7/3/21", "7/4/21", "7/5/21", "7/6/21", "7/7/21", "7/8/21", "7/9/21", "7/10/21", "7/11/21", "7/12/21", "7/13/21", "7/14/21", "7/15/21"], "max_14": 55, "max": 3541, "value": [-0.5714285714285714, -0.35714285714285715, -0.14285714285714285, 0.21428571428571427, 0.5714285714285714, 0.7142857142857143, 0.8571428571428571, 0.8571428571428571, 0.8571428571428571, 0.8571428571428571, 0.9285714285714286, 1.0, 1.0, 1.0, 1.0, 1.8571428571428572, 2.7142857142857144, 2.4285714285714284, 3.2857142857142856, 5.357142857142857, 6.285714285714286, 6.285714285714286, 5.714285714285714, 5.142857142857143], "time": ["6/21/21", "6/22/21", "6/23/21", "6/24/21", "6/25/21", "6/26/21", "6/27/21", "6/28/21", "6/29/21", "6/30/21", "7/1/21", "7/2/21", "7/3/21", "7/4/21", "7/5/21", "7/6/21", "7/7/21", "7/8/21", "7/9/21", "7/10/21", "7/11/21", "7/12/21", "7/13/21", "7/14/21", "7/15/21", "7/16/21", "7/17/21", "7/18/21", "7/19/21"], "original_values": [-3, 0, -2, 0, 1, 0, 0, 0, 0, 3, 0, 3, 0, 0, 0, 0, 4, 0, 3, 0, 0, 12, 0, 0, 16, 16, 0, 0, 4]}