{"dates": ["6/24/21", "6/25/21", "6/26/21", "6/27/21", "6/28/21", "6/29/21", "6/30/21", "7/1/21", "7/2/21", "7/3/21", "7/4/21", "7/5/21", "7/6/21", "7/7/21", "7/8/21", "7/9/21", "7/10/21", "7/11/21", "7/12/21", "7/13/21", "7/14/21", "7/15/21"], "max_14": 154, "max": 25284, "value": [7.428571428571429, 6.142857142857143, 4.5, 3.857142857142857, 4.071428571428571, 5.0, 5.428571428571429, 5.428571428571429, 4.785714285714286, 6.214285714285714, 8.285714285714286, 8.0, 7.5, 7.285714285714286, 7.285714285714286, 9.142857142857142, 10.071428571428571, 10.071428571428571, 11.714285714285714, 12.428571428571429, 12.428571428571429, 12.428571428571429, 11.714285714285714, 9.714285714285714], "time": ["6/21/21", "6/22/21", "6/23/21", "6/24/21", "6/25/21", "6/26/21", "6/27/21", "6/28/21", "6/29/21", "6/30/21", "7/1/21", "7/2/21", "7/3/21", "7/4/21", "7/5/21", "7/6/21", "7/7/21", "7/8/21", "7/9/21", "7/10/21", "7/11/21", "7/12/21", "7/13/21", "7/14/21", "7/15/21", "7/16/21", "7/17/21", "7/18/21", "7/19/21"], "original_values": [27, 7, 9, 6, 3, 0, 0, 9, 2, 5, 13, 9, 0, 0, 0, 31, 5, 9, 6, 0, 0, 26, 18, 18, 19, 6, 0, 0, 16]}