{"dates": ["6/24/21", "6/25/21", "6/26/21", "6/27/21", "6/28/21", "6/29/21", "6/30/21", "7/1/21", "7/2/21", "7/3/21", "7/4/21", "7/5/21", "7/6/21", "7/7/21", "7/8/21", "7/9/21", "7/10/21", "7/11/21", "7/12/21", "7/13/21", "7/14/21", "7/15/21"], "max_14": 94, "max": 15142, "value": [3.0, 2.7142857142857144, 2.2857142857142856, 1.7857142857142858, 1.2142857142857142, 0.8571428571428571, 0.7142857142857143, 0.7142857142857143, 0.7142857142857143, 1.5, 2.7142857142857144, 3.142857142857143, 3.9285714285714284, 4.714285714285714, 4.714285714285714, 5.571428571428571, 6.071428571428571, 5.714285714285714, 6.214285714285714, 6.142857142857143, 5.571428571428571, 5.571428571428571, 6.285714285714286, 6.5], "time": ["6/21/21", "6/22/21", "6/23/21", "6/24/21", "6/25/21", "6/26/21", "6/27/21", "6/28/21", "6/29/21", "6/30/21", "7/1/21", "7/2/21", "7/3/21", "7/4/21", "7/5/21", "7/6/21", "7/7/21", "7/8/21", "7/9/21", "7/10/21", "7/11/21", "7/12/21", "7/13/21", "7/14/21", "7/15/21", "7/16/21", "7/17/21", "7/18/21", "7/19/21"], "original_values": [4, 3, 7, 4, 3, 0, 0, 0, 1, 2, 1, 1, 0, 0, 0, 12, 8, 1, 12, 0, 0, 12, 7, 8, 8, 4, 0, 0, 22]}