{"dates": ["6/24/21", "6/25/21", "6/26/21", "6/27/21", "6/28/21", "6/29/21", "6/30/21", "7/1/21", "7/2/21", "7/3/21", "7/4/21", "7/5/21", "7/6/21", "7/7/21", "7/8/21", "7/9/21", "7/10/21", "7/11/21", "7/12/21", "7/13/21", "7/14/21", "7/15/21"], "max_14": 8303, "max": 569899, "value": [291.92857142857144, 314.2857142857143, 323.14285714285717, 346.7857142857143, 350.57142857142856, 329.7142857142857, 337.07142857142856, 359.35714285714283, 342.92857142857144, 347.92857142857144, 352.2142857142857, 331.64285714285717, 357.42857142857144, 382.7142857142857, 401.7857142857143, 425.85714285714283, 384.2142857142857, 425.07142857142856, 539.0, 580.5, 561.0714285714286, 592.4285714285714, 706.7857142857143, 751.0714285714286], "time": ["6/21/21", "6/22/21", "6/23/21", "6/24/21", "6/25/21", "6/26/21", "6/27/21", "6/28/21", "6/29/21", "6/30/21", "7/1/21", "7/2/21", "7/3/21", "7/4/21", "7/5/21", "7/6/21", "7/7/21", "7/8/21", "7/9/21", "7/10/21", "7/11/21", "7/12/21", "7/13/21", "7/14/21", "7/15/21", "7/16/21", "7/17/21", "7/18/21", "7/19/21"], "original_values": [302, 217, 288, 417, 422, 240, 315, 300, 343, 493, 265, 282, 483, 384, 1, 712, 184, 286, 622, 497, 637, 85, 45, 1423, 642, 847, 0, 1573, 750]}