{"dates": ["6/24/21", "6/25/21", "6/26/21", "6/27/21", "6/28/21", "6/29/21", "6/30/21", "7/1/21", "7/2/21", "7/3/21", "7/4/21", "7/5/21", "7/6/21", "7/7/21", "7/8/21", "7/9/21", "7/10/21", "7/11/21", "7/12/21", "7/13/21", "7/14/21", "7/15/21"], "max_14": 59, "max": 4585, "value": [2.7142857142857144, 2.7142857142857144, 2.857142857142857, 2.7142857142857144, 2.4285714285714284, 2.4285714285714284, 3.142857142857143, 3.857142857142857, 3.857142857142857, 2.642857142857143, 1.4285714285714286, 2.0714285714285716, 3.2857142857142856, 3.5714285714285716, 3.2857142857142856, 3.2857142857142856, 3.2857142857142856, 3.2857142857142856, 2.642857142857143, 1.4285714285714286, 3.0, 5.142857142857143, 5.142857142857143, 5.142857142857143], "time": ["6/21/21", "6/22/21", "6/23/21", "6/24/21", "6/25/21", "6/26/21", "6/27/21", "6/28/21", "6/29/21", "6/30/21", "7/1/21", "7/2/21", "7/3/21", "7/4/21", "7/5/21", "7/6/21", "7/7/21", "7/8/21", "7/9/21", "7/10/21", "7/11/21", "7/12/21", "7/13/21", "7/14/21", "7/15/21", "7/16/21", "7/17/21", "7/18/21", "7/19/21"], "original_values": [0, 15, 4, 0, 0, 0, 0, 0, 17, 0, 0, 0, 10, 0, 0, 0, 0, 9, 8, 6, 0, 0, 0, 0, 0, 0, 36, 0, 0]}