{"dates": ["6/24/21", "6/25/21", "6/26/21", "6/27/21", "6/28/21", "6/29/21", "6/30/21", "7/1/21", "7/2/21", "7/3/21", "7/4/21", "7/5/21", "7/6/21", "7/7/21", "7/8/21", "7/9/21", "7/10/21", "7/11/21", "7/12/21", "7/13/21", "7/14/21", "7/15/21"], "max_14": 148, "max": 7731, "value": [1.1428571428571428, 1.1428571428571428, 1.6428571428571428, 2.2142857142857144, 2.2857142857142856, 2.642857142857143, 3.0, 3.0, 2.7857142857142856, 2.357142857142857, 2.7142857142857144, 4.071428571428571, 5.0, 5.142857142857143, 5.142857142857143, 6.642857142857143, 9.0, 10.142857142857142, 10.571428571428571, 11.285714285714286, 11.857142857142858, 11.857142857142858, 12.428571428571429, 11.928571428571429], "time": ["6/21/21", "6/22/21", "6/23/21", "6/24/21", "6/25/21", "6/26/21", "6/27/21", "6/28/21", "6/29/21", "6/30/21", "7/1/21", "7/2/21", "7/3/21", "7/4/21", "7/5/21", "7/6/21", "7/7/21", "7/8/21", "7/9/21", "7/10/21", "7/11/21", "7/12/21", "7/13/21", "7/14/21", "7/15/21", "7/16/21", "7/17/21", "7/18/21", "7/19/21"], "original_values": [3, -1, 4, 2, 0, 0, 0, 3, 6, 5, 2, 5, 0, 0, 0, 3, 13, 13, 7, 0, 0, 21, 15, 17, 15, 15, 0, 0, 29]}