{"dates": ["6/24/21", "6/25/21", "6/26/21", "6/27/21", "6/28/21", "6/29/21", "6/30/21", "7/1/21", "7/2/21", "7/3/21", "7/4/21", "7/5/21", "7/6/21", "7/7/21", "7/8/21", "7/9/21", "7/10/21", "7/11/21", "7/12/21", "7/13/21", "7/14/21", "7/15/21"], "max_14": 158, "max": 8052, "value": [4.714285714285714, 5.285714285714286, 6.071428571428571, 6.214285714285714, 5.642857142857143, 4.642857142857143, 4.142857142857143, 4.142857142857143, 3.4285714285714284, 3.857142857142857, 5.571428571428571, 7.0, 8.071428571428571, 8.285714285714286, 8.285714285714286, 9.857142857142858, 10.071428571428571, 8.142857142857142, 7.642857142857143, 8.0, 8.285714285714286, 8.285714285714286, 9.714285714285714, 10.928571428571429], "time": ["6/21/21", "6/22/21", "6/23/21", "6/24/21", "6/25/21", "6/26/21", "6/27/21", "6/28/21", "6/29/21", "6/30/21", "7/1/21", "7/2/21", "7/3/21", "7/4/21", "7/5/21", "7/6/21", "7/7/21", "7/8/21", "7/9/21", "7/10/21", "7/11/21", "7/12/21", "7/13/21", "7/14/21", "7/15/21", "7/16/21", "7/17/21", "7/18/21", "7/19/21"], "original_values": [2, 3, 8, 8, 12, 0, 0, 10, 6, 7, 1, 5, 0, 0, 0, 22, 15, 13, 8, 0, 0, 22, 3, 7, 14, 12, 0, 0, 42]}