{"dates": ["6/24/21", "6/25/21", "6/26/21", "6/27/21", "6/28/21", "6/29/21", "6/30/21", "7/1/21", "7/2/21", "7/3/21", "7/4/21", "7/5/21", "7/6/21", "7/7/21", "7/8/21", "7/9/21", "7/10/21", "7/11/21", "7/12/21", "7/13/21", "7/14/21", "7/15/21"], "max_14": 362, "max": 7782, "value": [3.7142857142857144, 4.285714285714286, 4.0, 3.0714285714285716, 3.4285714285714284, 3.9285714285714284, 4.0, 4.0, 3.2142857142857144, 6.785714285714286, 13.071428571428571, 15.071428571428571, 16.785714285714285, 18.428571428571427, 18.428571428571427, 22.785714285714285, 23.428571428571427, 20.0, 22.214285714285715, 23.357142857142858, 22.571428571428573, 22.571428571428573, 23.571428571428573, 23.857142857142858], "time": ["6/21/21", "6/22/21", "6/23/21", "6/24/21", "6/25/21", "6/26/21", "6/27/21", "6/28/21", "6/29/21", "6/30/21", "7/1/21", "7/2/21", "7/3/21", "7/4/21", "7/5/21", "7/6/21", "7/7/21", "7/8/21", "7/9/21", "7/10/21", "7/11/21", "7/12/21", "7/13/21", "7/14/21", "7/15/21", "7/16/21", "7/17/21", "7/18/21", "7/19/21"], "original_values": [3, 13, 5, 4, 1, 0, 0, 11, 1, 4, 10, 2, 0, 0, 0, 62, 31, 11, 25, 0, 0, 61, 10, 35, 38, 14, 0, 0, 75]}