{"dates": ["6/24/21", "6/25/21", "6/26/21", "6/27/21", "6/28/21", "6/29/21", "6/30/21", "7/1/21", "7/2/21", "7/3/21", "7/4/21", "7/5/21", "7/6/21", "7/7/21", "7/8/21", "7/9/21", "7/10/21", "7/11/21", "7/12/21", "7/13/21", "7/14/21", "7/15/21"], "max_14": 1292, "max": 94887, "value": [72.0, 81.57142857142857, 85.21428571428571, 72.78571428571429, 78.5, 85.78571428571429, 80.85714285714286, 80.85714285714286, 66.42857142857143, 55.214285714285715, 65.64285714285714, 59.57142857142857, 55.07142857142857, 63.857142857142854, 63.857142857142854, 76.14285714285714, 96.28571428571429, 114.64285714285714, 125.64285714285714, 120.0, 113.85714285714286, 113.85714285714286, 105.0, 85.07142857142857], "time": ["6/21/21", "6/22/21", "6/23/21", "6/24/21", "6/25/21", "6/26/21", "6/27/21", "6/28/21", "6/29/21", "6/30/21", "7/1/21", "7/2/21", "7/3/21", "7/4/21", "7/5/21", "7/6/21", "7/7/21", "7/8/21", "7/9/21", "7/10/21", "7/11/21", "7/12/21", "7/13/21", "7/14/21", "7/15/21", "7/16/21", "7/17/21", "7/18/21", "7/19/21"], "original_values": [68, 83, 91, 128, 134, 0, 0, 202, 0, 0, 299, 65, 0, 0, 0, 45, 101, 113, 188, 0, 0, 172, 155, 248, 120, 102, 0, 0, 48]}