{"dates": ["6/24/21", "6/25/21", "6/26/21", "6/27/21", "6/28/21", "6/29/21", "6/30/21", "7/1/21", "7/2/21", "7/3/21", "7/4/21", "7/5/21", "7/6/21", "7/7/21", "7/8/21", "7/9/21", "7/10/21", "7/11/21", "7/12/21", "7/13/21", "7/14/21", "7/15/21"], "max_14": 297, "max": 74025, "value": [35.142857142857146, 35.285714285714285, 37.92857142857143, 47.5, 50.857142857142854, 41.0, 34.857142857142854, 34.857142857142854, 31.357142857142858, 26.142857142857142, 12.357142857142858, -0.07142857142857142, 12.571428571428571, 25.571428571428573, 25.571428571428573, 25.571428571428573, 26.714285714285715, 27.857142857142858, 27.857142857142858, 22.357142857142858, 16.857142857142858, 16.857142857142858, 16.857142857142858, 12.714285714285714], "time": ["6/21/21", "6/22/21", "6/23/21", "6/24/21", "6/25/21", "6/26/21", "6/27/21", "6/28/21", "6/29/21", "6/30/21", "7/1/21", "7/2/21", "7/3/21", "7/4/21", "7/5/21", "7/6/21", "7/7/21", "7/8/21", "7/9/21", "7/10/21", "7/11/21", "7/12/21", "7/13/21", "7/14/21", "7/15/21", "7/16/21", "7/17/21", "7/18/21", "7/19/21"], "original_values": [47, 31, 70, 57, 41, 0, 0, 49, 66, 169, 5, -45, 0, 0, 0, 42, 0, 0, 137, 0, 0, 0, 58, 0, 0, 60, 0, 0, 0]}