{"dates": ["6/24/21", "6/25/21", "6/26/21", "6/27/21", "6/28/21", "6/29/21", "6/30/21", "7/1/21", "7/2/21", "7/3/21", "7/4/21", "7/5/21", "7/6/21", "7/7/21", "7/8/21", "7/9/21", "7/10/21", "7/11/21", "7/12/21", "7/13/21", "7/14/21", "7/15/21"], "max_14": 686, "max": 58778, "value": [24.285714285714285, 24.5, 24.714285714285715, 24.571428571428573, 24.428571428571427, 25.785714285714285, 27.142857142857142, 27.142857142857142, 23.5, 19.857142857142858, 21.928571428571427, 24.0, 26.428571428571427, 28.857142857142858, 28.857142857142858, 35.07142857142857, 41.285714285714285, 33.92857142857143, 34.642857142857146, 47.07142857142857, 51.42857142857143, 51.42857142857143, 54.07142857142857, 56.714285714285715], "time": ["6/21/21", "6/22/21", "6/23/21", "6/24/21", "6/25/21", "6/26/21", "6/27/21", "6/28/21", "6/29/21", "6/30/21", "7/1/21", "7/2/21", "7/3/21", "7/4/21", "7/5/21", "7/6/21", "7/7/21", "7/8/21", "7/9/21", "7/10/21", "7/11/21", "7/12/21", "7/13/21", "7/14/21", "7/15/21", "7/16/21", "7/17/21", "7/18/21", "7/19/21"], "original_values": [48, 0, 76, 0, 46, 0, 0, 51, 0, 74, 0, 65, 0, 0, 0, 0, 103, 0, 99, 0, 0, 87, 0, 0, 113, 160, 0, 0, 124]}