{"dates": ["6/24/21", "6/25/21", "6/26/21", "6/27/21", "6/28/21", "6/29/21", "6/30/21", "7/1/21", "7/2/21", "7/3/21", "7/4/21", "7/5/21", "7/6/21", "7/7/21", "7/8/21", "7/9/21", "7/10/21", "7/11/21", "7/12/21", "7/13/21", "7/14/21", "7/15/21"], "max_14": 451, "max": 14939, "value": [4.857142857142857, 6.0, 8.142857142857142, 9.928571428571429, 10.928571428571429, 11.214285714285714, 11.285714285714286, 11.285714285714286, 9.214285714285714, 9.285714285714286, 12.214285714285714, 13.142857142857142, 15.357142857142858, 17.428571428571427, 17.428571428571427, 21.785714285714285, 26.214285714285715, 26.714285714285715, 29.142857142857142, 33.42857142857143, 35.714285714285715, 35.714285714285715, 37.0, 34.214285714285715], "time": ["6/21/21", "6/22/21", "6/23/21", "6/24/21", "6/25/21", "6/26/21", "6/27/21", "6/28/21", "6/29/21", "6/30/21", "7/1/21", "7/2/21", "7/3/21", "7/4/21", "7/5/21", "7/6/21", "7/7/21", "7/8/21", "7/9/21", "7/10/21", "7/11/21", "7/12/21", "7/13/21", "7/14/21", "7/15/21", "7/16/21", "7/17/21", "7/18/21", "7/19/21"], "original_values": [13, 12, 3, 4, 2, 0, 0, 29, 26, 14, 7, 3, 0, 0, 0, 56, 25, 9, 32, 0, 0, 61, 57, 31, 37, 64, 0, 0, 79]}