{"dates": ["6/24/21", "6/25/21", "6/26/21", "6/27/21", "6/28/21", "6/29/21", "6/30/21", "7/1/21", "7/2/21", "7/3/21", "7/4/21", "7/5/21", "7/6/21", "7/7/21", "7/8/21", "7/9/21", "7/10/21", "7/11/21", "7/12/21", "7/13/21", "7/14/21", "7/15/21"], "max_14": 31, "max": 1023, "value": [0.14285714285714285, 0.14285714285714285, 0.21428571428571427, 1.1428571428571428, 2.0, 2.7142857142857144, 3.9285714285714284, 4.428571428571429, 4.428571428571429, 4.357142857142857, 3.357142857142857, 2.4285714285714284, 1.7142857142857142, 0.5, 0.0, 0.0, -0.7857142857142857, -2.142857142857143, -3.0, -3.642857142857143, -4.071428571428571, -4.142857142857143, -4.285714285714286, -3.642857142857143], "time": ["6/21/21", "6/22/21", "6/23/21", "6/24/21", "6/25/21", "6/26/21", "6/27/21", "6/28/21", "6/29/21", "6/30/21", "7/1/21", "7/2/21", "7/3/21", "7/4/21", "7/5/21", "7/6/21", "7/7/21", "7/8/21", "7/9/21", "7/10/21", "7/11/21", "7/12/21", "7/13/21", "7/14/21", "7/15/21", "7/16/21", "7/17/21", "7/18/21", "7/19/21"], "original_values": [0, 0, 0, 0, 0, 1, 0, 0, 1, 12, 0, 10, 8, 0, 0, 0, -1, 0, 0, 1, 0, 0, -11, -9, -4, -5, 0, 0, -2]}