{"dates": ["6/24/21", "6/25/21", "6/26/21", "6/27/21", "6/28/21", "6/29/21", "6/30/21", "7/1/21", "7/2/21", "7/3/21", "7/4/21", "7/5/21", "7/6/21", "7/7/21", "7/8/21", "7/9/21", "7/10/21", "7/11/21", "7/12/21", "7/13/21", "7/14/21", "7/15/21"], "max_14": 50, "max": 35771, "value": [5.0, 4.214285714285714, 3.357142857142857, 3.357142857142857, 3.2857142857142856, 3.5714285714285716, 4.0, 4.0, 4.214285714285714, 4.142857142857143, 3.5, 2.9285714285714284, 2.357142857142857, 2.0, 2.0, 1.7857142857142858, 2.642857142857143, 4.142857142857143, 4.642857142857143, 4.928571428571429, 5.142857142857143, 5.142857142857143, 5.357142857142857, 4.428571428571429], "time": ["6/21/21", "6/22/21", "6/23/21", "6/24/21", "6/25/21", "6/26/21", "6/27/21", "6/28/21", "6/29/21", "6/30/21", "7/1/21", "7/2/21", "7/3/21", "7/4/21", "7/5/21", "7/6/21", "7/7/21", "7/8/21", "7/9/21", "7/10/21", "7/11/21", "7/12/21", "7/13/21", "7/14/21", "7/15/21", "7/16/21", "7/17/21", "7/18/21", "7/19/21"], "original_values": [15, 6, 4, 6, 4, 0, 0, 4, 5, 5, 4, 10, 0, 0, 7, 1, 0, 1, 5, 0, 0, 4, 16, 6, 2, 8, 0, 0, 7]}