{"dates": ["6/24/21", "6/25/21", "6/26/21", "6/27/21", "6/28/21", "6/29/21", "6/30/21", "7/1/21", "7/2/21", "7/3/21", "7/4/21", "7/5/21", "7/6/21", "7/7/21", "7/8/21", "7/9/21", "7/10/21", "7/11/21", "7/12/21", "7/13/21", "7/14/21", "7/15/21"], "max_14": 105, "max": 25840, "value": [4.428571428571429, 4.714285714285714, 4.357142857142857, 4.142857142857143, 4.714285714285714, 4.928571428571429, 4.428571428571429, 3.857142857142857, 3.4285714285714284, 3.142857142857143, 3.7857142857142856, 4.071428571428571, 3.7857142857142856, 4.071428571428571, 4.642857142857143, 5.214285714285714, 5.142857142857143, 4.642857142857143, 5.214285714285714, 6.285714285714286, 7.214285714285714, 8.071428571428571, 8.928571428571429, 9.571428571428571], "time": ["6/21/21", "6/22/21", "6/23/21", "6/24/21", "6/25/21", "6/26/21", "6/27/21", "6/28/21", "6/29/21", "6/30/21", "7/1/21", "7/2/21", "7/3/21", "7/4/21", "7/5/21", "7/6/21", "7/7/21", "7/8/21", "7/9/21", "7/10/21", "7/11/21", "7/12/21", "7/13/21", "7/14/21", "7/15/21", "7/16/21", "7/17/21", "7/18/21", "7/19/21"], "original_values": [4, 11, -1, 4, 6, 6, 2, 6, 4, 3, 8, 5, 0, 0, 2, 4, 12, 3, 6, 3, 5, 5, 0, 9, 14, 10, 12, 8, 14]}