{"dates": ["6/24/21", "6/25/21", "6/26/21", "6/27/21", "6/28/21", "6/29/21", "6/30/21", "7/1/21", "7/2/21", "7/3/21", "7/4/21", "7/5/21", "7/6/21", "7/7/21", "7/8/21", "7/9/21", "7/10/21", "7/11/21", "7/12/21", "7/13/21", "7/14/21", "7/15/21"], "max_14": 703, "max": 25838, "value": [8.857142857142858, 10.571428571428571, 10.0, 11.428571428571429, 11.785714285714286, 10.142857142857142, 10.142857142857142, 8.428571428571429, 14.0, 19.928571428571427, 16.571428571428573, 14.571428571428571, 14.571428571428571, 14.571428571428571, 14.571428571428571, 7.285714285714286, 0.0, 0.0, 0.0, 21.714285714285715, 43.42857142857143, 70.42857142857143, 98.92857142857143, 100.42857142857143], "time": ["6/21/21", "6/22/21", "6/23/21", "6/24/21", "6/25/21", "6/26/21", "6/27/21", "6/28/21", "6/29/21", "6/30/21", "7/1/21", "7/2/21", "7/3/21", "7/4/21", "7/5/21", "7/6/21", "7/7/21", "7/8/21", "7/9/21", "7/10/21", "7/11/21", "7/12/21", "7/13/21", "7/14/21", "7/15/21", "7/16/21", "7/17/21", "7/18/21", "7/19/21"], "original_values": [0, 27, 0, 23, 0, 0, 24, 0, 19, 28, 0, 0, 0, 0, 102, 0, 0, 0, 0, 0, 0, 0, 0, 0, 0, 304, 0, 378, 21]}