{"dates": ["6/24/21", "6/25/21", "6/26/21", "6/27/21", "6/28/21", "6/29/21", "6/30/21", "7/1/21", "7/2/21", "7/3/21", "7/4/21", "7/5/21", "7/6/21", "7/7/21", "7/8/21", "7/9/21", "7/10/21", "7/11/21", "7/12/21", "7/13/21", "7/14/21", "7/15/21"], "max_14": 82, "max": 19509, "value": [2.4285714285714284, 2.4285714285714284, 2.4285714285714284, 3.2857142857142856, 4.785714285714286, 6.571428571428571, 7.714285714285714, 7.714285714285714, 7.5, 8.285714285714286, 8.642857142857142, 7.785714285714286, 7.285714285714286, 7.0, 7.0, 7.571428571428571, 7.0, 5.214285714285714, 4.142857142857143, 3.0714285714285716, 2.4285714285714284, 2.4285714285714284, 3.0, 3.357142857142857], "time": ["6/21/21", "6/22/21", "6/23/21", "6/24/21", "6/25/21", "6/26/21", "6/27/21", "6/28/21", "6/29/21", "6/30/21", "7/1/21", "7/2/21", "7/3/21", "7/4/21", "7/5/21", "7/6/21", "7/7/21", "7/8/21", "7/9/21", "7/10/21", "7/11/21", "7/12/21", "7/13/21", "7/14/21", "7/15/21", "7/16/21", "7/17/21", "7/18/21", "7/19/21"], "original_values": [3, 5, 5, 3, 1, 0, 0, 3, 5, 17, 12, 17, 0, 0, 0, 19, 8, 9, 13, 0, 0, 8, 3, -1, 3, 4, 0, 0, 16]}