{"dates": ["6/24/21", "6/25/21", "6/26/21", "6/27/21", "6/28/21", "6/29/21", "6/30/21", "7/1/21", "7/2/21", "7/3/21", "7/4/21", "7/5/21", "7/6/21", "7/7/21", "7/8/21", "7/9/21", "7/10/21", "7/11/21", "7/12/21", "7/13/21", "7/14/21", "7/15/21"], "max_14": 102, "max": 1714, "value": [2.5714285714285716, 1.9285714285714286, 1.2857142857142858, 1.2857142857142858, 2.0, 2.642857142857143, 2.4285714285714284, 2.2857142857142856, 2.2857142857142856, 2.5, 2.7142857142857144, 2.0, 2.142857142857143, 3.0, 3.0, 3.7142857142857144, 5.357142857142857, 6.928571428571429, 8.785714285714286, 9.357142857142858, 8.714285714285714, 8.714285714285714, 9.428571428571429, 8.857142857142858], "time": ["6/21/21", "6/22/21", "6/23/21", "6/24/21", "6/25/21", "6/26/21", "6/27/21", "6/28/21", "6/29/21", "6/30/21", "7/1/21", "7/2/21", "7/3/21", "7/4/21", "7/5/21", "7/6/21", "7/7/21", "7/8/21", "7/9/21", "7/10/21", "7/11/21", "7/12/21", "7/13/21", "7/14/21", "7/15/21", "7/16/21", "7/17/21", "7/18/21", "7/19/21"], "original_values": [9, 2, 2, 1, 2, 2, 0, 0, 2, 2, 11, 1, 0, 0, 0, 5, 2, 1, 13, 0, 0, 10, 18, 11, 18, 4, 0, 0, 20]}