{"dates": ["6/24/21", "6/25/21", "6/26/21", "6/27/21", "6/28/21", "6/29/21", "6/30/21", "7/1/21", "7/2/21", "7/3/21", "7/4/21", "7/5/21", "7/6/21", "7/7/21", "7/8/21", "7/9/21", "7/10/21", "7/11/21", "7/12/21", "7/13/21", "7/14/21", "7/15/21"], "max_14": 90, "max": 7534, "value": [1.7142857142857142, 2.2142857142857144, 2.7857142857142856, 2.5714285714285716, 2.7142857142857144, 1.9285714285714286, 0.7142857142857143, 0.7142857142857143, 0.35714285714285715, 0.8571428571428571, 1.9285714285714286, 2.0714285714285716, 2.2857142857142856, 2.5714285714285716, 2.5714285714285716, 3.4285714285714284, 3.857142857142857, 3.857142857142857, 4.285714285714286, 4.857142857142857, 5.428571428571429, 5.428571428571429, 7.0, 8.071428571428571], "time": ["6/21/21", "6/22/21", "6/23/21", "6/24/21", "6/25/21", "6/26/21", "6/27/21", "6/28/21", "6/29/21", "6/30/21", "7/1/21", "7/2/21", "7/3/21", "7/4/21", "7/5/21", "7/6/21", "7/7/21", "7/8/21", "7/9/21", "7/10/21", "7/11/21", "7/12/21", "7/13/21", "7/14/21", "7/15/21", "7/16/21", "7/17/21", "7/18/21", "7/19/21"], "original_values": [-2, 0, 3, -2, 13, 0, 0, 5, 1, -1, 4, -4, 0, 0, 0, 13, 2, 3, 0, 0, 0, 12, 7, 8, 3, 8, 0, 0, 34]}