{"dates": ["6/24/21", "6/25/21", "6/26/21", "6/27/21", "6/28/21", "6/29/21", "6/30/21", "7/1/21", "7/2/21", "7/3/21", "7/4/21", "7/5/21", "7/6/21", "7/7/21", "7/8/21", "7/9/21", "7/10/21", "7/11/21", "7/12/21", "7/13/21", "7/14/21", "7/15/21"], "max_14": 474, "max": 17879, "value": [43.285714285714285, 44.785714285714285, 45.07142857142857, 47.357142857142854, 48.5, 49.07142857142857, 50.07142857142857, 50.285714285714285, 49.0, 46.214285714285715, 43.42857142857143, 40.57142857142857, 38.142857142857146, 35.357142857142854, 32.357142857142854, 32.714285714285715, 34.714285714285715, 35.0, 34.642857142857146, 34.42857142857143, 33.92857142857143, 34.285714285714285, 34.285714285714285, 31.357142857142858], "time": ["6/21/21", "6/22/21", "6/23/21", "6/24/21", "6/25/21", "6/26/21", "6/27/21", "6/28/21", "6/29/21", "6/30/21", "7/1/21", "7/2/21", "7/3/21", "7/4/21", "7/5/21", "7/6/21", "7/7/21", "7/8/21", "7/9/21", "7/10/21", "7/11/21", "7/12/21", "7/13/21", "7/14/21", "7/15/21", "7/16/21", "7/17/21", "7/18/21", "7/19/21"], "original_values": [36, 31, 35, 79, 44, 62, 32, 25, 46, 52, 78, 53, 67, 30, 9, 23, 36, 54, 43, 38, 17, 27, 33, 30, 55, 39, 35, 25, 19]}