{"dates": ["6/24/21", "6/25/21", "6/26/21", "6/27/21", "6/28/21", "6/29/21", "6/30/21", "7/1/21", "7/2/21", "7/3/21", "7/4/21", "7/5/21", "7/6/21", "7/7/21", "7/8/21", "7/9/21", "7/10/21", "7/11/21", "7/12/21", "7/13/21", "7/14/21", "7/15/21"], "max_14": 460, "max": 26436, "value": [8.857142857142858, 8.142857142857142, 7.071428571428571, 6.214285714285714, 5.285714285714286, 5.142857142857143, 4.928571428571429, 4.428571428571429, 4.0, 6.642857142857143, 9.785714285714286, 10.714285714285714, 12.357142857142858, 13.285714285714286, 13.285714285714286, 18.214285714285715, 21.928571428571427, 22.071428571428573, 24.785714285714285, 26.571428571428573, 27.0, 27.0, 34.785714285714285, 40.714285714285715], "time": ["6/21/21", "6/22/21", "6/23/21", "6/24/21", "6/25/21", "6/26/21", "6/27/21", "6/28/21", "6/29/21", "6/30/21", "7/1/21", "7/2/21", "7/3/21", "7/4/21", "7/5/21", "7/6/21", "7/7/21", "7/8/21", "7/9/21", "7/10/21", "7/11/21", "7/12/21", "7/13/21", "7/14/21", "7/15/21", "7/16/21", "7/17/21", "7/18/21", "7/19/21"], "original_values": [16, 5, 18, 11, 6, 5, 2, 4, 2, 9, 7, 8, 0, 0, 0, 43, 12, 17, 21, 0, 0, 69, 26, 31, 36, 27, 0, 0, 178]}