{"dates": ["6/24/21", "6/25/21", "6/26/21", "6/27/21", "6/28/21", "6/29/21", "6/30/21", "7/1/21", "7/2/21", "7/3/21", "7/4/21", "7/5/21", "7/6/21", "7/7/21", "7/8/21", "7/9/21", "7/10/21", "7/11/21", "7/12/21", "7/13/21", "7/14/21", "7/15/21"], "max_14": 45, "max": 4243, "value": [1.4285714285714286, 0.9285714285714286, 0.35714285714285715, 0.5714285714285714, 0.7857142857142857, 0.6428571428571429, 0.5714285714285714, 0.5714285714285714, 0.42857142857142855, 1.1428571428571428, 1.7857142857142858, 1.7142857142857142, 2.4285714285714284, 3.0, 3.0, 3.5, 3.642857142857143, 3.9285714285714284, 4.642857142857143, 3.9285714285714284, 3.142857142857143, 3.142857142857143, 2.7857142857142856, 2.0714285714285716], "time": ["6/21/21", "6/22/21", "6/23/21", "6/24/21", "6/25/21", "6/26/21", "6/27/21", "6/28/21", "6/29/21", "6/30/21", "7/1/21", "7/2/21", "7/3/21", "7/4/21", "7/5/21", "7/6/21", "7/7/21", "7/8/21", "7/9/21", "7/10/21", "7/11/21", "7/12/21", "7/13/21", "7/14/21", "7/15/21", "7/16/21", "7/17/21", "7/18/21", "7/19/21"], "original_values": [9, -1, -2, 2, 2, 0, 0, 2, -2, 2, 1, 1, 0, 0, 0, 10, -1, 3, 9, 0, 0, 7, 5, 8, 4, -2, 0, 0, 2]}