{"dates": ["6/24/21", "6/25/21", "6/26/21", "6/27/21", "6/28/21", "6/29/21", "6/30/21", "7/1/21", "7/2/21", "7/3/21", "7/4/21", "7/5/21", "7/6/21", "7/7/21", "7/8/21", "7/9/21", "7/10/21", "7/11/21", "7/12/21", "7/13/21", "7/14/21", "7/15/21"], "max_14": 625, "max": 76883, "value": [29.0, 32.0, 32.214285714285715, 33.42857142857143, 34.0, 34.0, 33.857142857142854, 32.57142857142857, 31.642857142857142, 30.928571428571427, 32.785714285714285, 35.785714285714285, 37.285714285714285, 39.714285714285715, 41.42857142857143, 41.714285714285715, 43.5, 43.285714285714285, 41.92857142857143, 42.42857142857143, 43.285714285714285, 45.5, 47.142857142857146, 44.285714285714285], "time": ["6/21/21", "6/22/21", "6/23/21", "6/24/21", "6/25/21", "6/26/21", "6/27/21", "6/28/21", "6/29/21", "6/30/21", "7/1/21", "7/2/21", "7/3/21", "7/4/21", "7/5/21", "7/6/21", "7/7/21", "7/8/21", "7/9/21", "7/10/21", "7/11/21", "7/12/21", "7/13/21", "7/14/21", "7/15/21", "7/16/21", "7/17/21", "7/18/21", "7/19/21"], "original_values": [19, 25, 24, 37, 39, 38, 42, 19, 28, 38, 31, 45, 30, 32, 16, 21, 71, 40, 57, 52, 34, 18, 44, 45, 47, 57, 64, 53, 22]}