{"dates": ["6/24/21", "6/25/21", "6/26/21", "6/27/21", "6/28/21", "6/29/21", "6/30/21", "7/1/21", "7/2/21", "7/3/21", "7/4/21", "7/5/21", "7/6/21", "7/7/21", "7/8/21", "7/9/21", "7/10/21", "7/11/21", "7/12/21", "7/13/21", "7/14/21", "7/15/21"], "max_14": 543, "max": 20189, "value": [11.142857142857142, 11.357142857142858, 11.714285714285714, 12.214285714285714, 11.857142857142858, 12.285714285714286, 12.571428571428571, 12.285714285714286, 12.0, 12.428571428571429, 13.5, 15.285714285714286, 17.928571428571427, 20.928571428571427, 23.142857142857142, 23.571428571428573, 22.071428571428573, 27.285714285714285, 33.92857142857143, 35.785714285714285, 35.142857142857146, 39.714285714285715, 50.42857142857143, 53.285714285714285], "time": ["6/21/21", "6/22/21", "6/23/21", "6/24/21", "6/25/21", "6/26/21", "6/27/21", "6/28/21", "6/29/21", "6/30/21", "7/1/21", "7/2/21", "7/3/21", "7/4/21", "7/5/21", "7/6/21", "7/7/21", "7/8/21", "7/9/21", "7/10/21", "7/11/21", "7/12/21", "7/13/21", "7/14/21", "7/15/21", "7/16/21", "7/17/21", "7/18/21", "7/19/21"], "original_values": [9, 11, 11, 18, 8, 19, 4, 8, 17, 12, 12, 20, 11, 8, 0, 31, 13, 36, 33, 40, 10, 4, 6, 111, 31, 64, 0, 114, 50]}