{"dates": ["6/24/21", "6/25/21", "6/26/21", "6/27/21", "6/28/21", "6/29/21", "6/30/21", "7/1/21", "7/2/21", "7/3/21", "7/4/21", "7/5/21", "7/6/21", "7/7/21", "7/8/21", "7/9/21", "7/10/21", "7/11/21", "7/12/21", "7/13/21", "7/14/21", "7/15/21"], "max_14": 51, "max": 3789, "value": [0.7142857142857143, 0.7857142857142857, 0.8571428571428571, 0.7857142857142857, 0.7142857142857143, 0.7142857142857143, 0.7142857142857143, 0.7142857142857143, 0.6428571428571429, 0.5714285714285714, 1.3571428571428572, 2.142857142857143, 2.4285714285714284, 2.9285714285714284, 3.142857142857143, 3.357142857142857, 3.5714285714285716, 3.357142857142857, 3.357142857142857, 3.5, 3.4285714285714284, 3.5714285714285716, 3.7142857142857144, 3.7142857142857144], "time": ["6/21/21", "6/22/21", "6/23/21", "6/24/21", "6/25/21", "6/26/21", "6/27/21", "6/28/21", "6/29/21", "6/30/21", "7/1/21", "7/2/21", "7/3/21", "7/4/21", "7/5/21", "7/6/21", "7/7/21", "7/8/21", "7/9/21", "7/10/21", "7/11/21", "7/12/21", "7/13/21", "7/14/21", "7/15/21", "7/16/21", "7/17/21", "7/18/21", "7/19/21"], "original_values": [0, 0, 3, 0, 2, 0, 0, 1, 0, 2, 0, 2, 0, 0, 0, 0, 13, 0, 6, 3, 0, 3, 0, 10, 3, 5, 3, 2, 3]}