{"dates": ["6/24/21", "6/25/21", "6/26/21", "6/27/21", "6/28/21", "6/29/21", "6/30/21", "7/1/21", "7/2/21", "7/3/21", "7/4/21", "7/5/21", "7/6/21", "7/7/21", "7/8/21", "7/9/21", "7/10/21", "7/11/21", "7/12/21", "7/13/21", "7/14/21", "7/15/21"], "max_14": 196, "max": 9451, "value": [9.571428571428571, 10.071428571428571, 9.857142857142858, 10.571428571428571, 11.785714285714286, 12.285714285714286, 11.285714285714286, 9.571428571428571, 8.928571428571429, 11.071428571428571, 12.071428571428571, 11.071428571428571, 11.142857142857142, 11.0, 11.0, 12.642857142857142, 12.142857142857142, 10.428571428571429, 11.5, 12.285714285714286, 12.428571428571429, 12.428571428571429, 13.071428571428571, 13.0], "time": ["6/21/21", "6/22/21", "6/23/21", "6/24/21", "6/25/21", "6/26/21", "6/27/21", "6/28/21", "6/29/21", "6/30/21", "7/1/21", "7/2/21", "7/3/21", "7/4/21", "7/5/21", "7/6/21", "7/7/21", "7/8/21", "7/9/21", "7/10/21", "7/11/21", "7/12/21", "7/13/21", "7/14/21", "7/15/21", "7/16/21", "7/17/21", "7/18/21", "7/19/21"], "original_values": [2, 11, 12, 10, 12, 16, 8, 1, 9, 24, 15, 14, 0, 0, 0, 40, 7, 18, 12, 0, 0, 23, 10, 13, 27, 14, 0, 0, 32]}