{"dates": ["6/24/21", "6/25/21", "6/26/21", "6/27/21", "6/28/21", "6/29/21", "6/30/21", "7/1/21", "7/2/21", "7/3/21", "7/4/21", "7/5/21", "7/6/21", "7/7/21", "7/8/21", "7/9/21", "7/10/21", "7/11/21", "7/12/21", "7/13/21", "7/14/21", "7/15/21"], "max_14": 662, "max": 10104, "value": [6.928571428571429, 7.428571428571429, 9.0, 10.857142857142858, 12.857142857142858, 15.071428571428571, 14.928571428571429, 15.428571428571429, 16.642857142857142, 14.571428571428571, 14.571428571428571, 16.285714285714285, 18.642857142857142, 23.571428571428573, 24.857142857142858, 24.285714285714285, 28.785714285714285, 30.785714285714285, 31.5, 37.714285714285715, 54.857142857142854, 69.21428571428571, 69.85714285714286, 65.71428571428571], "time": ["6/21/21", "6/22/21", "6/23/21", "6/24/21", "6/25/21", "6/26/21", "6/27/21", "6/28/21", "6/29/21", "6/30/21", "7/1/21", "7/2/21", "7/3/21", "7/4/21", "7/5/21", "7/6/21", "7/7/21", "7/8/21", "7/9/21", "7/10/21", "7/11/21", "7/12/21", "7/13/21", "7/14/21", "7/15/21", "7/16/21", "7/17/21", "7/18/21", "7/19/21"], "original_values": [4, 9, 11, 8, 2, 11, 7, 4, 31, 15, 32, 9, 2, 23, 5, 1, 45, 26, 48, 32, 11, 9, 60, 14, 67, 94, 226, 18, 11]}