{"dates": ["6/24/21", "6/25/21", "6/26/21", "6/27/21", "6/28/21", "6/29/21", "6/30/21", "7/1/21", "7/2/21", "7/3/21", "7/4/21", "7/5/21", "7/6/21", "7/7/21", "7/8/21", "7/9/21", "7/10/21", "7/11/21", "7/12/21", "7/13/21", "7/14/21", "7/15/21"], "max_14": 164, "max": 17123, "value": [0.7142857142857143, 1.2142857142857142, 2.0, 2.357142857142857, 2.7142857142857144, 3.4285714285714284, 3.857142857142857, 3.857142857142857, 3.2857142857142856, 3.5, 4.571428571428571, 4.928571428571429, 5.5, 6.0, 6.0, 8.0, 9.642857142857142, 9.928571428571429, 11.571428571428571, 13.785714285714286, 15.0, 15.0, 14.214285714285714, 12.642857142857142], "time": ["6/21/21", "6/22/21", "6/23/21", "6/24/21", "6/25/21", "6/26/21", "6/27/21", "6/28/21", "6/29/21", "6/30/21", "7/1/21", "7/2/21", "7/3/21", "7/4/21", "7/5/21", "7/6/21", "7/7/21", "7/8/21", "7/9/21", "7/10/21", "7/11/21", "7/12/21", "7/13/21", "7/14/21", "7/15/21", "7/16/21", "7/17/21", "7/18/21", "7/19/21"], "original_values": [1, 1, 1, 2, 0, 0, 0, 8, 5, 2, 6, 6, 0, 0, 0, 16, 6, 7, 13, 0, 0, 28, 11, 15, 21, 30, 0, 0, 17]}