{"dates": ["6/24/21", "6/25/21", "6/26/21", "6/27/21", "6/28/21", "6/29/21", "6/30/21", "7/1/21", "7/2/21", "7/3/21", "7/4/21", "7/5/21", "7/6/21", "7/7/21", "7/8/21", "7/9/21", "7/10/21", "7/11/21", "7/12/21", "7/13/21", "7/14/21", "7/15/21"], "max_14": 231, "max": 100466, "value": [9.571428571428571, 9.571428571428571, 10.0, 10.285714285714286, 10.0, 10.214285714285714, 10.571428571428571, 10.571428571428571, 8.571428571428571, 8.357142857142858, 9.214285714285714, 7.714285714285714, 11.071428571428571, 15.0, 15.0, 15.0, 16.571428571428573, 18.142857142857142, 18.142857142857142, 18.071428571428573, 18.0, 18.0, 18.0, 13.642857142857142], "time": ["6/21/21", "6/22/21", "6/23/21", "6/24/21", "6/25/21", "6/26/21", "6/27/21", "6/28/21", "6/29/21", "6/30/21", "7/1/21", "7/2/21", "7/3/21", "7/4/21", "7/5/21", "7/6/21", "7/7/21", "7/8/21", "7/9/21", "7/10/21", "7/11/21", "7/12/21", "7/13/21", "7/14/21", "7/15/21", "7/16/21", "7/17/21", "7/18/21", "7/19/21"], "original_values": [28, 8, 15, 10, 6, 0, 0, 28, 14, 13, 8, 11, 0, 0, 0, 39, 0, 0, 66, 0, 0, 0, 61, 0, 0, 65, 0, 0, 0]}