{"dates": ["6/24/21", "6/25/21", "6/26/21", "6/27/21", "6/28/21", "6/29/21", "6/30/21", "7/1/21", "7/2/21", "7/3/21", "7/4/21", "7/5/21", "7/6/21", "7/7/21", "7/8/21", "7/9/21", "7/10/21", "7/11/21", "7/12/21", "7/13/21", "7/14/21", "7/15/21"], "max_14": 55, "max": 7779, "value": [1.0, 0.9285714285714286, 1.5, 2.142857142857143, 2.4285714285714284, 3.142857142857143, 3.5, 3.4285714285714284, 3.357142857142857, 3.2142857142857144, 3.0714285714285716, 2.642857142857143, 2.357142857142857, 2.4285714285714284, 2.4285714285714284, 2.857142857142857, 3.5, 3.7142857142857144, 3.7857142857142856, 3.5, 3.142857142857143, 3.142857142857143, 3.857142857142857, 3.857142857142857], "time": ["6/21/21", "6/22/21", "6/23/21", "6/24/21", "6/25/21", "6/26/21", "6/27/21", "6/28/21", "6/29/21", "6/30/21", "7/1/21", "7/2/21", "7/3/21", "7/4/21", "7/5/21", "7/6/21", "7/7/21", "7/8/21", "7/9/21", "7/10/21", "7/11/21", "7/12/21", "7/13/21", "7/14/21", "7/15/21", "7/16/21", "7/17/21", "7/18/21", "7/19/21"], "original_values": [2, -1, 2, 4, -1, 1, 0, 1, 8, 2, 8, 5, 0, 0, 0, 7, 1, 3, 6, 0, 0, 6, 10, 1, 4, 1, 0, 0, 16]}