{"dates": ["6/24/21", "6/25/21", "6/26/21", "6/27/21", "6/28/21", "6/29/21", "6/30/21", "7/1/21", "7/2/21", "7/3/21", "7/4/21", "7/5/21", "7/6/21", "7/7/21", "7/8/21", "7/9/21", "7/10/21", "7/11/21", "7/12/21", "7/13/21", "7/14/21", "7/15/21"], "max_14": 255, "max": 18303, "value": [3.0, 3.0714285714285716, 3.0, 3.5, 5.071428571428571, 6.428571428571429, 6.857142857142857, 6.857142857142857, 7.785714285714286, 8.857142857142858, 9.142857142857142, 9.642857142857142, 10.857142857142858, 11.714285714285714, 11.714285714285714, 13.428571428571429, 15.571428571428571, 16.714285714285715, 18.357142857142858, 19.357142857142858, 19.428571428571427, 19.428571428571427, 20.357142857142858, 20.5], "time": ["6/21/21", "6/22/21", "6/23/21", "6/24/21", "6/25/21", "6/26/21", "6/27/21", "6/28/21", "6/29/21", "6/30/21", "7/1/21", "7/2/21", "7/3/21", "7/4/21", "7/5/21", "7/6/21", "7/7/21", "7/8/21", "7/9/21", "7/10/21", "7/11/21", "7/12/21", "7/13/21", "7/14/21", "7/15/21", "7/16/21", "7/17/21", "7/18/21", "7/19/21"], "original_values": [18, 5, 0, -5, 3, 0, 0, 19, 3, 9, 8, 9, 0, 0, 32, 5, 11, 13, 21, 0, 0, 56, 11, 21, 26, 22, 0, 0, 69]}