{"dates": ["6/24/21", "6/25/21", "6/26/21", "6/27/21", "6/28/21", "6/29/21", "6/30/21", "7/1/21", "7/2/21", "7/3/21", "7/4/21", "7/5/21", "7/6/21", "7/7/21", "7/8/21", "7/9/21", "7/10/21", "7/11/21", "7/12/21", "7/13/21", "7/14/21", "7/15/21"], "max_14": 142, "max": 52565, "value": [1.2142857142857142, 1.9285714285714286, 3.857142857142857, 4.785714285714286, 4.5, 5.0, 5.142857142857143, 5.285714285714286, 5.0, 4.857142857142857, 6.071428571428571, 7.714285714285714, 8.285714285714286, 8.928571428571429, 9.571428571428571, 9.5, 10.214285714285714, 11.0, 10.5, 10.071428571428571, 9.785714285714286, 9.642857142857142, 10.357142857142858, 10.071428571428571], "time": ["6/21/21", "6/22/21", "6/23/21", "6/24/21", "6/25/21", "6/26/21", "6/27/21", "6/28/21", "6/29/21", "6/30/21", "7/1/21", "7/2/21", "7/3/21", "7/4/21", "7/5/21", "7/6/21", "7/7/21", "7/8/21", "7/9/21", "7/10/21", "7/11/21", "7/12/21", "7/13/21", "7/14/21", "7/15/21", "7/16/21", "7/17/21", "7/18/21", "7/19/21"], "original_values": [9, -26, 7, 2, 9, 3, 9, 10, 0, -6, 11, 7, 7, 7, 8, 0, 11, 17, 9, 14, 9, 5, 13, 9, 12, 8, 11, 10, 14]}