{"dates": ["6/24/21", "6/25/21", "6/26/21", "6/27/21", "6/28/21", "6/29/21", "6/30/21", "7/1/21", "7/2/21", "7/3/21", "7/4/21", "7/5/21", "7/6/21", "7/7/21", "7/8/21", "7/9/21", "7/10/21", "7/11/21", "7/12/21", "7/13/21", "7/14/21", "7/15/21"], "max_14": 146, "max": 12411, "value": [3.4285714285714284, 3.357142857142857, 3.142857142857143, 2.7857142857142856, 3.0, 3.5, 3.5714285714285716, 3.5714285714285716, 3.142857142857143, 3.5, 4.785714285714286, 5.285714285714286, 5.5, 5.714285714285714, 5.714285714285714, 8.071428571428571, 10.357142857142858, 10.714285714285714, 11.214285714285714, 11.5, 11.714285714285714, 11.714285714285714, 11.071428571428571, 9.642857142857142], "time": ["6/21/21", "6/22/21", "6/23/21", "6/24/21", "6/25/21", "6/26/21", "6/27/21", "6/28/21", "6/29/21", "6/30/21", "7/1/21", "7/2/21", "7/3/21", "7/4/21", "7/5/21", "7/6/21", "7/7/21", "7/8/21", "7/9/21", "7/10/21", "7/11/21", "7/12/21", "7/13/21", "7/14/21", "7/15/21", "7/16/21", "7/17/21", "7/18/21", "7/19/21"], "original_values": [7, 3, 6, 2, 6, 0, 0, 6, 1, 3, 8, 7, 0, 0, 0, 12, 10, 8, 10, 0, 0, 33, 11, 16, 9, 13, 0, 0, 24]}