{"dates": ["6/24/21", "6/25/21", "6/26/21", "6/27/21", "6/28/21", "6/29/21", "6/30/21", "7/1/21", "7/2/21", "7/3/21", "7/4/21", "7/5/21", "7/6/21", "7/7/21", "7/8/21", "7/9/21", "7/10/21", "7/11/21", "7/12/21", "7/13/21", "7/14/21", "7/15/21"], "max_14": 170, "max": 3837, "value": [4.857142857142857, 5.428571428571429, 6.0, 6.857142857142857, 7.714285714285714, 8.214285714285714, 8.714285714285714, 8.714285714285714, 7.214285714285714, 5.714285714285714, 6.785714285714286, 7.857142857142857, 9.357142857142858, 10.857142857142858, 10.857142857142858, 12.285714285714286, 13.714285714285714, 11.0, 10.214285714285714, 11.142857142857142, 10.142857142857142, 10.142857142857142, 10.357142857142858, 10.571428571428571], "time": ["6/21/21", "6/22/21", "6/23/21", "6/24/21", "6/25/21", "6/26/21", "6/27/21", "6/28/21", "6/29/21", "6/30/21", "7/1/21", "7/2/21", "7/3/21", "7/4/21", "7/5/21", "7/6/21", "7/7/21", "7/8/21", "7/9/21", "7/10/21", "7/11/21", "7/12/21", "7/13/21", "7/14/21", "7/15/21", "7/16/21", "7/17/21", "7/18/21", "7/19/21"], "original_values": [13, 0, 11, 0, 10, 0, 0, 21, 0, 23, 0, 17, 0, 0, 0, 0, 38, 0, 38, 0, 0, 20, 0, 0, 27, 24, 0, 0, 23]}