{"dates": ["6/24/21", "6/25/21", "6/26/21", "6/27/21", "6/28/21", "6/29/21", "6/30/21", "7/1/21", "7/2/21", "7/3/21", "7/4/21", "7/5/21", "7/6/21", "7/7/21", "7/8/21", "7/9/21", "7/10/21", "7/11/21", "7/12/21", "7/13/21", "7/14/21", "7/15/21"], "max_14": 125, "max": 43587, "value": [7.928571428571429, 8.142857142857142, 8.214285714285714, 8.5, 9.0, 8.428571428571429, 6.928571428571429, 6.071428571428571, 5.857142857142857, 4.714285714285714, 3.357142857142857, 3.2857142857142856, 3.357142857142857, 3.5714285714285716, 4.5, 5.071428571428571, 5.857142857142857, 6.785714285714286, 7.571428571428571, 9.0, 10.428571428571429, 11.071428571428571, 11.928571428571429, 11.928571428571429], "time": ["6/21/21", "6/22/21", "6/23/21", "6/24/21", "6/25/21", "6/26/21", "6/27/21", "6/28/21", "6/29/21", "6/30/21", "7/1/21", "7/2/21", "7/3/21", "7/4/21", "7/5/21", "7/6/21", "7/7/21", "7/8/21", "7/9/21", "7/10/21", "7/11/21", "7/12/21", "7/13/21", "7/14/21", "7/15/21", "7/16/21", "7/17/21", "7/18/21", "7/19/21"], "original_values": [5, 16, 4, 3, 13, 14, 1, 7, 15, 9, 5, 3, 3, 0, 5, 1, 4, 9, 0, 9, 7, 6, 11, 7, 17, 12, 17, 8, 17]}