{"dates": ["6/24/21", "6/25/21", "6/26/21", "6/27/21", "6/28/21", "6/29/21", "6/30/21", "7/1/21", "7/2/21", "7/3/21", "7/4/21", "7/5/21", "7/6/21", "7/7/21", "7/8/21", "7/9/21", "7/10/21", "7/11/21", "7/12/21", "7/13/21", "7/14/21", "7/15/21"], "max_14": 110, "max": 9143, "value": [4.142857142857143, 4.428571428571429, 4.714285714285714, 5.928571428571429, 7.142857142857143, 5.857142857142857, 4.571428571428571, 4.571428571428571, 3.9285714285714284, 3.2857142857142856, 2.5, 1.7142857142857142, 2.642857142857143, 3.9285714285714284, 4.285714285714286, 4.571428571428571, 4.857142857142857, 5.428571428571429, 6.714285714285714, 7.142857142857143, 7.642857142857143, 9.357142857142858, 10.571428571428571, 10.857142857142858], "time": ["6/21/21", "6/22/21", "6/23/21", "6/24/21", "6/25/21", "6/26/21", "6/27/21", "6/28/21", "6/29/21", "6/30/21", "7/1/21", "7/2/21", "7/3/21", "7/4/21", "7/5/21", "7/6/21", "7/7/21", "7/8/21", "7/9/21", "7/10/21", "7/11/21", "7/12/21", "7/13/21", "7/14/21", "7/15/21", "7/16/21", "7/17/21", "7/18/21", "7/19/21"], "original_values": [5, 0, 1, 0, 23, 0, 0, 9, 0, 18, 0, 5, 0, 0, 0, 0, 7, 0, 18, 5, 0, 4, 0, 15, 10, 14, 16, 13, 8]}