{"dates": ["6/24/21", "6/25/21", "6/26/21", "6/27/21", "6/28/21", "6/29/21", "6/30/21", "7/1/21", "7/2/21", "7/3/21", "7/4/21", "7/5/21", "7/6/21", "7/7/21", "7/8/21", "7/9/21", "7/10/21", "7/11/21", "7/12/21", "7/13/21", "7/14/21", "7/15/21"], "max_14": 121, "max": 4474, "value": [1.0, 1.2857142857142858, 1.4285714285714286, 1.0, 1.1428571428571428, 1.6428571428571428, 1.7142857142857142, 1.7142857142857142, 1.4285714285714286, 1.5, 2.9285714285714284, 3.5714285714285716, 3.9285714285714284, 4.714285714285714, 4.714285714285714, 6.928571428571429, 8.785714285714286, 8.714285714285714, 9.928571428571429, 10.285714285714286, 9.714285714285714, 9.714285714285714, 8.928571428571429, 7.857142857142857], "time": ["6/21/21", "6/22/21", "6/23/21", "6/24/21", "6/25/21", "6/26/21", "6/27/21", "6/28/21", "6/29/21", "6/30/21", "7/1/21", "7/2/21", "7/3/21", "7/4/21", "7/5/21", "7/6/21", "7/7/21", "7/8/21", "7/9/21", "7/10/21", "7/11/21", "7/12/21", "7/13/21", "7/14/21", "7/15/21", "7/16/21", "7/17/21", "7/18/21", "7/19/21"], "original_values": [0, 6, 0, 2, -1, 0, 0, 4, 4, -4, 8, 0, 0, 0, 0, 9, 11, 2, 11, 0, 0, 31, 4, 15, 15, 3, 0, 0, 20]}