{"dates": ["6/24/21", "6/25/21", "6/26/21", "6/27/21", "6/28/21", "6/29/21", "6/30/21", "7/1/21", "7/2/21", "7/3/21", "7/4/21", "7/5/21", "7/6/21", "7/7/21", "7/8/21", "7/9/21", "7/10/21", "7/11/21", "7/12/21", "7/13/21", "7/14/21", "7/15/21"], "max_14": 483, "max": 130421, "value": [13.0, 14.071428571428571, 14.357142857142858, 15.142857142857142, 15.428571428571429, 15.0, 14.357142857142858, 13.928571428571429, 14.285714285714286, 14.357142857142858, 13.857142857142858, 13.571428571428571, 14.714285714285714, 17.785714285714285, 20.785714285714285, 23.571428571428573, 27.142857142857142, 30.357142857142858, 33.785714285714285, 37.0, 39.214285714285715, 42.07142857142857, 43.785714285714285, 41.214285714285715], "time": ["6/21/21", "6/22/21", "6/23/21", "6/24/21", "6/25/21", "6/26/21", "6/27/21", "6/28/21", "6/29/21", "6/30/21", "7/1/21", "7/2/21", "7/3/21", "7/4/21", "7/5/21", "7/6/21", "7/7/21", "7/8/21", "7/9/21", "7/10/21", "7/11/21", "7/12/21", "7/13/21", "7/14/21", "7/15/21", "7/16/21", "7/17/21", "7/18/21", "7/19/21"], "original_values": [6, 9, 11, 24, 19, 14, 16, 5, 14, 17, 22, 15, 9, 15, 11, 9, 15, 20, 33, 34, 32, 33, 37, 32, 51, 47, 51, 55, 34]}