{"dates": ["6/24/21", "6/25/21", "6/26/21", "6/27/21", "6/28/21", "6/29/21", "6/30/21", "7/1/21", "7/2/21", "7/3/21", "7/4/21", "7/5/21", "7/6/21", "7/7/21", "7/8/21", "7/9/21", "7/10/21", "7/11/21", "7/12/21", "7/13/21", "7/14/21", "7/15/21"], "max_14": 387, "max": 24940, "value": [2.142857142857143, 2.0714285714285716, 2.142857142857143, 2.2142857142857144, 2.9285714285714284, 4.928571428571429, 6.071428571428571, 6.0, 5.5, 8.857142857142858, 14.214285714285714, 16.5, 18.214285714285715, 19.142857142857142, 19.142857142857142, 23.071428571428573, 25.0, 23.857142857142858, 24.857142857142858, 22.857142857142858, 20.714285714285715, 23.0, 26.785714285714285, 26.214285714285715], "time": ["6/21/21", "6/22/21", "6/23/21", "6/24/21", "6/25/21", "6/26/21", "6/27/21", "6/28/21", "6/29/21", "6/30/21", "7/1/21", "7/2/21", "7/3/21", "7/4/21", "7/5/21", "7/6/21", "7/7/21", "7/8/21", "7/9/21", "7/10/21", "7/11/21", "7/12/21", "7/13/21", "7/14/21", "7/15/21", "7/16/21", "7/17/21", "7/18/21", "7/19/21"], "original_values": [8, 1, 7, -2, 0, 1, 0, 7, 3, 6, 9, 17, 0, 0, 0, 57, 27, 20, 30, 0, 0, 55, 29, 39, 22, 0, 0, 32, 76]}