{"dates": ["6/24/21", "6/25/21", "6/26/21", "6/27/21", "6/28/21", "6/29/21", "6/30/21", "7/1/21", "7/2/21", "7/3/21", "7/4/21", "7/5/21", "7/6/21", "7/7/21", "7/8/21", "7/9/21", "7/10/21", "7/11/21", "7/12/21", "7/13/21", "7/14/21", "7/15/21"], "max_14": 526, "max": 137237, "value": [17.571428571428573, 18.928571428571427, 19.5, 19.0, 18.785714285714285, 19.285714285714285, 19.357142857142858, 19.214285714285715, 18.928571428571427, 18.714285714285715, 19.857142857142858, 21.785714285714285, 22.642857142857142, 24.142857142857142, 25.928571428571427, 26.857142857142858, 29.571428571428573, 32.285714285714285, 35.142857142857146, 39.857142857142854, 44.07142857142857, 46.42857142857143, 47.357142857142854, 43.5], "time": ["6/21/21", "6/22/21", "6/23/21", "6/24/21", "6/25/21", "6/26/21", "6/27/21", "6/28/21", "6/29/21", "6/30/21", "7/1/21", "7/2/21", "7/3/21", "7/4/21", "7/5/21", "7/6/21", "7/7/21", "7/8/21", "7/9/21", "7/10/21", "7/11/21", "7/12/21", "7/13/21", "7/14/21", "7/15/21", "7/16/21", "7/17/21", "7/18/21", "7/19/21"], "original_values": [4, 28, 23, 12, 18, 30, 16, 7, 33, 11, 21, 16, 33, 11, 8, 29, 31, 28, 21, 49, 20, 12, 63, 35, 64, 51, 78, 24, 21]}