{"dates": ["6/24/21", "6/25/21", "6/26/21", "6/27/21", "6/28/21", "6/29/21", "6/30/21", "7/1/21", "7/2/21", "7/3/21", "7/4/21", "7/5/21", "7/6/21", "7/7/21", "7/8/21", "7/9/21", "7/10/21", "7/11/21", "7/12/21", "7/13/21", "7/14/21", "7/15/21"], "max_14": 82, "max": 8970, "value": [1.0, 1.5714285714285714, 2.2142857142857144, 2.2857142857142856, 2.357142857142857, 2.4285714285714284, 2.4285714285714284, 2.4285714285714284, 1.8571428571428572, 1.1428571428571428, 1.1428571428571428, 1.4285714285714286, 1.7142857142857142, 1.8571428571428572, 1.8571428571428572, 3.142857142857143, 5.0, 5.714285714285714, 5.785714285714286, 6.285714285714286, 6.857142857142857, 6.857142857142857, 7.071428571428571, 6.714285714285714], "time": ["6/21/21", "6/22/21", "6/23/21", "6/24/21", "6/25/21", "6/26/21", "6/27/21", "6/28/21", "6/29/21", "6/30/21", "7/1/21", "7/2/21", "7/3/21", "7/4/21", "7/5/21", "7/6/21", "7/7/21", "7/8/21", "7/9/21", "7/10/21", "7/11/21", "7/12/21", "7/13/21", "7/14/21", "7/15/21", "7/16/21", "7/17/21", "7/18/21", "7/19/21"], "original_values": [0, 1, 4, 1, 1, 0, 0, 8, 2, 4, 2, 1, 0, 0, 0, 0, 6, 4, 3, 0, 0, 18, 8, 8, 3, 11, 0, 0, 21]}