{"dates": ["6/24/21", "6/25/21", "6/26/21", "6/27/21", "6/28/21", "6/29/21", "6/30/21", "7/1/21", "7/2/21", "7/3/21", "7/4/21", "7/5/21", "7/6/21", "7/7/21", "7/8/21", "7/9/21", "7/10/21", "7/11/21", "7/12/21", "7/13/21", "7/14/21", "7/15/21"], "max_14": 73, "max": 8711, "value": [3.0, 3.142857142857143, 3.0714285714285716, 3.142857142857143, 3.2142857142857144, 3.2142857142857144, 3.642857142857143, 4.142857142857143, 4.642857142857143, 5.0, 4.714285714285714, 4.714285714285714, 5.142857142857143, 5.0, 4.714285714285714, 4.857142857142857, 4.785714285714286, 5.0, 5.642857142857143, 6.142857142857143, 5.928571428571429, 5.142857142857143, 5.142857142857143, 5.357142857142857], "time": ["6/21/21", "6/22/21", "6/23/21", "6/24/21", "6/25/21", "6/26/21", "6/27/21", "6/28/21", "6/29/21", "6/30/21", "7/1/21", "7/2/21", "7/3/21", "7/4/21", "7/5/21", "7/6/21", "7/7/21", "7/8/21", "7/9/21", "7/10/21", "7/11/21", "7/12/21", "7/13/21", "7/14/21", "7/15/21", "7/16/21", "7/17/21", "7/18/21", "7/19/21"], "original_values": [1, 5, 3, 4, 1, 6, 2, 1, 4, 5, 3, 2, 11, 4, 6, 4, 1, 7, 4, 7, 4, 8, 1, 7, 10, 8, 0, 0, 12]}