{"dates": ["6/24/21", "6/25/21", "6/26/21", "6/27/21", "6/28/21", "6/29/21", "6/30/21", "7/1/21", "7/2/21", "7/3/21", "7/4/21", "7/5/21", "7/6/21", "7/7/21", "7/8/21", "7/9/21", "7/10/21", "7/11/21", "7/12/21", "7/13/21", "7/14/21", "7/15/21"], "max_14": 48, "max": 3005, "value": [0.7857142857142857, 1.0714285714285714, 1.1428571428571428, 0.7857142857142857, 0.5714285714285714, 0.7142857142857143, 0.7142857142857143, 0.6428571428571429, 0.5714285714285714, 0.5714285714285714, 4.0, 7.285714285714286, 7.142857142857143, 7.0, 6.857142857142857, 6.714285714285714, 6.714285714285714, 3.4285714285714284, 0.14285714285714285, 0.14285714285714285, 0.14285714285714285, 0.14285714285714285, 0.14285714285714285, 0.14285714285714285], "time": ["6/21/21", "6/22/21", "6/23/21", "6/24/21", "6/25/21", "6/26/21", "6/27/21", "6/28/21", "6/29/21", "6/30/21", "7/1/21", "7/2/21", "7/3/21", "7/4/21", "7/5/21", "7/6/21", "7/7/21", "7/8/21", "7/9/21", "7/10/21", "7/11/21", "7/12/21", "7/13/21", "7/14/21", "7/15/21", "7/16/21", "7/17/21", "7/18/21", "7/19/21"], "original_values": [-1, 0, 4, 0, 0, 2, 1, 2, -2, 1, 0, 2, 0, 2, 0, 0, 47, 0, 0, 0, 0, 0, 0, 1, 0, 0, 0, 0, 0]}