{"dates": ["6/24/21", "6/25/21", "6/26/21", "6/27/21", "6/28/21", "6/29/21", "6/30/21", "7/1/21", "7/2/21", "7/3/21", "7/4/21", "7/5/21", "7/6/21", "7/7/21", "7/8/21", "7/9/21", "7/10/21", "7/11/21", "7/12/21", "7/13/21", "7/14/21", "7/15/21"], "max_14": 144, "max": 20348, "value": [4.857142857142857, 4.857142857142857, 5.285714285714286, 6.714285714285714, 6.714285714285714, 7.0, 9.642857142857142, 11.0, 11.0, 10.357142857142858, 9.214285714285714, 9.0, 9.285714285714286, 6.714285714285714, 4.142857142857143, 4.142857142857143, 6.428571428571429, 8.642857142857142, 10.214285714285714, 11.642857142857142, 13.928571428571429, 16.428571428571427, 16.428571428571427, 13.285714285714286], "time": ["6/21/21", "6/22/21", "6/23/21", "6/24/21", "6/25/21", "6/26/21", "6/27/21", "6/28/21", "6/29/21", "6/30/21", "7/1/21", "7/2/21", "7/3/21", "7/4/21", "7/5/21", "7/6/21", "7/7/21", "7/8/21", "7/9/21", "7/10/21", "7/11/21", "7/12/21", "7/13/21", "7/14/21", "7/15/21", "7/16/21", "7/17/21", "7/18/21", "7/19/21"], "original_values": [0, 15, -4, 18, 0, 5, 0, 0, 21, 10, 4, 18, 24, 0, 0, 12, 3, 8, 18, -12, 0, 0, 44, 2, 31, 15, 23, 0, 0]}