{"dates": ["6/24/21", "6/25/21", "6/26/21", "6/27/21", "6/28/21", "6/29/21", "6/30/21", "7/1/21", "7/2/21", "7/3/21", "7/4/21", "7/5/21", "7/6/21", "7/7/21", "7/8/21", "7/9/21", "7/10/21", "7/11/21", "7/12/21", "7/13/21", "7/14/21", "7/15/21"], "max_14": 222, "max": 12291, "value": [4.571428571428571, 4.642857142857143, 4.857142857142857, 4.928571428571429, 5.142857142857143, 5.714285714285714, 6.0, 6.0, 5.142857142857143, 5.785714285714286, 7.214285714285714, 7.357142857142857, 7.857142857142857, 8.142857142857142, 8.142857142857142, 10.5, 11.642857142857142, 11.428571428571429, 13.571428571428571, 14.857142857142858, 15.0, 15.0, 16.928571428571427, 18.142857142857142], "time": ["6/21/21", "6/22/21", "6/23/21", "6/24/21", "6/25/21", "6/26/21", "6/27/21", "6/28/21", "6/29/21", "6/30/21", "7/1/21", "7/2/21", "7/3/21", "7/4/21", "7/5/21", "7/6/21", "7/7/21", "7/8/21", "7/9/21", "7/10/21", "7/11/21", "7/12/21", "7/13/21", "7/14/21", "7/15/21", "7/16/21", "7/17/21", "7/18/21", "7/19/21"], "original_values": [11, 4, 7, 5, 5, 0, 0, 12, 6, 6, 9, 9, 0, 0, 0, 27, 5, 12, 13, 0, 0, 33, 10, 19, 28, 15, 0, 0, 60]}