{"dates": ["6/24/21", "6/25/21", "6/26/21", "6/27/21", "6/28/21", "6/29/21", "6/30/21", "7/1/21", "7/2/21", "7/3/21", "7/4/21", "7/5/21", "7/6/21", "7/7/21", "7/8/21", "7/9/21", "7/10/21", "7/11/21", "7/12/21", "7/13/21", "7/14/21", "7/15/21"], "max_14": 521, "max": 116668, "value": [24.5, 25.214285714285715, 25.928571428571427, 27.428571428571427, 27.428571428571427, 26.214285714285715, 24.071428571428573, 21.642857142857142, 20.571428571428573, 18.714285714285715, 16.571428571428573, 18.571428571428573, 21.214285714285715, 22.642857142857142, 24.285714285714285, 25.714285714285715, 28.071428571428573, 30.357142857142858, 33.0, 36.92857142857143, 40.07142857142857, 42.857142857142854, 46.214285714285715, 45.714285714285715], "time": ["6/21/21", "6/22/21", "6/23/21", "6/24/21", "6/25/21", "6/26/21", "6/27/21", "6/28/21", "6/29/21", "6/30/21", "7/1/21", "7/2/21", "7/3/21", "7/4/21", "7/5/21", "7/6/21", "7/7/21", "7/8/21", "7/9/21", "7/10/21", "7/11/21", "7/12/21", "7/13/21", "7/14/21", "7/15/21", "7/16/21", "7/17/21", "7/18/21", "7/19/21"], "original_values": [21, 20, 31, 23, 36, 30, 21, 10, 41, 31, 23, 19, 17, 0, 16, 9, 33, 49, 30, 26, 14, 22, 36, 38, 81, 53, 47, 32, 51]}