{"dates": ["6/24/21", "6/25/21", "6/26/21", "6/27/21", "6/28/21", "6/29/21", "6/30/21", "7/1/21", "7/2/21", "7/3/21", "7/4/21", "7/5/21", "7/6/21", "7/7/21", "7/8/21", "7/9/21", "7/10/21", "7/11/21", "7/12/21", "7/13/21", "7/14/21", "7/15/21"], "max_14": 1252, "max": 22322, "value": [18.285714285714285, 21.357142857142858, 25.285714285714285, 29.0, 31.857142857142858, 31.857142857142858, 31.857142857142858, 31.857142857142858, 27.214285714285715, 26.428571428571427, 29.5, 31.071428571428573, 37.642857142857146, 41.857142857142854, 41.857142857142854, 56.857142857142854, 69.85714285714286, 72.07142857142857, 78.85714285714286, 81.57142857142857, 81.71428571428571, 81.71428571428571, 94.35714285714286, 103.28571428571429], "time": ["6/21/21", "6/22/21", "6/23/21", "6/24/21", "6/25/21", "6/26/21", "6/27/21", "6/28/21", "6/29/21", "6/30/21", "7/1/21", "7/2/21", "7/3/21", "7/4/21", "7/5/21", "7/6/21", "7/7/21", "7/8/21", "7/9/21", "7/10/21", "7/11/21", "7/12/21", "7/13/21", "7/14/21", "7/15/21", "7/16/21", "7/17/21", "7/18/21", "7/19/21"], "original_values": [22, 14, 27, 34, 31, 0, 0, 65, 26, 67, 34, 31, 0, 0, 0, 80, 56, 67, 90, 0, 0, 210, 52, 115, 103, 92, 0, 0, 387]}