{"dates": ["6/24/21", "6/25/21", "6/26/21", "6/27/21", "6/28/21", "6/29/21", "6/30/21", "7/1/21", "7/2/21", "7/3/21", "7/4/21", "7/5/21", "7/6/21", "7/7/21", "7/8/21", "7/9/21", "7/10/21", "7/11/21", "7/12/21", "7/13/21", "7/14/21", "7/15/21"], "max_14": 143, "max": 26404, "value": [4.642857142857143, 4.928571428571429, 4.785714285714286, 4.857142857142857, 5.214285714285714, 5.928571428571429, 6.642857142857143, 6.714285714285714, 6.357142857142857, 6.142857142857143, 5.357142857142857, 4.857142857142857, 5.285714285714286, 5.571428571428571, 6.142857142857143, 6.857142857142857, 7.428571428571429, 8.714285714285714, 10.071428571428571, 10.642857142857142, 11.5, 12.571428571428571, 13.142857142857142, 12.857142857142858], "time": ["6/21/21", "6/22/21", "6/23/21", "6/24/21", "6/25/21", "6/26/21", "6/27/21", "6/28/21", "6/29/21", "6/30/21", "7/1/21", "7/2/21", "7/3/21", "7/4/21", "7/5/21", "7/6/21", "7/7/21", "7/8/21", "7/9/21", "7/10/21", "7/11/21", "7/12/21", "7/13/21", "7/14/21", "7/15/21", "7/16/21", "7/17/21", "7/18/21", "7/19/21"], "original_values": [6, 3, 9, 6, 4, 1, 7, 3, 4, 9, 11, 9, 6, 3, 2, 2, 0, 13, 13, 6, 11, 4, 8, 12, 20, 14, 17, 15, 8]}