{"dates": ["6/24/21", "6/25/21", "6/26/21", "6/27/21", "6/28/21", "6/29/21", "6/30/21", "7/1/21", "7/2/21", "7/3/21", "7/4/21", "7/5/21", "7/6/21", "7/7/21", "7/8/21", "7/9/21", "7/10/21", "7/11/21", "7/12/21", "7/13/21", "7/14/21", "7/15/21"], "max_14": 220, "max": 5481, "value": [2.357142857142857, 2.7857142857142856, 3.357142857142857, 3.642857142857143, 3.357142857142857, 3.142857142857143, 3.2857142857142856, 4.357142857142857, 5.428571428571429, 5.214285714285714, 6.714285714285714, 9.357142857142858, 12.0, 14.071428571428571, 13.857142857142858, 13.0, 14.928571428571429, 16.285714285714285, 17.357142857142858, 18.214285714285715, 18.142857142857142, 18.928571428571427, 18.714285714285715, 16.357142857142858], "time": ["6/21/21", "6/22/21", "6/23/21", "6/24/21", "6/25/21", "6/26/21", "6/27/21", "6/28/21", "6/29/21", "6/30/21", "7/1/21", "7/2/21", "7/3/21", "7/4/21", "7/5/21", "7/6/21", "7/7/21", "7/8/21", "7/9/21", "7/10/21", "7/11/21", "7/12/21", "7/13/21", "7/14/21", "7/15/21", "7/16/21", "7/17/21", "7/18/21", "7/19/21"], "original_values": [1, 2, 2, 4, 3, 3, 3, 4, 7, 1, 1, 3, 5, 16, 6, 2, 27, 12, 29, 8, 10, 0, 35, 13, 41, 12, 24, 5, 2]}