{"dates": ["6/24/21", "6/25/21", "6/26/21", "6/27/21", "6/28/21", "6/29/21", "6/30/21", "7/1/21", "7/2/21", "7/3/21", "7/4/21", "7/5/21", "7/6/21", "7/7/21", "7/8/21", "7/9/21", "7/10/21", "7/11/21", "7/12/21", "7/13/21", "7/14/21", "7/15/21"], "max_14": 228, "max": 19328, "value": [17.428571428571427, 16.071428571428573, 14.5, 12.142857142857142, 9.285714285714286, 8.571428571428571, 8.571428571428571, 8.571428571428571, 6.928571428571429, 7.714285714285714, 9.857142857142858, 9.357142857142858, 9.071428571428571, 9.0, 9.0, 11.142857142857142, 11.857142857142858, 12.0, 15.285714285714286, 17.142857142857142, 17.285714285714285, 17.285714285714285, 18.285714285714285, 17.857142857142858], "time": ["6/21/21", "6/22/21", "6/23/21", "6/24/21", "6/25/21", "6/26/21", "6/27/21", "6/28/21", "6/29/21", "6/30/21", "7/1/21", "7/2/21", "7/3/21", "7/4/21", "7/5/21", "7/6/21", "7/7/21", "7/8/21", "7/9/21", "7/10/21", "7/11/21", "7/12/21", "7/13/21", "7/14/21", "7/15/21", "7/16/21", "7/17/21", "7/18/21", "7/19/21"], "original_values": [42, 9, 39, 22, 10, 0, 0, 23, 6, 9, 12, 10, 0, 0, 0, 40, 5, 9, 9, 0, 0, 30, 20, 27, 33, 11, 0, 0, 44]}