{"dates": ["6/24/21", "6/25/21", "6/26/21", "6/27/21", "6/28/21", "6/29/21", "6/30/21", "7/1/21", "7/2/21", "7/3/21", "7/4/21", "7/5/21", "7/6/21", "7/7/21", "7/8/21", "7/9/21", "7/10/21", "7/11/21", "7/12/21", "7/13/21", "7/14/21", "7/15/21"], "max_14": 91, "max": 2904, "value": [1.1428571428571428, 1.0, 0.8571428571428571, 1.2857142857142858, 1.7142857142857142, 1.9285714285714286, 2.142857142857143, 2.142857142857143, 2.0714285714285716, 2.0, 3.142857142857143, 4.285714285714286, 5.0, 5.714285714285714, 5.714285714285714, 6.714285714285714, 7.714285714285714, 6.071428571428571, 5.214285714285714, 5.928571428571429, 5.857142857142857, 5.857142857142857, 5.571428571428571, 5.285714285714286], "time": ["6/21/21", "6/22/21", "6/23/21", "6/24/21", "6/25/21", "6/26/21", "6/27/21", "6/28/21", "6/29/21", "6/30/21", "7/1/21", "7/2/21", "7/3/21", "7/4/21", "7/5/21", "7/6/21", "7/7/21", "7/8/21", "7/9/21", "7/10/21", "7/11/21", "7/12/21", "7/13/21", "7/14/21", "7/15/21", "7/16/21", "7/17/21", "7/18/21", "7/19/21"], "original_values": [3, 0, 1, 0, 4, 0, 0, 1, 0, 7, 0, 7, 0, 0, 0, 0, 23, 0, 17, 0, 0, 14, 0, 0, 11, 16, 0, 0, 10]}