{"dates": ["6/24/21", "6/25/21", "6/26/21", "6/27/21", "6/28/21", "6/29/21", "6/30/21", "7/1/21", "7/2/21", "7/3/21", "7/4/21", "7/5/21", "7/6/21", "7/7/21", "7/8/21", "7/9/21", "7/10/21", "7/11/21", "7/12/21", "7/13/21", "7/14/21", "7/15/21"], "max_14": 121, "max": 1156, "value": [3.0, 3.4285714285714284, 3.9285714285714284, 4.642857142857143, 4.428571428571429, 4.071428571428571, 4.142857142857143, 3.857142857142857, 3.7857142857142856, 3.5714285714285716, 3.5, 4.5, 6.071428571428571, 7.428571428571429, 7.928571428571429, 7.642857142857143, 8.0, 9.214285714285714, 9.785714285714286, 9.571428571428571, 9.142857142857142, 9.071428571428571, 9.571428571428571, 9.0], "time": ["6/21/21", "6/22/21", "6/23/21", "6/24/21", "6/25/21", "6/26/21", "6/27/21", "6/28/21", "6/29/21", "6/30/21", "7/1/21", "7/2/21", "7/3/21", "7/4/21", "7/5/21", "7/6/21", "7/7/21", "7/8/21", "7/9/21", "7/10/21", "7/11/21", "7/12/21", "7/13/21", "7/14/21", "7/15/21", "7/16/21", "7/17/21", "7/18/21", "7/19/21"], "original_values": [0, 3, 2, 8, 3, 3, 4, 2, 8, 7, 0, 6, 1, 2, 3, 4, 10, 11, 17, 9, 1, 0, 12, 19, 10, 15, 5, 4, 4]}