{"dates": ["6/24/21", "6/25/21", "6/26/21", "6/27/21", "6/28/21", "6/29/21", "6/30/21", "7/1/21", "7/2/21", "7/3/21", "7/4/21", "7/5/21", "7/6/21", "7/7/21", "7/8/21", "7/9/21", "7/10/21", "7/11/21", "7/12/21", "7/13/21", "7/14/21", "7/15/21"], "max_14": 166, "max": 13392, "value": [5.857142857142857, 5.928571428571429, 5.857142857142857, 5.5, 4.928571428571429, 4.857142857142857, 5.142857142857143, 5.142857142857143, 4.428571428571429, 4.785714285714286, 5.571428571428571, 5.857142857142857, 6.571428571428571, 6.714285714285714, 6.714285714285714, 8.428571428571429, 11.428571428571429, 13.285714285714286, 13.428571428571429, 13.285714285714286, 13.571428571428571, 13.571428571428571, 13.571428571428571, 10.785714285714286], "time": ["6/21/21", "6/22/21", "6/23/21", "6/24/21", "6/25/21", "6/26/21", "6/27/21", "6/28/21", "6/29/21", "6/30/21", "7/1/21", "7/2/21", "7/3/21", "7/4/21", "7/5/21", "7/6/21", "7/7/21", "7/8/21", "7/9/21", "7/10/21", "7/11/21", "7/12/21", "7/13/21", "7/14/21", "7/15/21", "7/16/21", "7/17/21", "7/18/21", "7/19/21"], "original_values": [9, 8, 10, 10, 4, 0, 0, 10, 6, 7, 5, 8, 0, 0, 0, 21, 3, 13, 10, 0, 0, 24, 39, 11, 7, 14, 0, 0, 24]}