{"dates": ["6/24/21", "6/25/21", "6/26/21", "6/27/21", "6/28/21", "6/29/21", "6/30/21", "7/1/21", "7/2/21", "7/3/21", "7/4/21", "7/5/21", "7/6/21", "7/7/21", "7/8/21", "7/9/21", "7/10/21", "7/11/21", "7/12/21", "7/13/21", "7/14/21", "7/15/21"], "max_14": 139, "max": 23304, "value": [-5.571428571428571, -5.571428571428571, -7.285714285714286, -12.785714285714286, -18.357142857142858, -23.071428571428573, -17.714285714285715, -9.428571428571429, -9.428571428571429, -9.214285714285714, -5.214285714285714, 1.0714285714285714, 2.5714285714285716, -0.6428571428571429, -2.857142857142857, -2.857142857142857, -0.42857142857142855, 1.1428571428571428, 2.7857142857142856, 9.928571428571429, 17.214285714285715, 19.857142857142858, 19.857142857142858, 17.285714285714285], "time": ["6/21/21", "6/22/21", "6/23/21", "6/24/21", "6/25/21", "6/26/21", "6/27/21", "6/28/21", "6/29/21", "6/30/21", "7/1/21", "7/2/21", "7/3/21", "7/4/21", "7/5/21", "7/6/21", "7/7/21", "7/8/21", "7/9/21", "7/10/21", "7/11/21", "7/12/21", "7/13/21", "7/14/21", "7/15/21", "7/16/21", "7/17/21", "7/18/21", "7/19/21"], "original_values": [0, 23, 4, 14, 7, -87, 0, 0, -1, -49, -11, -34, 29, 0, 0, 2, 4, 24, -48, -2, 0, 0, 36, -8, 59, 17, 35, 0, 0]}