{"dates": ["6/24/21", "6/25/21", "6/26/21", "6/27/21", "6/28/21", "6/29/21", "6/30/21", "7/1/21", "7/2/21", "7/3/21", "7/4/21", "7/5/21", "7/6/21", "7/7/21", "7/8/21", "7/9/21", "7/10/21", "7/11/21", "7/12/21", "7/13/21", "7/14/21", "7/15/21"], "max_14": 224, "max": 18313, "value": [4.0, 3.5714285714285716, 3.142857142857143, 3.142857142857143, 2.642857142857143, 2.0, 1.8571428571428572, 1.8571428571428572, 1.2142857142857142, 2.357142857142857, 4.785714285714286, 6.285714285714286, 8.0, 8.857142857142858, 8.857142857142858, 11.357142857142858, 12.428571428571429, 11.857142857142858, 12.857142857142858, 14.071428571428571, 15.142857142857142, 15.142857142857142, 16.642857142857142, 17.714285714285715], "time": ["6/21/21", "6/22/21", "6/23/21", "6/24/21", "6/25/21", "6/26/21", "6/27/21", "6/28/21", "6/29/21", "6/30/21", "7/1/21", "7/2/21", "7/3/21", "7/4/21", "7/5/21", "7/6/21", "7/7/21", "7/8/21", "7/9/21", "7/10/21", "7/11/21", "7/12/21", "7/13/21", "7/14/21", "7/15/21", "7/16/21", "7/17/21", "7/18/21", "7/19/21"], "original_values": [15, 1, 4, 4, 4, 0, 0, 9, 1, 4, -3, 2, 0, 0, 0, 26, 13, 9, 14, 0, 0, 35, 6, 25, 11, 29, 0, 0, 56]}