{"dates": ["6/24/21", "6/25/21", "6/26/21", "6/27/21", "6/28/21", "6/29/21", "6/30/21", "7/1/21", "7/2/21", "7/3/21", "7/4/21", "7/5/21", "7/6/21", "7/7/21", "7/8/21", "7/9/21", "7/10/21", "7/11/21", "7/12/21", "7/13/21", "7/14/21", "7/15/21"], "max_14": 333, "max": 8034, "value": [7.0, 7.0, 7.0, 7.0, 7.0, 7.714285714285714, 8.428571428571429, 8.428571428571429, 8.428571428571429, 8.428571428571429, 8.428571428571429, 8.428571428571429, 10.642857142857142, 12.857142857142858, 12.857142857142858, 12.857142857142858, 12.857142857142858, 12.857142857142858, 12.857142857142858, 23.785714285714285, 34.714285714285715, 34.714285714285715, 34.714285714285715, 34.714285714285715], "time": ["6/21/21", "6/22/21", "6/23/21", "6/24/21", "6/25/21", "6/26/21", "6/27/21", "6/28/21", "6/29/21", "6/30/21", "7/1/21", "7/2/21", "7/3/21", "7/4/21", "7/5/21", "7/6/21", "7/7/21", "7/8/21", "7/9/21", "7/10/21", "7/11/21", "7/12/21", "7/13/21", "7/14/21", "7/15/21", "7/16/21", "7/17/21", "7/18/21", "7/19/21"], "original_values": [0, 0, 0, 0, 49, 0, 0, 0, 0, 0, 0, 59, 0, 0, 0, 0, 0, 0, 90, 0, 0, 0, 0, 0, 0, 243, 0, 0, 0]}