{"dates": ["6/24/21", "6/25/21", "6/26/21", "6/27/21", "6/28/21", "6/29/21", "6/30/21", "7/1/21", "7/2/21", "7/3/21", "7/4/21", "7/5/21", "7/6/21", "7/7/21", "7/8/21", "7/9/21", "7/10/21", "7/11/21", "7/12/21", "7/13/21", "7/14/21", "7/15/21"], "max_14": 176, "max": 11672, "value": [4.714285714285714, 4.857142857142857, 5.214285714285714, 5.0, 4.571428571428571, 4.428571428571429, 4.285714285714286, 4.285714285714286, 3.2142857142857144, 4.714285714285714, 7.5, 8.214285714285714, 8.857142857142858, 9.0, 9.0, 12.214285714285714, 13.142857142857142, 11.0, 11.5, 12.071428571428571, 12.285714285714286, 12.285714285714286, 11.0, 9.357142857142858], "time": ["6/21/21", "6/22/21", "6/23/21", "6/24/21", "6/25/21", "6/26/21", "6/27/21", "6/28/21", "6/29/21", "6/30/21", "7/1/21", "7/2/21", "7/3/21", "7/4/21", "7/5/21", "7/6/21", "7/7/21", "7/8/21", "7/9/21", "7/10/21", "7/11/21", "7/12/21", "7/13/21", "7/14/21", "7/15/21", "7/16/21", "7/17/21", "7/18/21", "7/19/21"], "original_values": [13, -2, 9, 7, 6, 0, 0, 15, 1, 3, 7, 4, 0, 0, 0, 37, 6, 14, 6, 0, 0, 45, 5, 8, 19, 9, 0, 0, 27]}