{"dates": ["6/24/21", "6/25/21", "6/26/21", "6/27/21", "6/28/21", "6/29/21", "6/30/21", "7/1/21", "7/2/21", "7/3/21", "7/4/21", "7/5/21", "7/6/21", "7/7/21", "7/8/21", "7/9/21", "7/10/21", "7/11/21", "7/12/21", "7/13/21", "7/14/21", "7/15/21"], "max_14": 486, "max": 21558, "value": [10.142857142857142, 11.0, 11.857142857142858, 12.5, 13.142857142857142, 15.0, 16.857142857142858, 16.857142857142858, 14.714285714285714, 12.571428571428571, 17.785714285714285, 23.0, 23.5, 24.0, 24.0, 29.142857142857142, 34.285714285714285, 26.285714285714285, 25.5, 33.785714285714285, 34.857142857142854, 34.857142857142854, 35.0, 35.142857142857146], "time": ["6/21/21", "6/22/21", "6/23/21", "6/24/21", "6/25/21", "6/26/21", "6/27/21", "6/28/21", "6/29/21", "6/30/21", "7/1/21", "7/2/21", "7/3/21", "7/4/21", "7/5/21", "7/6/21", "7/7/21", "7/8/21", "7/9/21", "7/10/21", "7/11/21", "7/12/21", "7/13/21", "7/14/21", "7/15/21", "7/16/21", "7/17/21", "7/18/21", "7/19/21"], "original_values": [18, 0, 30, 0, 23, 0, 0, 30, 0, 39, 0, 49, 0, 0, 0, 0, 112, 0, 56, 0, 0, 72, 0, 0, 101, 71, 0, 0, 74]}