{"dates": ["6/24/21", "6/25/21", "6/26/21", "6/27/21", "6/28/21", "6/29/21", "6/30/21", "7/1/21", "7/2/21", "7/3/21", "7/4/21", "7/5/21", "7/6/21", "7/7/21", "7/8/21", "7/9/21", "7/10/21", "7/11/21", "7/12/21", "7/13/21", "7/14/21", "7/15/21"], "max_14": 174, "max": 18267, "value": [13.571428571428571, 13.428571428571429, 13.142857142857142, 13.214285714285714, 12.714285714285714, 11.785714285714286, 11.571428571428571, 11.571428571428571, 10.928571428571429, 9.5, 10.714285714285714, 12.642857142857142, 13.0, 13.428571428571429, 13.428571428571429, 14.214285714285714, 15.214285714285714, 12.857142857142858, 10.428571428571429, 10.214285714285714, 9.857142857142858, 9.857142857142858, 9.857142857142858, 8.428571428571429], "time": ["6/21/21", "6/22/21", "6/23/21", "6/24/21", "6/25/21", "6/26/21", "6/27/21", "6/28/21", "6/29/21", "6/30/21", "7/1/21", "7/2/21", "7/3/21", "7/4/21", "7/5/21", "7/6/21", "7/7/21", "7/8/21", "7/9/21", "7/10/21", "7/11/21", "7/12/21", "7/13/21", "7/14/21", "7/15/21", "7/16/21", "7/17/21", "7/18/21", "7/19/21"], "original_values": [11, 30, 17, 25, 12, 0, 0, 9, 28, 20, 15, 9, 0, 0, 0, 17, 48, 14, 15, 0, 0, 11, 20, 12, 16, 10, 0, 0, 11]}