{"dates": ["6/24/21", "6/25/21", "6/26/21", "6/27/21", "6/28/21", "6/29/21", "6/30/21", "7/1/21", "7/2/21", "7/3/21", "7/4/21", "7/5/21", "7/6/21", "7/7/21", "7/8/21", "7/9/21", "7/10/21", "7/11/21", "7/12/21", "7/13/21", "7/14/21", "7/15/21"], "max_14": 80, "max": 7032, "value": [4.714285714285714, 4.5, 4.571428571428571, 4.714285714285714, 4.571428571428571, 4.571428571428571, 4.285714285714286, 4.0, 3.5714285714285716, 3.2142857142857144, 2.857142857142857, 2.142857142857143, 2.2857142857142856, 2.7142857142857144, 2.7142857142857144, 4.357142857142857, 6.142857142857143, 6.5, 6.928571428571429, 6.928571428571429, 6.714285714285714, 6.714285714285714, 6.071428571428571, 5.0], "time": ["6/21/21", "6/22/21", "6/23/21", "6/24/21", "6/25/21", "6/26/21", "6/27/21", "6/28/21", "6/29/21", "6/30/21", "7/1/21", "7/2/21", "7/3/21", "7/4/21", "7/5/21", "7/6/21", "7/7/21", "7/8/21", "7/9/21", "7/10/21", "7/11/21", "7/12/21", "7/13/21", "7/14/21", "7/15/21", "7/16/21", "7/17/21", "7/18/21", "7/19/21"], "original_values": [9, -1, 9, 9, 3, 4, 0, 6, 3, 7, 9, 3, 0, 0, 0, 4, 1, 5, 9, 0, 0, 23, 6, 4, 8, 6, 0, 0, 14]}