{"dates": ["6/24/21", "6/25/21", "6/26/21", "6/27/21", "6/28/21", "6/29/21", "6/30/21", "7/1/21", "7/2/21", "7/3/21", "7/4/21", "7/5/21", "7/6/21", "7/7/21", "7/8/21", "7/9/21", "7/10/21", "7/11/21", "7/12/21", "7/13/21", "7/14/21", "7/15/21"], "max_14": 124, "max": 9420, "value": [3.142857142857143, 3.142857142857143, 3.2857142857142856, 3.2142857142857144, 3.642857142857143, 3.9285714285714284, 3.5714285714285716, 3.5714285714285716, 4.0, 4.571428571428571, 5.428571428571429, 5.928571428571429, 6.571428571428571, 7.428571428571429, 7.428571428571429, 7.0, 9.0, 10.785714285714286, 10.714285714285714, 11.214285714285714, 11.142857142857142, 11.142857142857142, 11.142857142857142, 8.428571428571429], "time": ["6/21/21", "6/22/21", "6/23/21", "6/24/21", "6/25/21", "6/26/21", "6/27/21", "6/28/21", "6/29/21", "6/30/21", "7/1/21", "7/2/21", "7/3/21", "7/4/21", "7/5/21", "7/6/21", "7/7/21", "7/8/21", "7/9/21", "7/10/21", "7/11/21", "7/12/21", "7/13/21", "7/14/21", "7/15/21", "7/16/21", "7/17/21", "7/18/21", "7/19/21"], "original_values": [0, 0, 13, 4, 5, 0, 0, 0, 2, 10, 13, 0, 0, 0, 6, 4, 20, 10, 12, 0, 0, 0, 38, 11, 18, 11, 0, 0, 0]}