{"dates": ["6/24/21", "6/25/21", "6/26/21", "6/27/21", "6/28/21", "6/29/21", "6/30/21", "7/1/21", "7/2/21", "7/3/21", "7/4/21", "7/5/21", "7/6/21", "7/7/21", "7/8/21", "7/9/21", "7/10/21", "7/11/21", "7/12/21", "7/13/21", "7/14/21", "7/15/21"], "max_14": 731, "max": 24648, "value": [26.142857142857142, 27.928571428571427, 30.214285714285715, 32.642857142857146, 34.92857142857143, 35.642857142857146, 37.285714285714285, 39.42857142857143, 37.07142857142857, 36.07142857142857, 36.857142857142854, 37.142857142857146, 40.42857142857143, 43.07142857142857, 43.285714285714285, 43.57142857142857, 46.42857142857143, 52.357142857142854, 56.142857142857146, 53.857142857142854, 47.642857142857146, 48.285714285714285, 56.5, 53.142857142857146], "time": ["6/21/21", "6/22/21", "6/23/21", "6/24/21", "6/25/21", "6/26/21", "6/27/21", "6/28/21", "6/29/21", "6/30/21", "7/1/21", "7/2/21", "7/3/21", "7/4/21", "7/5/21", "7/6/21", "7/7/21", "7/8/21", "7/9/21", "7/10/21", "7/11/21", "7/12/21", "7/13/21", "7/14/21", "7/15/21", "7/16/21", "7/17/21", "7/18/21", "7/19/21"], "original_values": [20, 30, 21, 38, 47, 26, 2, 43, 39, 46, 45, 50, 46, 12, 0, 68, 28, 67, 74, 59, 2, 14, 94, 85, 63, 46, 0, 70, 61]}