{"dates": ["6/24/21", "6/25/21", "6/26/21", "6/27/21", "6/28/21", "6/29/21", "6/30/21", "7/1/21", "7/2/21", "7/3/21", "7/4/21", "7/5/21", "7/6/21", "7/7/21", "7/8/21", "7/9/21", "7/10/21", "7/11/21", "7/12/21", "7/13/21", "7/14/21", "7/15/21"], "max_14": 568, "max": 27852, "value": [15.428571428571429, 14.571428571428571, 14.285714285714286, 14.0, 12.071428571428571, 11.714285714285714, 12.428571428571429, 12.428571428571429, 10.571428571428571, 11.714285714285714, 15.785714285714286, 17.928571428571427, 19.5, 20.0, 20.0, 24.785714285714285, 28.571428571428573, 28.714285714285715, 31.5, 35.0, 36.857142857142854, 36.857142857142854, 44.214285714285715, 48.357142857142854], "time": ["6/21/21", "6/22/21", "6/23/21", "6/24/21", "6/25/21", "6/26/21", "6/27/21", "6/28/21", "6/29/21", "6/30/21", "7/1/21", "7/2/21", "7/3/21", "7/4/21", "7/5/21", "7/6/21", "7/7/21", "7/8/21", "7/9/21", "7/10/21", "7/11/21", "7/12/21", "7/13/21", "7/14/21", "7/15/21", "7/16/21", "7/17/21", "7/18/21", "7/19/21"], "original_values": [38, 9, 25, 26, 10, 0, 0, 26, 17, 13, 11, 20, 0, 0, 0, 59, 28, 26, 27, 0, 0, 67, 45, 44, 49, 53, 0, 0, 170]}