{"dates": ["6/24/21", "6/25/21", "6/26/21", "6/27/21", "6/28/21", "6/29/21", "6/30/21", "7/1/21", "7/2/21", "7/3/21", "7/4/21", "7/5/21", "7/6/21", "7/7/21", "7/8/21", "7/9/21", "7/10/21", "7/11/21", "7/12/21", "7/13/21", "7/14/21", "7/15/21"], "max_14": 667, "max": 13633, "value": [8.142857142857142, 9.214285714285714, 11.285714285714286, 13.571428571428571, 15.571428571428571, 16.785714285714285, 17.285714285714285, 17.285714285714285, 14.714285714285714, 14.285714285714286, 19.214285714285715, 23.357142857142858, 25.714285714285715, 26.714285714285715, 26.714285714285715, 34.642857142857146, 41.285714285714285, 43.57142857142857, 47.285714285714285, 50.142857142857146, 52.857142857142854, 52.857142857142854, 52.785714285714285, 50.642857142857146], "time": ["6/21/21", "6/22/21", "6/23/21", "6/24/21", "6/25/21", "6/26/21", "6/27/21", "6/28/21", "6/29/21", "6/30/21", "7/1/21", "7/2/21", "7/3/21", "7/4/21", "7/5/21", "7/6/21", "7/7/21", "7/8/21", "7/9/21", "7/10/21", "7/11/21", "7/12/21", "7/13/21", "7/14/21", "7/15/21", "7/16/21", "7/17/21", "7/18/21", "7/19/21"], "original_values": [21, 3, 20, 7, 6, 0, 0, 36, 17, 38, 17, 13, 0, 0, 0, 47, 77, 36, 27, 0, 0, 111, 29, 127, 38, 65, 0, 0, 110]}