{"dates": ["6/24/21", "6/25/21", "6/26/21", "6/27/21", "6/28/21", "6/29/21", "6/30/21", "7/1/21", "7/2/21", "7/3/21", "7/4/21", "7/5/21", "7/6/21", "7/7/21", "7/8/21", "7/9/21", "7/10/21", "7/11/21", "7/12/21", "7/13/21", "7/14/21", "7/15/21"], "max_14": 73, "max": 4301, "value": [2.642857142857143, 3.2142857142857144, 3.2857142857142856, 3.642857142857143, 3.9285714285714284, 3.857142857142857, 3.857142857142857, 3.4285714285714284, 3.0, 3.0, 3.2142857142857144, 3.5714285714285716, 3.9285714285714284, 3.7857142857142856, 4.0, 4.357142857142857, 4.428571428571429, 5.142857142857143, 5.285714285714286, 5.142857142857143, 5.357142857142857, 5.928571428571429, 6.357142857142857, 6.0], "time": ["6/21/21", "6/22/21", "6/23/21", "6/24/21", "6/25/21", "6/26/21", "6/27/21", "6/28/21", "6/29/21", "6/30/21", "7/1/21", "7/2/21", "7/3/21", "7/4/21", "7/5/21", "7/6/21", "7/7/21", "7/8/21", "7/9/21", "7/10/21", "7/11/21", "7/12/21", "7/13/21", "7/14/21", "7/15/21", "7/16/21", "7/17/21", "7/18/21", "7/19/21"], "original_values": [3, 0, 1, 4, 0, 7, 7, 4, 0, 6, 3, 0, 7, 1, 4, 0, 9, 5, 3, 2, 9, 1, 4, 15, 1, 5, 3, 16, 0]}