{"dates": ["6/24/21", "6/25/21", "6/26/21", "6/27/21", "6/28/21", "6/29/21", "6/30/21", "7/1/21", "7/2/21", "7/3/21", "7/4/21", "7/5/21", "7/6/21", "7/7/21", "7/8/21", "7/9/21", "7/10/21", "7/11/21", "7/12/21", "7/13/21", "7/14/21", "7/15/21"], "max_14": 627, "max": 61674, "value": [31.785714285714285, 32.642857142857146, 31.357142857142858, 29.428571428571427, 28.071428571428573, 28.857142857142858, 29.857142857142858, 30.071428571428573, 30.214285714285715, 28.928571428571427, 31.214285714285715, 33.07142857142857, 35.642857142857146, 41.57142857142857, 44.0, 44.92857142857143, 46.285714285714285, 45.285714285714285, 44.857142857142854, 44.285714285714285, 42.0, 42.285714285714285, 43.5, 42.142857142857146], "time": ["6/21/21", "6/22/21", "6/23/21", "6/24/21", "6/25/21", "6/26/21", "6/27/21", "6/28/21", "6/29/21", "6/30/21", "7/1/21", "7/2/21", "7/3/21", "7/4/21", "7/5/21", "7/6/21", "7/7/21", "7/8/21", "7/9/21", "7/10/21", "7/11/21", "7/12/21", "7/13/21", "7/14/21", "7/15/21", "7/16/21", "7/17/21", "7/18/21", "7/19/21"], "original_values": [20, 44, 33, 45, 35, 38, 15, 17, 29, 21, 38, 53, 34, 22, 12, 16, 66, 19, 108, 62, 28, 19, 28, 40, 39, 80, 58, 36, 28]}