{"dates": ["6/24/21", "6/25/21", "6/26/21", "6/27/21", "6/28/21", "6/29/21", "6/30/21", "7/1/21", "7/2/21", "7/3/21", "7/4/21", "7/5/21", "7/6/21", "7/7/21", "7/8/21", "7/9/21", "7/10/21", "7/11/21", "7/12/21", "7/13/21", "7/14/21", "7/15/21"], "max_14": 62, "max": 1536, "value": [0.42857142857142855, 0.5714285714285714, 1.0, 1.2857142857142858, 1.7142857142857142, 2.2142857142857144, 2.2857142857142856, 2.2857142857142856, 2.5, 2.4285714285714284, 2.142857142857143, 2.0714285714285716, 2.2142857142857144, 2.4285714285714284, 2.4285714285714284, 2.642857142857143, 3.142857142857143, 4.071428571428571, 5.071428571428571, 5.785714285714286, 6.142857142857143, 6.142857142857143, 6.071428571428571, 5.714285714285714], "time": ["6/21/21", "6/22/21", "6/23/21", "6/24/21", "6/25/21", "6/26/21", "6/27/21", "6/28/21", "6/29/21", "6/30/21", "7/1/21", "7/2/21", "7/3/21", "7/4/21", "7/5/21", "7/6/21", "7/7/21", "7/8/21", "7/9/21", "7/10/21", "7/11/21", "7/12/21", "7/13/21", "7/14/21", "7/15/21", "7/16/21", "7/17/21", "7/18/21", "7/19/21"], "original_values": [0, 0, 1, 0, 2, 0, 0, 2, 4, 1, 6, 3, 0, 0, 5, 0, 1, 5, 6, 0, 0, 8, 4, 10, 10, 11, 0, 0, 7]}