{"dates": ["6/24/21", "6/25/21", "6/26/21", "6/27/21", "6/28/21", "6/29/21", "6/30/21", "7/1/21", "7/2/21", "7/3/21", "7/4/21", "7/5/21", "7/6/21", "7/7/21", "7/8/21", "7/9/21", "7/10/21", "7/11/21", "7/12/21", "7/13/21", "7/14/21", "7/15/21"], "max_14": 585, "max": 83752, "value": [26.142857142857142, 24.5, 23.714285714285715, 22.571428571428573, 19.357142857142858, 18.214285714285715, 18.285714285714285, 18.285714285714285, 14.714285714285714, 15.071428571428571, 17.5, 16.142857142857142, 15.785714285714286, 15.285714285714286, 15.285714285714286, 23.785714285714285, 28.571428571428573, 29.642857142857142, 36.785714285714285, 41.0, 42.857142857142854, 42.857142857142854, 47.07142857142857, 49.0], "time": ["6/21/21", "6/22/21", "6/23/21", "6/24/21", "6/25/21", "6/26/21", "6/27/21", "6/28/21", "6/29/21", "6/30/21", "7/1/21", "7/2/21", "7/3/21", "7/4/21", "7/5/21", "7/6/21", "7/7/21", "7/8/21", "7/9/21", "7/10/21", "7/11/21", "7/12/21", "7/13/21", "7/14/21", "7/15/21", "7/16/21", "7/17/21", "7/18/21", "7/19/21"], "original_values": [73, 17, 34, 34, 25, 0, 0, 50, 29, 6, 17, 26, 0, 0, 0, 84, -15, 19, 19, 0, 0, 119, 32, 52, 52, 45, 0, 0, 178]}