{"dates": ["6/24/21", "6/25/21", "6/26/21", "6/27/21", "6/28/21", "6/29/21", "6/30/21", "7/1/21", "7/2/21", "7/3/21", "7/4/21", "7/5/21", "7/6/21", "7/7/21", "7/8/21", "7/9/21", "7/10/21", "7/11/21", "7/12/21", "7/13/21", "7/14/21", "7/15/21"], "max_14": 2086, "max": 100878, "value": [23.0, 22.785714285714285, 21.071428571428573, 21.857142857142858, 25.142857142857142, 30.571428571428573, 33.92857142857143, 32.857142857142854, 28.785714285714285, 44.857142857142854, 66.5, 71.71428571428571, 83.85714285714286, 92.28571428571429, 92.28571428571429, 117.71428571428571, 131.28571428571428, 124.92857142857143, 136.92857142857142, 130.57142857142858, 117.71428571428571, 128.21428571428572, 146.78571428571428, 146.71428571428572], "time": ["6/21/21", "6/22/21", "6/23/21", "6/24/21", "6/25/21", "6/26/21", "6/27/21", "6/28/21", "6/29/21", "6/30/21", "7/1/21", "7/2/21", "7/3/21", "7/4/21", "7/5/21", "7/6/21", "7/7/21", "7/8/21", "7/9/21", "7/10/21", "7/11/21", "7/12/21", "7/13/21", "7/14/21", "7/15/21", "7/16/21", "7/17/21", "7/18/21", "7/19/21"], "original_values": [60, 19, 35, 32, 0, 15, 0, 57, -2, 67, 46, 62, 0, 0, 0, 280, 88, 98, 180, 0, 0, 356, 114, 165, 189, 0, 0, 147, 469]}