{"dates": ["6/24/21", "6/25/21", "6/26/21", "6/27/21", "6/28/21", "6/29/21", "6/30/21", "7/1/21", "7/2/21", "7/3/21", "7/4/21", "7/5/21", "7/6/21", "7/7/21", "7/8/21", "7/9/21", "7/10/21", "7/11/21", "7/12/21", "7/13/21", "7/14/21", "7/15/21"], "max_14": 65, "max": 17094, "value": [1.1428571428571428, 1.5, 1.6428571428571428, 1.6428571428571428, 2.0714285714285716, 2.142857142857143, 1.6428571428571428, 1.2857142857142858, 0.9285714285714286, 1.0, 0.9285714285714286, 1.0, 1.8571428571428572, 2.2857142857142856, 2.2857142857142856, 3.0, 3.357142857142857, 3.642857142857143, 4.5, 4.857142857142857, 5.0, 5.0, 5.285714285714286, 5.5], "time": ["6/21/21", "6/22/21", "6/23/21", "6/24/21", "6/25/21", "6/26/21", "6/27/21", "6/28/21", "6/29/21", "6/30/21", "7/1/21", "7/2/21", "7/3/21", "7/4/21", "7/5/21", "7/6/21", "7/7/21", "7/8/21", "7/9/21", "7/10/21", "7/11/21", "7/12/21", "7/13/21", "7/14/21", "7/15/21", "7/16/21", "7/17/21", "7/18/21", "7/19/21"], "original_values": [0, 3, 3, -4, 2, 3, 2, 3, 2, 4, 1, -2, 0, 0, 0, 6, -1, 7, 4, 0, 0, 10, 1, 8, 10, 6, 0, 0, 14]}