{"dates": ["6/24/21", "6/25/21", "6/26/21", "6/27/21", "6/28/21", "6/29/21", "6/30/21", "7/1/21", "7/2/21", "7/3/21", "7/4/21", "7/5/21", "7/6/21", "7/7/21", "7/8/21", "7/9/21", "7/10/21", "7/11/21", "7/12/21", "7/13/21", "7/14/21", "7/15/21"], "max_14": 1636, "max": 42921, "value": [29.857142857142858, 32.07142857142857, 36.642857142857146, 42.214285714285715, 45.5, 47.0, 48.42857142857143, 48.42857142857143, 40.07142857142857, 40.214285714285715, 52.285714285714285, 57.214285714285715, 61.92857142857143, 65.28571428571429, 65.28571428571429, 84.57142857142857, 97.78571428571429, 96.92857142857143, 107.42857142857143, 117.71428571428571, 122.71428571428571, 122.71428571428571, 126.28571428571429, 124.21428571428571], "time": ["6/21/21", "6/22/21", "6/23/21", "6/24/21", "6/25/21", "6/26/21", "6/27/21", "6/28/21", "6/29/21", "6/30/21", "7/1/21", "7/2/21", "7/3/21", "7/4/21", "7/5/21", "7/6/21", "7/7/21", "7/8/21", "7/9/21", "7/10/21", "7/11/21", "7/12/21", "7/13/21", "7/14/21", "7/15/21", "7/16/21", "7/17/21", "7/18/21", "7/19/21"], "original_values": [86, 12, 51, 46, 14, 0, 0, 117, 45, 96, 47, 34, 0, 0, 0, 164, 146, 66, 81, 0, 0, 270, 79, 219, 140, 151, 0, 0, 320]}