{"dates": ["6/24/21", "6/25/21", "6/26/21", "6/27/21", "6/28/21", "6/29/21", "6/30/21", "7/1/21", "7/2/21", "7/3/21", "7/4/21", "7/5/21", "7/6/21", "7/7/21", "7/8/21", "7/9/21", "7/10/21", "7/11/21", "7/12/21", "7/13/21", "7/14/21", "7/15/21"], "max_14": 5, "max": 811, "value": [5.642857142857143, 5.714285714285714, 7.214285714285714, 9.0, 9.571428571428571, 9.214285714285714, 8.0, 7.428571428571429, 7.428571428571429, 6.214285714285714, 4.071428571428571, 2.142857142857143, 1.0714285714285714, 0.9285714285714286, 0.7857142857142857, 0.7142857142857143, 0.5, 0.07142857142857142, -0.21428571428571427, -0.2857142857142857, -0.14285714285714285, 0.0, 0.0, 0.0], "time": ["6/21/21", "6/22/21", "6/23/21", "6/24/21", "6/25/21", "6/26/21", "6/27/21", "6/28/21", "6/29/21", "6/30/21", "7/1/21", "7/2/21", "7/3/21", "7/4/21", "7/5/21", "7/6/21", "7/7/21", "7/8/21", "7/9/21", "7/10/21", "7/11/21", "7/12/21", "7/13/21", "7/14/21", "7/15/21", "7/16/21", "7/17/21", "7/18/21", "7/19/21"], "original_values": [0, -1, 10, 11, 10, 9, 1, 0, 20, 14, 15, 1, 1, 1, 0, 3, 1, 1, 0, 0, 0, 0, 0, -2, 0, 0, 2, 0, 0]}