{"dates": ["6/24/21", "6/25/21", "6/26/21", "6/27/21", "6/28/21", "6/29/21", "6/30/21", "7/1/21", "7/2/21", "7/3/21", "7/4/21", "7/5/21", "7/6/21", "7/7/21", "7/8/21", "7/9/21", "7/10/21", "7/11/21", "7/12/21", "7/13/21", "7/14/21", "7/15/21"], "max_14": 18, "max": 4248, "value": [30.0, 30.142857142857142, 32.857142857142854, 35.714285714285715, 35.357142857142854, 34.285714285714285, 32.42857142857143, 31.071428571428573, 31.071428571428573, 28.428571428571427, 22.142857142857142, 15.357142857142858, 8.928571428571429, 3.357142857142857, 1.2142857142857142, 1.3571428571428572, 1.2142857142857142, 1.2142857142857142, 1.2142857142857142, 1.1428571428571428, 1.5, 1.5714285714285714, 1.2857142857142858, 1.2857142857142858], "time": ["6/21/21", "6/22/21", "6/23/21", "6/24/21", "6/25/21", "6/26/21", "6/27/21", "6/28/21", "6/29/21", "6/30/21", "7/1/21", "7/2/21", "7/3/21", "7/4/21", "7/5/21", "7/6/21", "7/7/21", "7/8/21", "7/9/21", "7/10/21", "7/11/21", "7/12/21", "7/13/21", "7/14/21", "7/15/21", "7/16/21", "7/17/21", "7/18/21", "7/19/21"], "original_values": [0, 1, 50, 54, 53, 51, 2, 0, 39, 52, 47, 45, 33, 1, 1, 1, 2, 2, 0, 0, 4, 0, 0, 3, 1, 0, 5, 0, 0]}