{"dates": ["6/24/21", "6/25/21", "6/26/21", "6/27/21", "6/28/21", "6/29/21", "6/30/21", "7/1/21", "7/2/21", "7/3/21", "7/4/21", "7/5/21", "7/6/21", "7/7/21", "7/8/21", "7/9/21", "7/10/21", "7/11/21", "7/12/21", "7/13/21", "7/14/21", "7/15/21"], "max_14": 969, "max": 94142, "value": [32.92857142857143, 38.285714285714285, 42.642857142857146, 39.07142857142857, 37.5, 41.57142857142857, 46.07142857142857, 50.07142857142857, 48.0, 50.642857142857146, 62.285714285714285, 64.92857142857143, 61.214285714285715, 58.642857142857146, 57.142857142857146, 65.78571428571429, 69.21428571428571, 62.642857142857146, 68.14285714285714, 76.35714285714286, 81.64285714285714, 83.0, 72.21428571428571, 61.357142857142854], "time": ["6/21/21", "6/22/21", "6/23/21", "6/24/21", "6/25/21", "6/26/21", "6/27/21", "6/28/21", "6/29/21", "6/30/21", "7/1/21", "7/2/21", "7/3/21", "7/4/21", "7/5/21", "7/6/21", "7/7/21", "7/8/21", "7/9/21", "7/10/21", "7/11/21", "7/12/21", "7/13/21", "7/14/21", "7/15/21", "7/16/21", "7/17/21", "7/18/21", "7/19/21"], "original_values": [14, 22, 58, 27, 81, 26, 5, 84, 13, 17, 46, 119, 51, 36, 24, 110, 83, 17, 96, 38, 28, 153, 29, 72, 105, 123, 85, 0, 30]}