{"dates": ["6/24/21", "6/25/21", "6/26/21", "6/27/21", "6/28/21", "6/29/21", "6/30/21", "7/1/21", "7/2/21", "7/3/21", "7/4/21", "7/5/21", "7/6/21", "7/7/21", "7/8/21", "7/9/21", "7/10/21", "7/11/21", "7/12/21", "7/13/21", "7/14/21", "7/15/21"], "max_14": 287, "max": 72128, "value": [11.285714285714286, 11.571428571428571, 12.357142857142858, 11.928571428571429, 11.357142857142858, 12.071428571428571, 12.571428571428571, 12.857142857142858, 13.642857142857142, 13.857142857142858, 14.285714285714286, 15.357142857142858, 15.428571428571429, 15.642857142857142, 17.285714285714285, 18.5, 19.571428571428573, 20.714285714285715, 21.357142857142858, 22.214285714285715, 23.071428571428573, 23.071428571428573, 22.5, 20.5], "time": ["6/21/21", "6/22/21", "6/23/21", "6/24/21", "6/25/21", "6/26/21", "6/27/21", "6/28/21", "6/29/21", "6/30/21", "7/1/21", "7/2/21", "7/3/21", "7/4/21", "7/5/21", "7/6/21", "7/7/21", "7/8/21", "7/9/21", "7/10/21", "7/11/21", "7/12/21", "7/13/21", "7/14/21", "7/15/21", "7/16/21", "7/17/21", "7/18/21", "7/19/21"], "original_values": [3, 12, 21, 10, 22, 11, 0, 7, 19, 8, 15, 27, 13, 2, 16, 13, 20, 18, 25, 18, 20, 15, 29, 20, 27, 28, 27, 11, 16]}