{"dates": ["6/24/21", "6/25/21", "6/26/21", "6/27/21", "6/28/21", "6/29/21", "6/30/21", "7/1/21", "7/2/21", "7/3/21", "7/4/21", "7/5/21", "7/6/21", "7/7/21", "7/8/21", "7/9/21", "7/10/21", "7/11/21", "7/12/21", "7/13/21", "7/14/21", "7/15/21"], "max_14": 605, "max": 44801, "value": [32.42857142857143, 31.714285714285715, 28.285714285714285, 26.0, 24.714285714285715, 23.214285714285715, 23.428571428571427, 23.428571428571427, 18.285714285714285, 18.214285714285715, 25.428571428571427, 27.928571428571427, 27.428571428571427, 26.571428571428573, 26.571428571428573, 35.07142857142857, 42.42857142857143, 42.0, 43.857142857142854, 49.214285714285715, 53.42857142857143, 53.42857142857143, 48.142857142857146, 37.714285714285715], "time": ["6/21/21", "6/22/21", "6/23/21", "6/24/21", "6/25/21", "6/26/21", "6/27/21", "6/28/21", "6/29/21", "6/30/21", "7/1/21", "7/2/21", "7/3/21", "7/4/21", "7/5/21", "7/6/21", "7/7/21", "7/8/21", "7/9/21", "7/10/21", "7/11/21", "7/12/21", "7/13/21", "7/14/21", "7/15/21", "7/16/21", "7/17/21", "7/18/21", "7/19/21"], "original_values": [82, 55, 12, 41, 37, 0, 0, 72, 17, 18, 17, 40, 0, 0, 0, 88, 48, 22, 28, 0, 0, 119, 72, 58, 38, 87, 0, 0, 45]}