{"dates": ["6/24/21", "6/25/21", "6/26/21", "6/27/21", "6/28/21", "6/29/21", "6/30/21", "7/1/21", "7/2/21", "7/3/21", "7/4/21", "7/5/21", "7/6/21", "7/7/21", "7/8/21", "7/9/21", "7/10/21", "7/11/21", "7/12/21", "7/13/21", "7/14/21", "7/15/21"], "max_14": 213, "max": 10692, "value": [8.142857142857142, 7.785714285714286, 6.5, 4.571428571428571, 4.928571428571429, 7.142857142857143, 7.642857142857143, 7.285714285714286, 5.857142857142857, 8.142857142857142, 11.857142857142858, 11.857142857142858, 11.0, 10.714285714285714, 11.285714285714286, 14.571428571428571, 14.714285714285714, 11.571428571428571, 11.714285714285714, 11.857142857142858, 15.5, 19.142857142857142, 15.857142857142858, 12.571428571428571], "time": ["6/21/21", "6/22/21", "6/23/21", "6/24/21", "6/25/21", "6/26/21", "6/27/21", "6/28/21", "6/29/21", "6/30/21", "7/1/21", "7/2/21", "7/3/21", "7/4/21", "7/5/21", "7/6/21", "7/7/21", "7/8/21", "7/9/21", "7/10/21", "7/11/21", "7/12/21", "7/13/21", "7/14/21", "7/15/21", "7/16/21", "7/17/21", "7/18/21", "7/19/21"], "original_values": [25, 5, 14, 8, 0, 5, 0, 20, -8, 0, 27, 12, 0, 0, 0, 44, 0, 27, 0, 8, 0, 46, 0, 0, 29, 0, 59, 0, 0]}