{"dates": ["6/24/21", "6/25/21", "6/26/21", "6/27/21", "6/28/21", "6/29/21", "6/30/21", "7/1/21", "7/2/21", "7/3/21", "7/4/21", "7/5/21", "7/6/21", "7/7/21", "7/8/21", "7/9/21", "7/10/21", "7/11/21", "7/12/21", "7/13/21", "7/14/21", "7/15/21"], "max_14": 365, "max": 6301, "value": [17.928571428571427, 18.785714285714285, 20.0, 20.857142857142858, 21.928571428571427, 23.857142857142858, 22.714285714285715, 22.357142857142858, 23.857142857142858, 21.714285714285715, 23.0, 24.285714285714285, 23.714285714285715, 26.5, 25.928571428571427, 24.0, 26.5, 27.0, 27.142857142857142, 28.214285714285715, 27.642857142857142, 28.285714285714285, 28.285714285714285, 25.428571428571427], "time": ["6/21/21", "6/22/21", "6/23/21", "6/24/21", "6/25/21", "6/26/21", "6/27/21", "6/28/21", "6/29/21", "6/30/21", "7/1/21", "7/2/21", "7/3/21", "7/4/21", "7/5/21", "7/6/21", "7/7/21", "7/8/21", "7/9/21", "7/10/21", "7/11/21", "7/12/21", "7/13/21", "7/14/21", "7/15/21", "7/16/21", "7/17/21", "7/18/21", "7/19/21"], "original_values": [3, 19, 20, 34, 17, 27, 11, 4, 35, 16, 53, 25, 3, 30, 6, 3, 66, 21, 49, 18, 7, 2, 42, 34, 55, 30, 29, 5, 4]}