{"dates": ["6/24/21", "6/25/21", "6/26/21", "6/27/21", "6/28/21", "6/29/21", "6/30/21", "7/1/21", "7/2/21", "7/3/21", "7/4/21", "7/5/21", "7/6/21", "7/7/21", "7/8/21", "7/9/21", "7/10/21", "7/11/21", "7/12/21", "7/13/21", "7/14/21", "7/15/21"], "max_14": 203, "max": 9057, "value": [11.142857142857142, 11.571428571428571, 12.428571428571429, 13.571428571428571, 13.214285714285714, 11.214285714285714, 9.5, 8.714285714285714, 7.571428571428571, 7.428571428571429, 7.857142857142857, 8.142857142857142, 9.071428571428571, 9.142857142857142, 9.142857142857142, 10.642857142857142, 10.928571428571429, 10.285714285714286, 11.357142857142858, 13.0, 14.142857142857142, 14.142857142857142, 15.5, 16.142857142857142], "time": ["6/21/21", "6/22/21", "6/23/21", "6/24/21", "6/25/21", "6/26/21", "6/27/21", "6/28/21", "6/29/21", "6/30/21", "7/1/21", "7/2/21", "7/3/21", "7/4/21", "7/5/21", "7/6/21", "7/7/21", "7/8/21", "7/9/21", "7/10/21", "7/11/21", "7/12/21", "7/13/21", "7/14/21", "7/15/21", "7/16/21", "7/17/21", "7/18/21", "7/19/21"], "original_values": [10, 7, 13, 16, 21, 11, 0, 16, 13, 23, 1, 8, 0, 0, 0, 27, 15, 13, 9, 0, 0, 21, 10, 23, 20, 25, 0, 0, 40]}