{"dates": ["6/24/21", "6/25/21", "6/26/21", "6/27/21", "6/28/21", "6/29/21", "6/30/21", "7/1/21", "7/2/21", "7/3/21", "7/4/21", "7/5/21", "7/6/21", "7/7/21", "7/8/21", "7/9/21", "7/10/21", "7/11/21", "7/12/21", "7/13/21", "7/14/21", "7/15/21"], "max_14": 189, "max": 4775, "value": [10.0, 8.928571428571429, 7.642857142857143, 7.642857142857143, 7.785714285714286, 7.642857142857143, 7.571428571428571, 7.571428571428571, 6.071428571428571, 5.714285714285714, 6.642857142857143, 6.0, 7.142857142857143, 8.714285714285714, 8.714285714285714, 10.714285714285714, 12.285714285714286, 12.285714285714286, 12.785714285714286, 12.357142857142858, 11.857142857142858, 11.857142857142858, 13.071428571428571, 13.142857142857142], "time": ["6/21/21", "6/22/21", "6/23/21", "6/24/21", "6/25/21", "6/26/21", "6/27/21", "6/28/21", "6/29/21", "6/30/21", "7/1/21", "7/2/21", "7/3/21", "7/4/21", "7/5/21", "7/6/21", "7/7/21", "7/8/21", "7/9/21", "7/10/21", "7/11/21", "7/12/21", "7/13/21", "7/14/21", "7/15/21", "7/16/21", "7/17/21", "7/18/21", "7/19/21"], "original_values": [36, 9, 6, 14, 5, 0, 0, 21, 6, 9, 13, 4, 0, 0, 0, 22, 6, 7, 26, 0, 0, 28, 16, 12, 8, 19, 0, 0, 45]}