{"dates": ["6/24/21", "6/25/21", "6/26/21", "6/27/21", "6/28/21", "6/29/21", "6/30/21", "7/1/21", "7/2/21", "7/3/21", "7/4/21", "7/5/21", "7/6/21", "7/7/21", "7/8/21", "7/9/21", "7/10/21", "7/11/21", "7/12/21", "7/13/21", "7/14/21", "7/15/21"], "max_14": 91, "max": 4153, "value": [5.428571428571429, 5.714285714285714, 5.214285714285714, 4.714285714285714, 4.857142857142857, 5.142857142857143, 5.0, 4.428571428571429, 4.142857142857143, 5.214285714285714, 6.357142857142857, 5.928571428571429, 5.214285714285714, 5.0, 5.0, 5.357142857142857, 4.928571428571429, 4.071428571428571, 4.5, 5.785714285714286, 6.571428571428571, 6.571428571428571, 6.928571428571429, 6.642857142857143], "time": ["6/21/21", "6/22/21", "6/23/21", "6/24/21", "6/25/21", "6/26/21", "6/27/21", "6/28/21", "6/29/21", "6/30/21", "7/1/21", "7/2/21", "7/3/21", "7/4/21", "7/5/21", "7/6/21", "7/7/21", "7/8/21", "7/9/21", "7/10/21", "7/11/21", "7/12/21", "7/13/21", "7/14/21", "7/15/21", "7/16/21", "7/17/21", "7/18/21", "7/19/21"], "original_values": [0, 12, 8, 7, 5, 4, 4, 0, 5, 8, 9, 7, 0, 0, 0, 20, 9, 2, 4, 0, 0, 5, 9, 8, 9, 15, 0, 0, 10]}