{"dates": ["6/24/21", "6/25/21", "6/26/21", "6/27/21", "6/28/21", "6/29/21", "6/30/21", "7/1/21", "7/2/21", "7/3/21", "7/4/21", "7/5/21", "7/6/21", "7/7/21", "7/8/21", "7/9/21", "7/10/21", "7/11/21", "7/12/21", "7/13/21", "7/14/21", "7/15/21"], "max_14": 151, "max": 7905, "value": [38.0, 38.0, 42.5, 46.714285714285715, 45.285714285714285, 39.5, 30.214285714285715, 25.714285714285715, 25.857142857142858, 21.785714285714285, 14.142857142857142, 8.714285714285714, 8.0, 9.642857142857142, 10.071428571428571, 9.928571428571429, 10.357142857142858, 11.0, 10.285714285714286, 9.214285714285714, 10.357142857142858, 11.785714285714286, 11.785714285714286, 10.285714285714286], "time": ["6/21/21", "6/22/21", "6/23/21", "6/24/21", "6/25/21", "6/26/21", "6/27/21", "6/28/21", "6/29/21", "6/30/21", "7/1/21", "7/2/21", "7/3/21", "7/4/21", "7/5/21", "7/6/21", "7/7/21", "7/8/21", "7/9/21", "7/10/21", "7/11/21", "7/12/21", "7/13/21", "7/14/21", "7/15/21", "7/16/21", "7/17/21", "7/18/21", "7/19/21"], "original_values": [2, 7, 59, 60, 65, 73, 0, 2, 70, 55, 44, 0, 8, 2, 2, 13, 5, 18, 16, 15, 1, 1, 20, 7, 6, 13, 34, 2, 0]}