{"dates": ["6/24/21", "6/25/21", "6/26/21", "6/27/21", "6/28/21", "6/29/21", "6/30/21", "7/1/21", "7/2/21", "7/3/21", "7/4/21", "7/5/21", "7/6/21", "7/7/21", "7/8/21", "7/9/21", "7/10/21", "7/11/21", "7/12/21", "7/13/21", "7/14/21", "7/15/21"], "max_14": 1329, "max": 61305, "value": [29.714285714285715, 30.571428571428573, 31.428571428571427, 32.357142857142854, 33.285714285714285, 32.214285714285715, 31.142857142857142, 31.142857142857142, 26.428571428571427, 21.714285714285715, 34.42857142857143, 47.142857142857146, 58.642857142857146, 70.14285714285714, 70.14285714285714, 79.42857142857143, 88.71428571428571, 69.42857142857143, 71.85714285714286, 94.71428571428571, 95.85714285714286, 95.85714285714286, 98.5, 101.14285714285714], "time": ["6/21/21", "6/22/21", "6/23/21", "6/24/21", "6/25/21", "6/26/21", "6/27/21", "6/28/21", "6/29/21", "6/30/21", "7/1/21", "7/2/21", "7/3/21", "7/4/21", "7/5/21", "7/6/21", "7/7/21", "7/8/21", "7/9/21", "7/10/21", "7/11/21", "7/12/21", "7/13/21", "7/14/21", "7/15/21", "7/16/21", "7/17/21", "7/18/21", "7/19/21"], "original_values": [54, 0, 79, 0, 75, 0, 0, 66, 0, 92, 0, 60, 0, 0, 0, 0, 270, 0, 221, 0, 0, 130, 0, 0, 304, 237, 0, 0, 167]}