{"dates": ["6/24/21", "6/25/21", "6/26/21", "6/27/21", "6/28/21", "6/29/21", "6/30/21", "7/1/21", "7/2/21", "7/3/21", "7/4/21", "7/5/21", "7/6/21", "7/7/21", "7/8/21", "7/9/21", "7/10/21", "7/11/21", "7/12/21", "7/13/21", "7/14/21", "7/15/21"], "max_14": 317, "max": 22732, "value": [10.714285714285714, 11.071428571428571, 12.214285714285714, 13.5, 12.571428571428571, 9.5, 7.857142857142857, 7.857142857142857, 7.071428571428571, 6.928571428571429, 7.857142857142857, 8.857142857142858, 11.5, 13.428571428571429, 13.428571428571429, 16.5, 18.928571428571427, 18.571428571428573, 19.142857142857142, 18.714285714285715, 18.0, 18.0, 21.857142857142858, 24.714285714285715], "time": ["6/21/21", "6/22/21", "6/23/21", "6/24/21", "6/25/21", "6/26/21", "6/27/21", "6/28/21", "6/29/21", "6/30/21", "7/1/21", "7/2/21", "7/3/21", "7/4/21", "7/5/21", "7/6/21", "7/7/21", "7/8/21", "7/9/21", "7/10/21", "7/11/21", "7/12/21", "7/13/21", "7/14/21", "7/15/21", "7/16/21", "7/17/21", "7/18/21", "7/19/21"], "original_values": [6, 3, 5, 30, 31, 0, 0, 11, 14, 12, 10, 8, 0, 0, 0, 23, 16, 20, 35, 0, 0, 43, 14, 20, 24, 25, 0, 0, 97]}