{"dates": ["6/24/21", "6/25/21", "6/26/21", "6/27/21", "6/28/21", "6/29/21", "6/30/21", "7/1/21", "7/2/21", "7/3/21", "7/4/21", "7/5/21", "7/6/21", "7/7/21", "7/8/21", "7/9/21", "7/10/21", "7/11/21", "7/12/21", "7/13/21", "7/14/21", "7/15/21"], "max_14": 324, "max": 25268, "value": [6.0, 7.642857142857143, 9.0, 9.5, 11.071428571428571, 12.142857142857142, 12.428571428571429, 12.428571428571429, 9.5, 9.071428571428571, 11.642857142857142, 12.142857142857142, 12.642857142857142, 12.714285714285714, 12.714285714285714, 16.642857142857142, 18.714285714285715, 18.142857142857142, 20.0, 22.071428571428573, 23.571428571428573, 23.571428571428573, 24.642857142857142, 24.571428571428573], "time": ["6/21/21", "6/22/21", "6/23/21", "6/24/21", "6/25/21", "6/26/21", "6/27/21", "6/28/21", "6/29/21", "6/30/21", "7/1/21", "7/2/21", "7/3/21", "7/4/21", "7/5/21", "7/6/21", "7/7/21", "7/8/21", "7/9/21", "7/10/21", "7/11/21", "7/12/21", "7/13/21", "7/14/21", "7/15/21", "7/16/21", "7/17/21", "7/18/21", "7/19/21"], "original_values": [18, 11, 1, 5, 7, 0, 0, 41, 7, 12, 16, 11, 0, 0, 0, 42, 13, 22, 12, 0, 0, 55, 16, 31, 30, 33, 0, 0, 70]}