{"dates": ["6/24/21", "6/25/21", "6/26/21", "6/27/21", "6/28/21", "6/29/21", "6/30/21", "7/1/21", "7/2/21", "7/3/21", "7/4/21", "7/5/21", "7/6/21", "7/7/21", "7/8/21", "7/9/21", "7/10/21", "7/11/21", "7/12/21", "7/13/21", "7/14/21", "7/15/21"], "max_14": 109, "max": 5018, "value": [4.5, 5.142857142857143, 5.642857142857143, 6.142857142857143, 5.5, 4.428571428571429, 4.428571428571429, 4.571428571428571, 4.357142857142857, 3.9285714285714284, 3.357142857142857, 3.642857142857143, 4.071428571428571, 4.0, 4.571428571428571, 5.5, 5.714285714285714, 6.0, 7.5, 8.857142857142858, 9.285714285714286, 9.357142857142858, 9.5, 9.642857142857142], "time": ["6/21/21", "6/22/21", "6/23/21", "6/24/21", "6/25/21", "6/26/21", "6/27/21", "6/28/21", "6/29/21", "6/30/21", "7/1/21", "7/2/21", "7/3/21", "7/4/21", "7/5/21", "7/6/21", "7/7/21", "7/8/21", "7/9/21", "7/10/21", "7/11/21", "7/12/21", "7/13/21", "7/14/21", "7/15/21", "7/16/21", "7/17/21", "7/18/21", "7/19/21"], "original_values": [0, 3, 2, 11, 9, 3, 7, 2, 8, 4, 0, 5, 7, 5, 1, 3, 1, 7, 4, 7, 13, 6, 1, 7, 22, 8, 9, 12, 9]}