{"dates": ["6/24/21", "6/25/21", "6/26/21", "6/27/21", "6/28/21", "6/29/21", "6/30/21", "7/1/21", "7/2/21", "7/3/21", "7/4/21", "7/5/21", "7/6/21", "7/7/21", "7/8/21", "7/9/21", "7/10/21", "7/11/21", "7/12/21", "7/13/21", "7/14/21", "7/15/21"], "max_14": 99, "max": 18371, "value": [2.642857142857143, 2.642857142857143, 2.7857142857142856, 3.0714285714285716, 3.5714285714285716, 4.857142857142857, 5.714285714285714, 6.071428571428571, 6.5, 6.285714285714286, 5.714285714285714, 5.142857142857143, 4.714285714285714, 4.285714285714286, 4.214285714285714, 4.571428571428571, 4.714285714285714, 6.142857142857143, 7.928571428571429, 7.928571428571429, 7.857142857142857, 8.642857142857142, 9.285714285714286, 9.428571428571429], "time": ["6/21/21", "6/22/21", "6/23/21", "6/24/21", "6/25/21", "6/26/21", "6/27/21", "6/28/21", "6/29/21", "6/30/21", "7/1/21", "7/2/21", "7/3/21", "7/4/21", "7/5/21", "7/6/21", "7/7/21", "7/8/21", "7/9/21", "7/10/21", "7/11/21", "7/12/21", "7/13/21", "7/14/21", "7/15/21", "7/16/21", "7/17/21", "7/18/21", "7/19/21"], "original_values": [2, 1, 3, 3, 1, 8, 1, 1, 4, 4, 9, 13, 8, 6, 2, 0, 0, 5, 11, 4, 9, 4, 0, 20, 10, 6, 8, 16, 6]}