{"dates": ["6/24/21", "6/25/21", "6/26/21", "6/27/21", "6/28/21", "6/29/21", "6/30/21", "7/1/21", "7/2/21", "7/3/21", "7/4/21", "7/5/21", "7/6/21", "7/7/21", "7/8/21", "7/9/21", "7/10/21", "7/11/21", "7/12/21", "7/13/21", "7/14/21", "7/15/21"], "max_14": 85, "max": 37432, "value": [3.357142857142857, 3.0714285714285716, 3.0, 3.357142857142857, 3.857142857142857, 4.142857142857143, 4.714285714285714, 5.428571428571429, 5.642857142857143, 5.785714285714286, 5.5, 5.0, 4.571428571428571, 4.214285714285714, 4.285714285714286, 4.428571428571429, 4.0, 5.285714285714286, 6.785714285714286, 7.714285714285714, 8.142857142857142, 6.214285714285714, 6.357142857142857, 7.714285714285714], "time": ["6/21/21", "6/22/21", "6/23/21", "6/24/21", "6/25/21", "6/26/21", "6/27/21", "6/28/21", "6/29/21", "6/30/21", "7/1/21", "7/2/21", "7/3/21", "7/4/21", "7/5/21", "7/6/21", "7/7/21", "7/8/21", "7/9/21", "7/10/21", "7/11/21", "7/12/21", "7/13/21", "7/14/21", "7/15/21", "7/16/21", "7/17/21", "7/18/21", "7/19/21"], "original_values": [3, 3, 4, 3, 8, 3, -1, 0, 5, 7, 7, 8, 11, 1, 1, 6, 2, 5, 4, 10, 3, 1, 0, 26, 2, 20, 0, -14, 20]}