{"dates": ["6/24/21", "6/25/21", "6/26/21", "6/27/21", "6/28/21", "6/29/21", "6/30/21", "7/1/21", "7/2/21", "7/3/21", "7/4/21", "7/5/21", "7/6/21", "7/7/21", "7/8/21", "7/9/21", "7/10/21", "7/11/21", "7/12/21", "7/13/21", "7/14/21", "7/15/21"], "max_14": 192, "max": 6704, "value": [7.571428571428571, 7.571428571428571, 7.571428571428571, 7.571428571428571, 7.571428571428571, 7.071428571428571, 6.571428571428571, 6.571428571428571, 6.571428571428571, 6.571428571428571, 6.571428571428571, 6.571428571428571, 6.785714285714286, 7.0, 7.0, 7.0, 7.0, 7.0, 7.0, 13.714285714285714, 20.428571428571427, 20.428571428571427, 20.428571428571427, 20.428571428571427], "time": ["6/21/21", "6/22/21", "6/23/21", "6/24/21", "6/25/21", "6/26/21", "6/27/21", "6/28/21", "6/29/21", "6/30/21", "7/1/21", "7/2/21", "7/3/21", "7/4/21", "7/5/21", "7/6/21", "7/7/21", "7/8/21", "7/9/21", "7/10/21", "7/11/21", "7/12/21", "7/13/21", "7/14/21", "7/15/21", "7/16/21", "7/17/21", "7/18/21", "7/19/21"], "original_values": [0, 0, 0, 0, 53, 0, 0, 0, 0, 0, 0, 46, 0, 0, 0, 0, 0, 0, 49, 0, 0, 0, 0, 0, 0, 143, 0, 0, 0]}