{"dates": ["6/24/21", "6/25/21", "6/26/21", "6/27/21", "6/28/21", "6/29/21", "6/30/21", "7/1/21", "7/2/21", "7/3/21", "7/4/21", "7/5/21", "7/6/21", "7/7/21", "7/8/21", "7/9/21", "7/10/21", "7/11/21", "7/12/21", "7/13/21", "7/14/21", "7/15/21"], "max_14": 333, "max": 15968, "value": [6.428571428571429, 7.714285714285714, 8.5, 8.928571428571429, 10.214285714285714, 10.857142857142858, 11.142857142857142, 11.142857142857142, 11.928571428571429, 11.928571428571429, 11.071428571428571, 11.428571428571429, 12.714285714285714, 13.571428571428571, 13.571428571428571, 14.642857142857142, 19.142857142857142, 25.214285714285715, 27.785714285714285, 28.285714285714285, 28.857142857142858, 28.857142857142858, 30.357142857142858, 28.142857142857142], "time": ["6/21/21", "6/22/21", "6/23/21", "6/24/21", "6/25/21", "6/26/21", "6/27/21", "6/28/21", "6/29/21", "6/30/21", "7/1/21", "7/2/21", "7/3/21", "7/4/21", "7/5/21", "7/6/21", "7/7/21", "7/8/21", "7/9/21", "7/10/21", "7/11/21", "7/12/21", "7/13/21", "7/14/21", "7/15/21", "7/16/21", "7/17/21", "7/18/21", "7/19/21"], "original_values": [0, 22, 8, 12, 3, 0, 0, 18, 15, 21, 17, 7, 0, 0, 29, 4, 20, 23, 19, 0, 0, 44, 52, 57, 22, 27, 0, 0, 65]}