{"dates": ["6/24/21", "6/25/21", "6/26/21", "6/27/21", "6/28/21", "6/29/21", "6/30/21", "7/1/21", "7/2/21", "7/3/21", "7/4/21", "7/5/21", "7/6/21", "7/7/21", "7/8/21", "7/9/21", "7/10/21", "7/11/21", "7/12/21", "7/13/21", "7/14/21", "7/15/21"], "max_14": 264, "max": 34924, "value": [6.571428571428571, 6.571428571428571, 3.642857142857143, 0.5, 1.6428571428571428, 3.5714285714285716, 3.357142857142857, 2.5714285714285716, 1.3571428571428572, 4.785714285714286, 9.428571428571429, 9.285714285714286, 8.571428571428571, 8.214285714285714, 8.428571428571429, 13.714285714285714, 17.785714285714285, 16.571428571428573, 17.785714285714285, 19.0, 24.142857142857142, 29.285714285714285, 24.0, 17.642857142857142], "time": ["6/21/21", "6/22/21", "6/23/21", "6/24/21", "6/25/21", "6/26/21", "6/27/21", "6/28/21", "6/29/21", "6/30/21", "7/1/21", "7/2/21", "7/3/21", "7/4/21", "7/5/21", "7/6/21", "7/7/21", "7/8/21", "7/9/21", "7/10/21", "7/11/21", "7/12/21", "7/13/21", "7/14/21", "7/15/21", "7/16/21", "7/17/21", "7/18/21", "7/19/21"], "original_values": [17, 8, 3, 7, 0, 11, 0, 17, -33, 0, 26, 8, 0, 0, 0, 32, 0, 24, 0, 3, 0, 74, 15, 0, 41, 0, 75, 0, 0]}