{"dates": ["6/24/21", "6/25/21", "6/26/21", "6/27/21", "6/28/21", "6/29/21", "6/30/21", "7/1/21", "7/2/21", "7/3/21", "7/4/21", "7/5/21", "7/6/21", "7/7/21", "7/8/21", "7/9/21", "7/10/21", "7/11/21", "7/12/21", "7/13/21", "7/14/21", "7/15/21"], "max_14": 80, "max": 7040, "value": [2.7142857142857144, 2.7857142857142856, 2.5714285714285716, 2.142857142857143, 2.142857142857143, 2.0, 1.7142857142857142, 1.7142857142857142, 1.2142857142857142, 0.9285714285714286, 1.1428571428571428, 1.2142857142857142, 1.2142857142857142, 1.1428571428571428, 1.1428571428571428, 1.7142857142857142, 2.5, 3.0714285714285716, 3.9285714285714284, 5.285714285714286, 6.142857142857143, 6.142857142857143, 7.642857142857143, 8.714285714285714], "time": ["6/21/21", "6/22/21", "6/23/21", "6/24/21", "6/25/21", "6/26/21", "6/27/21", "6/28/21", "6/29/21", "6/30/21", "7/1/21", "7/2/21", "7/3/21", "7/4/21", "7/5/21", "7/6/21", "7/7/21", "7/8/21", "7/9/21", "7/10/21", "7/11/21", "7/12/21", "7/13/21", "7/14/21", "7/15/21", "7/16/21", "7/17/21", "7/18/21", "7/19/21"], "original_values": [6, 4, 2, 1, 6, 0, 0, 7, 0, 0, 3, 2, 0, 0, 0, 3, 0, 4, 1, 0, 0, 8, 6, 5, 11, 13, 0, 0, 29]}