{"dates": ["6/24/21", "6/25/21", "6/26/21", "6/27/21", "6/28/21", "6/29/21", "6/30/21", "7/1/21", "7/2/21", "7/3/21", "7/4/21", "7/5/21", "7/6/21", "7/7/21", "7/8/21", "7/9/21", "7/10/21", "7/11/21", "7/12/21", "7/13/21", "7/14/21", "7/15/21"], "max_14": 338, "max": 11196, "value": [4.142857142857143, 5.0, 5.857142857142857, 5.928571428571429, 6.0, 6.428571428571429, 6.857142857142857, 6.857142857142857, 5.285714285714286, 3.7142857142857144, 6.571428571428571, 9.428571428571429, 11.428571428571429, 14.428571428571429, 15.428571428571429, 16.785714285714285, 18.142857142857142, 18.5, 21.428571428571427, 23.214285714285715, 24.071428571428573, 27.642857142857142, 29.857142857142858, 30.142857142857142], "time": ["6/21/21", "6/22/21", "6/23/21", "6/24/21", "6/25/21", "6/26/21", "6/27/21", "6/28/21", "6/29/21", "6/30/21", "7/1/21", "7/2/21", "7/3/21", "7/4/21", "7/5/21", "7/6/21", "7/7/21", "7/8/21", "7/9/21", "7/10/21", "7/11/21", "7/12/21", "7/13/21", "7/14/21", "7/15/21", "7/16/21", "7/17/21", "7/18/21", "7/19/21"], "original_values": [10, 0, 7, 0, 12, 0, 0, 22, 0, 8, 0, 18, 0, 0, 0, 0, 48, 0, 46, 14, 0, 19, 0, 53, 36, 35, 37, 27, 23]}