{"dates": ["6/24/21", "6/25/21", "6/26/21", "6/27/21", "6/28/21", "6/29/21", "6/30/21", "7/1/21", "7/2/21", "7/3/21", "7/4/21", "7/5/21", "7/6/21", "7/7/21", "7/8/21", "7/9/21", "7/10/21", "7/11/21", "7/12/21", "7/13/21", "7/14/21", "7/15/21"], "max_14": 66, "max": 12285, "value": [3.357142857142857, 3.5714285714285716, 3.642857142857143, 3.7142857142857144, 3.9285714285714284, 3.2142857142857144, 2.0714285714285716, 1.6428571428571428, 2.0, 2.5714285714285716, 2.5714285714285716, 2.7142857142857144, 2.9285714285714284, 2.857142857142857, 3.2142857142857144, 2.9285714285714284, 2.642857142857143, 3.642857142857143, 4.714285714285714, 5.357142857142857, 5.428571428571429, 5.428571428571429, 6.357142857142857, 6.642857142857143], "time": ["6/21/21", "6/22/21", "6/23/21", "6/24/21", "6/25/21", "6/26/21", "6/27/21", "6/28/21", "6/29/21", "6/30/21", "7/1/21", "7/2/21", "7/3/21", "7/4/21", "7/5/21", "7/6/21", "7/7/21", "7/8/21", "7/9/21", "7/10/21", "7/11/21", "7/12/21", "7/13/21", "7/14/21", "7/15/21", "7/16/21", "7/17/21", "7/18/21", "7/19/21"], "original_values": [1, 1, 2, 1, 11, 7, 1, 3, 0, 4, 2, 0, 2, 0, 9, 2, 2, 6, -1, 2, 5, 0, 7, 11, 12, 2, 0, 7, 11]}