{"dates": ["6/24/21", "6/25/21", "6/26/21", "6/27/21", "6/28/21", "6/29/21", "6/30/21", "7/1/21", "7/2/21", "7/3/21", "7/4/21", "7/5/21", "7/6/21", "7/7/21", "7/8/21", "7/9/21", "7/10/21", "7/11/21", "7/12/21", "7/13/21", "7/14/21", "7/15/21"], "max_14": 382, "max": 32559, "value": [2.857142857142857, 4.214285714285714, 6.071428571428571, 7.857142857142857, 11.785714285714286, 15.642857142857142, 16.857142857142858, 16.857142857142858, 20.785714285714285, 25.071428571428573, 25.071428571428573, 24.857142857142858, 24.928571428571427, 24.857142857142858, 24.857142857142858, 25.071428571428573, 25.571428571428573, 26.428571428571427, 26.142857142857142, 25.642857142857142, 26.0, 26.0, 27.642857142857142, 28.0], "time": ["6/21/21", "6/22/21", "6/23/21", "6/24/21", "6/25/21", "6/26/21", "6/27/21", "6/28/21", "6/29/21", "6/30/21", "7/1/21", "7/2/21", "7/3/21", "7/4/21", "7/5/21", "7/6/21", "7/7/21", "7/8/21", "7/9/21", "7/10/21", "7/11/21", "7/12/21", "7/13/21", "7/14/21", "7/15/21", "7/16/21", "7/17/21", "7/18/21", "7/19/21"], "original_values": [14, 2, -5, -3, 12, 0, 0, 33, 9, 13, 34, 29, 0, 0, 88, 14, 8, 36, 28, 0, 0, 91, 18, 16, 24, 33, 0, 0, 114]}