{"dates": ["6/24/21", "6/25/21", "6/26/21", "6/27/21", "6/28/21", "6/29/21", "6/30/21", "7/1/21", "7/2/21", "7/3/21", "7/4/21", "7/5/21", "7/6/21", "7/7/21", "7/8/21", "7/9/21", "7/10/21", "7/11/21", "7/12/21", "7/13/21", "7/14/21", "7/15/21"], "max_14": 189, "max": 5779, "value": [6.571428571428571, 6.428571428571429, 5.928571428571429, 5.785714285714286, 6.571428571428571, 7.214285714285714, 7.285714285714286, 7.285714285714286, 6.214285714285714, 6.285714285714286, 9.071428571428571, 9.928571428571429, 9.428571428571429, 9.714285714285714, 9.714285714285714, 11.5, 12.285714285714286, 11.214285714285714, 11.642857142857142, 13.214285714285714, 14.285714285714286, 14.285714285714286, 14.0, 13.071428571428571], "time": ["6/21/21", "6/22/21", "6/23/21", "6/24/21", "6/25/21", "6/26/21", "6/27/21", "6/28/21", "6/29/21", "6/30/21", "7/1/21", "7/2/21", "7/3/21", "7/4/21", "7/5/21", "7/6/21", "7/7/21", "7/8/21", "7/9/21", "7/10/21", "7/11/21", "7/12/21", "7/13/21", "7/14/21", "7/15/21", "7/16/21", "7/17/21", "7/18/21", "7/19/21"], "original_values": [17, 12, 7, 5, 5, 0, 0, 15, 7, 10, 13, 6, 0, 0, 0, 23, 33, 2, 10, 0, 0, 25, 9, 32, 9, 25, 0, 0, 21]}