{"dates": ["6/24/21", "6/25/21", "6/26/21", "6/27/21", "6/28/21", "6/29/21", "6/30/21", "7/1/21", "7/2/21", "7/3/21", "7/4/21", "7/5/21", "7/6/21", "7/7/21", "7/8/21", "7/9/21", "7/10/21", "7/11/21", "7/12/21", "7/13/21", "7/14/21", "7/15/21"], "max_14": 213, "max": 39748, "value": [17.142857142857142, 17.714285714285715, 15.357142857142858, 10.928571428571429, 32.857142857142854, 55.92857142857143, 55.214285714285715, 54.857142857142854, 55.0, 55.07142857142857, 54.857142857142854, 31.285714285714285, 9.642857142857142, 11.928571428571429, 12.642857142857142, 13.0, 13.714285714285714, 15.285714285714286, 16.071428571428573, 15.214285714285714, 15.571428571428571, 16.714285714285715, 17.071428571428573, 16.5], "time": ["6/21/21", "6/22/21", "6/23/21", "6/24/21", "6/25/21", "6/26/21", "6/27/21", "6/28/21", "6/29/21", "6/30/21", "7/1/21", "7/2/21", "7/3/21", "7/4/21", "7/5/21", "7/6/21", "7/7/21", "7/8/21", "7/9/21", "7/10/21", "7/11/21", "7/12/21", "7/13/21", "7/14/21", "7/15/21", "7/16/21", "7/17/21", "7/18/21", "7/19/21"], "original_values": [3, 45, 32, 23, 9, 6, 4, 7, 8, 7, 355, 0, 5, 0, 13, 3, 9, 23, 29, 8, 7, 11, 15, 19, 24, 16, 26, 5, 18]}