{"dates": ["6/24/21", "6/25/21", "6/26/21", "6/27/21", "6/28/21", "6/29/21", "6/30/21", "7/1/21", "7/2/21", "7/3/21", "7/4/21", "7/5/21", "7/6/21", "7/7/21", "7/8/21", "7/9/21", "7/10/21", "7/11/21", "7/12/21", "7/13/21", "7/14/21", "7/15/21"], "max_14": 141, "max": 6016, "value": [11.571428571428571, 12.0, 13.142857142857142, 13.428571428571429, 12.571428571428571, 10.928571428571429, 9.714285714285714, 9.714285714285714, 9.071428571428571, 8.071428571428571, 7.285714285714286, 6.928571428571429, 5.714285714285714, 4.428571428571429, 4.428571428571429, 7.5, 10.5, 10.5, 10.857142857142858, 12.142857142857142, 13.142857142857142, 13.142857142857142, 11.357142857142858, 8.642857142857142], "time": ["6/21/21", "6/22/21", "6/23/21", "6/24/21", "6/25/21", "6/26/21", "6/27/21", "6/28/21", "6/29/21", "6/30/21", "7/1/21", "7/2/21", "7/3/21", "7/4/21", "7/5/21", "7/6/21", "7/7/21", "7/8/21", "7/9/21", "7/10/21", "7/11/21", "7/12/21", "7/13/21", "7/14/21", "7/15/21", "7/16/21", "7/17/21", "7/18/21", "7/19/21"], "original_values": [3, 9, 22, 10, 37, 0, 0, 9, 19, 16, 4, 20, 0, 0, 0, 14, 10, 5, 2, 0, 0, 43, 13, 11, 9, 16, 0, 0, 18]}