{"dates": ["6/24/21", "6/25/21", "6/26/21", "6/27/21", "6/28/21", "6/29/21", "6/30/21", "7/1/21", "7/2/21", "7/3/21", "7/4/21", "7/5/21", "7/6/21", "7/7/21", "7/8/21", "7/9/21", "7/10/21", "7/11/21", "7/12/21", "7/13/21", "7/14/21", "7/15/21"], "max_14": 2636, "max": 156706, "value": [94.71428571428571, 102.85714285714286, 106.92857142857143, 109.42857142857143, 113.0, 118.07142857142857, 113.64285714285714, 101.14285714285714, 90.35714285714286, 101.07142857142857, 113.21428571428571, 112.92857142857143, 121.28571428571429, 126.57142857142857, 126.57142857142857, 161.78571428571428, 182.92857142857142, 173.35714285714286, 175.21428571428572, 173.85714285714286, 175.14285714285714, 175.14285714285714, 177.35714285714286, 169.64285714285714], "time": ["6/21/21", "6/22/21", "6/23/21", "6/24/21", "6/25/21", "6/26/21", "6/27/21", "6/28/21", "6/29/21", "6/30/21", "7/1/21", "7/2/21", "7/3/21", "7/4/21", "7/5/21", "7/6/21", "7/7/21", "7/8/21", "7/9/21", "7/10/21", "7/11/21", "7/12/21", "7/13/21", "7/14/21", "7/15/21", "7/16/21", "7/17/21", "7/18/21", "7/19/21"], "original_values": [37, 92, 175, 134, 92, 91, 84, 67, 119, 183, 176, 121, 0, 0, 0, 336, 136, 219, 195, 0, 0, 493, 139, 199, 182, 213, 0, 0, 524]}