{"dates": ["6/24/21", "6/25/21", "6/26/21", "6/27/21", "6/28/21", "6/29/21", "6/30/21", "7/1/21", "7/2/21", "7/3/21", "7/4/21", "7/5/21", "7/6/21", "7/7/21", "7/8/21", "7/9/21", "7/10/21", "7/11/21", "7/12/21", "7/13/21", "7/14/21", "7/15/21"], "max_14": 65, "max": 2567, "value": [3.0714285714285716, 3.4285714285714284, 3.857142857142857, 4.285714285714286, 4.714285714285714, 5.857142857142857, 6.571428571428571, 6.357142857142857, 6.428571428571429, 6.142857142857143, 5.428571428571429, 4.928571428571429, 4.142857142857143, 3.5, 3.357142857142857, 3.0714285714285716, 2.9285714285714284, 3.2857142857142856, 3.642857142857143, 3.9285714285714284, 4.928571428571429, 6.0, 6.357142857142857, 6.142857142857143], "time": ["6/21/21", "6/22/21", "6/23/21", "6/24/21", "6/25/21", "6/26/21", "6/27/21", "6/28/21", "6/29/21", "6/30/21", "7/1/21", "7/2/21", "7/3/21", "7/4/21", "7/5/21", "7/6/21", "7/7/21", "7/8/21", "7/9/21", "7/10/21", "7/11/21", "7/12/21", "7/13/21", "7/14/21", "7/15/21", "7/16/21", "7/17/21", "7/18/21", "7/19/21"], "original_values": [0, 5, 6, 3, 1, 5, 3, 2, 9, 8, 7, 13, 3, 2, 4, 3, 4, 4, 5, 2, 1, 1, 4, 8, 5, 8, 13, 5, 2]}