{"dates": ["6/24/21", "6/25/21", "6/26/21", "6/27/21", "6/28/21", "6/29/21", "6/30/21", "7/1/21", "7/2/21", "7/3/21", "7/4/21", "7/5/21", "7/6/21", "7/7/21", "7/8/21", "7/9/21", "7/10/21", "7/11/21", "7/12/21", "7/13/21", "7/14/21", "7/15/21"], "max_14": 75, "max": 7003, "value": [4.428571428571429, 4.857142857142857, 4.714285714285714, 4.142857142857143, 3.857142857142857, 3.5, 3.4285714285714284, 3.4285714285714284, 2.5714285714285716, 2.2142857142857144, 3.2142857142857144, 3.5714285714285716, 3.5, 3.5714285714285716, 3.5714285714285716, 4.285714285714286, 4.357142857142857, 3.5714285714285716, 3.857142857142857, 4.142857142857143, 4.0, 4.0, 4.857142857142857, 5.642857142857143], "time": ["6/21/21", "6/22/21", "6/23/21", "6/24/21", "6/25/21", "6/26/21", "6/27/21", "6/28/21", "6/29/21", "6/30/21", "7/1/21", "7/2/21", "7/3/21", "7/4/21", "7/5/21", "7/6/21", "7/7/21", "7/8/21", "7/9/21", "7/10/21", "7/11/21", "7/12/21", "7/13/21", "7/14/21", "7/15/21", "7/16/21", "7/17/21", "7/18/21", "7/19/21"], "original_values": [6, 11, 1, 9, 4, 0, 0, 12, 3, 1, 5, 3, 0, 0, 0, 10, 8, 3, 4, 0, 0, 10, 1, 6, 9, 2, 0, 0, 22]}