{"dates": ["6/24/21", "6/25/21", "6/26/21", "6/27/21", "6/28/21", "6/29/21", "6/30/21", "7/1/21", "7/2/21", "7/3/21", "7/4/21", "7/5/21", "7/6/21", "7/7/21", "7/8/21", "7/9/21", "7/10/21", "7/11/21", "7/12/21", "7/13/21", "7/14/21", "7/15/21"], "max_14": 108, "max": 16713, "value": [3.9285714285714284, 3.9285714285714284, 3.7857142857142856, 4.0, 4.214285714285714, 4.071428571428571, 3.5, 2.9285714285714284, 3.0714285714285716, 3.357142857142857, 3.357142857142857, 3.4285714285714284, 3.2142857142857144, 2.9285714285714284, 3.2142857142857144, 3.0, 2.7142857142857144, 2.857142857142857, 2.9285714285714284, 3.142857142857143, 3.5714285714285716, 3.9285714285714284, 8.428571428571429, 12.428571428571429], "time": ["6/21/21", "6/22/21", "6/23/21", "6/24/21", "6/25/21", "6/26/21", "6/27/21", "6/28/21", "6/29/21", "6/30/21", "7/1/21", "7/2/21", "7/3/21", "7/4/21", "7/5/21", "7/6/21", "7/7/21", "7/8/21", "7/9/21", "7/10/21", "7/11/21", "7/12/21", "7/13/21", "7/14/21", "7/15/21", "7/16/21", "7/17/21", "7/18/21", "7/19/21"], "original_values": [4, 4, 1, 2, 7, 9, 1, 3, 3, 5, 1, 6, 2, 0, 6, 4, 4, 3, 1, 3, 3, 0, 6, 4, 4, 3, 7, 4, 62]}