{"dates": ["6/24/21", "6/25/21", "6/26/21", "6/27/21", "6/28/21", "6/29/21", "6/30/21", "7/1/21", "7/2/21", "7/3/21", "7/4/21", "7/5/21", "7/6/21", "7/7/21", "7/8/21", "7/9/21", "7/10/21", "7/11/21", "7/12/21", "7/13/21", "7/14/21", "7/15/21"], "max_14": 1242, "max": 303062, "value": [28.0, 23.357142857142858, -0.9285714285714286, -20.571428571428573, -12.071428571428571, -0.2857142857142857, 3.0, 3.0, 3.0, 13.285714285714286, 23.571428571428573, 103.78571428571429, 180.71428571428572, 177.42857142857142, 177.42857142857142, 177.42857142857142, 177.42857142857142, 177.42857142857142, 17.785714285714285, -141.85714285714286, -141.85714285714286, -141.85714285714286, -141.85714285714286, -141.85714285714286], "time": ["6/21/21", "6/22/21", "6/23/21", "6/24/21", "6/25/21", "6/26/21", "6/27/21", "6/28/21", "6/29/21", "6/30/21", "7/1/21", "7/2/21", "7/3/21", "7/4/21", "7/5/21", "7/6/21", "7/7/21", "7/8/21", "7/9/21", "7/10/21", "7/11/21", "7/12/21", "7/13/21", "7/14/21", "7/15/21", "7/16/21", "7/17/21", "7/18/21", "7/19/21"], "original_values": [65, 131, 0, 0, 0, 0, 0, 0, -144, 0, 119, 46, 0, 0, 0, 0, 0, 1242, 0, 0, 0, 0, 0, 0, -993, 0, 0, 0, 0]}