{"dates": ["6/24/21", "6/25/21", "6/26/21", "6/27/21", "6/28/21", "6/29/21", "6/30/21", "7/1/21", "7/2/21", "7/3/21", "7/4/21", "7/5/21", "7/6/21", "7/7/21", "7/8/21", "7/9/21", "7/10/21", "7/11/21", "7/12/21", "7/13/21", "7/14/21", "7/15/21"], "max_14": 440, "max": 14337, "value": [5.285714285714286, 8.0, 10.642857142857142, 10.928571428571429, 11.928571428571429, 13.428571428571429, 14.285714285714286, 14.285714285714286, 14.357142857142858, 14.857142857142858, 15.928571428571429, 17.642857142857142, 19.0, 19.285714285714285, 19.285714285714285, 20.857142857142858, 25.285714285714285, 29.0, 30.0, 31.785714285714285, 33.42857142857143, 33.42857142857143, 36.92857142857143, 36.42857142857143], "time": ["6/21/21", "6/22/21", "6/23/21", "6/24/21", "6/25/21", "6/26/21", "6/27/21", "6/28/21", "6/29/21", "6/30/21", "7/1/21", "7/2/21", "7/3/21", "7/4/21", "7/5/21", "7/6/21", "7/7/21", "7/8/21", "7/9/21", "7/10/21", "7/11/21", "7/12/21", "7/13/21", "7/14/21", "7/15/21", "7/16/21", "7/17/21", "7/18/21", "7/19/21"], "original_values": [3, 11, 8, 11, 4, 0, 0, 41, 10, 13, 20, 16, 0, 0, 42, 16, 22, 35, 20, 0, 0, 64, 56, 34, 37, 43, 0, 0, 113]}