{"dates": ["6/24/21", "6/25/21", "6/26/21", "6/27/21", "6/28/21", "6/29/21", "6/30/21", "7/1/21", "7/2/21", "7/3/21", "7/4/21", "7/5/21", "7/6/21", "7/7/21", "7/8/21", "7/9/21", "7/10/21", "7/11/21", "7/12/21", "7/13/21", "7/14/21", "7/15/21"], "max_14": 1583, "max": 49191, "value": [33.0, 33.0, 33.0, 33.0, 33.0, 41.857142857142854, 50.714285714285715, 50.714285714285715, 50.714285714285715, 50.714285714285715, 50.714285714285715, 50.714285714285715, 66.85714285714286, 83.0, 83.0, 83.0, 83.0, 83.0, 83.0, 113.07142857142857, 143.14285714285714, 143.14285714285714, 143.14285714285714, 143.14285714285714], "time": ["6/21/21", "6/22/21", "6/23/21", "6/24/21", "6/25/21", "6/26/21", "6/27/21", "6/28/21", "6/29/21", "6/30/21", "7/1/21", "7/2/21", "7/3/21", "7/4/21", "7/5/21", "7/6/21", "7/7/21", "7/8/21", "7/9/21", "7/10/21", "7/11/21", "7/12/21", "7/13/21", "7/14/21", "7/15/21", "7/16/21", "7/17/21", "7/18/21", "7/19/21"], "original_values": [0, 0, 0, 0, 231, 0, 0, 0, 0, 0, 0, 355, 0, 0, 0, 0, 0, 0, 581, 0, 0, 0, 0, 0, 0, 1002, 0, 0, 0]}