{"dates": ["6/24/21", "6/25/21", "6/26/21", "6/27/21", "6/28/21", "6/29/21", "6/30/21", "7/1/21", "7/2/21", "7/3/21", "7/4/21", "7/5/21", "7/6/21", "7/7/21", "7/8/21", "7/9/21", "7/10/21", "7/11/21", "7/12/21", "7/13/21", "7/14/21", "7/15/21"], "max_14": 100, "max": 2333, "value": [3.7142857142857144, 4.0, 4.357142857142857, 4.714285714285714, 4.714285714285714, 4.285714285714286, 4.142857142857143, 4.142857142857143, 4.357142857142857, 4.214285714285714, 3.642857142857143, 5.214285714285714, 7.5, 8.0, 8.0, 8.071428571428571, 8.428571428571429, 9.142857142857142, 8.0, 5.785714285714286, 5.142857142857143, 5.142857142857143, 5.642857142857143, 5.714285714285714], "time": ["6/21/21", "6/22/21", "6/23/21", "6/24/21", "6/25/21", "6/26/21", "6/27/21", "6/28/21", "6/29/21", "6/30/21", "7/1/21", "7/2/21", "7/3/21", "7/4/21", "7/5/21", "7/6/21", "7/7/21", "7/8/21", "7/9/21", "7/10/21", "7/11/21", "7/12/21", "7/13/21", "7/14/21", "7/15/21", "7/16/21", "7/17/21", "7/18/21", "7/19/21"], "original_values": [2, 6, 2, 7, 9, 0, 0, 6, 7, 6, 3, 7, 0, 0, 9, 2, 3, 28, 14, 0, 0, 10, 6, 9, 6, 5, 0, 0, 17]}