{"dates": ["6/24/21", "6/25/21", "6/26/21", "6/27/21", "6/28/21", "6/29/21", "6/30/21", "7/1/21", "7/2/21", "7/3/21", "7/4/21", "7/5/21", "7/6/21", "7/7/21", "7/8/21", "7/9/21", "7/10/21", "7/11/21", "7/12/21", "7/13/21", "7/14/21", "7/15/21"], "max_14": 1768, "max": 19578, "value": [2.2857142857142856, 2.2857142857142856, 2.2142857142857144, 2.4285714285714284, 3.0, 3.7142857142857144, 4.571428571428571, 5.0, 3.7857142857142856, 1.7142857142857142, 2.7142857142857144, 4.785714285714286, 6.071428571428571, 7.285714285714286, 7.428571428571429, 130.0, 252.57142857142858, 250.21428571428572, 247.35714285714286, 245.35714285714286, 243.28571428571428, 242.71428571428572, 121.35714285714286, 0.0], "time": ["6/21/21", "6/22/21", "6/23/21", "6/24/21", "6/25/21", "6/26/21", "6/27/21", "6/28/21", "6/29/21", "6/30/21", "7/1/21", "7/2/21", "7/3/21", "7/4/21", "7/5/21", "7/6/21", "7/7/21", "7/8/21", "7/9/21", "7/10/21", "7/11/21", "7/12/21", "7/13/21", "7/14/21", "7/15/21", "7/16/21", "7/17/21", "7/18/21", "7/19/21"], "original_values": [0, 13, 3, 0, 0, 0, 0, 0, 12, 7, 4, 6, 6, 0, -17, 0, 33, 7, 21, 8, 0, 1699, 0, 0, 0, 0, 0, 0, 0]}