{"dates": ["6/24/21", "6/25/21", "6/26/21", "6/27/21", "6/28/21", "6/29/21", "6/30/21", "7/1/21", "7/2/21", "7/3/21", "7/4/21", "7/5/21", "7/6/21", "7/7/21", "7/8/21", "7/9/21", "7/10/21", "7/11/21", "7/12/21", "7/13/21", "7/14/21", "7/15/21"], "max_14": 150, "max": 1547, "value": [4.357142857142857, 4.928571428571429, 5.214285714285714, 5.642857142857143, 6.214285714285714, 6.357142857142857, 5.714285714285714, 5.5, 5.928571428571429, 6.142857142857143, 6.0, 6.214285714285714, 7.142857142857143, 8.357142857142858, 9.214285714285714, 9.357142857142858, 9.642857142857142, 10.071428571428571, 11.0, 11.571428571428571, 10.571428571428571, 10.642857142857142, 11.785714285714286, 11.428571428571429], "time": ["6/21/21", "6/22/21", "6/23/21", "6/24/21", "6/25/21", "6/26/21", "6/27/21", "6/28/21", "6/29/21", "6/30/21", "7/1/21", "7/2/21", "7/3/21", "7/4/21", "7/5/21", "7/6/21", "7/7/21", "7/8/21", "7/9/21", "7/10/21", "7/11/21", "7/12/21", "7/13/21", "7/14/21", "7/15/21", "7/16/21", "7/17/21", "7/18/21", "7/19/21"], "original_values": [2, 2, 4, 2, 7, 11, 5, 5, 3, 9, 5, 6, 3, 10, 6, 5, 5, 12, 12, 14, 11, 7, 8, 8, 22, 10, 2, 24, 10]}