{"dates": ["6/24/21", "6/25/21", "6/26/21", "6/27/21", "6/28/21", "6/29/21", "6/30/21", "7/1/21", "7/2/21", "7/3/21", "7/4/21", "7/5/21", "7/6/21", "7/7/21", "7/8/21", "7/9/21", "7/10/21", "7/11/21", "7/12/21", "7/13/21", "7/14/21", "7/15/21"], "max_14": 49, "max": 6384, "value": [0.0, 0.07142857142857142, 0.2857142857142857, 0.5, 1.0, 1.5714285714285714, 1.7142857142857142, 1.7142857142857142, 1.5714285714285714, 1.5, 1.8571428571428572, 2.142857142857143, 2.357142857142857, 2.5714285714285716, 2.5714285714285716, 3.142857142857143, 4.071428571428571, 4.571428571428571, 4.5, 3.9285714285714284, 3.5714285714285716, 3.857142857142857, 3.7142857142857144, 2.7857142857142856], "time": ["6/21/21", "6/22/21", "6/23/21", "6/24/21", "6/25/21", "6/26/21", "6/27/21", "6/28/21", "6/29/21", "6/30/21", "7/1/21", "7/2/21", "7/3/21", "7/4/21", "7/5/21", "7/6/21", "7/7/21", "7/8/21", "7/9/21", "7/10/21", "7/11/21", "7/12/21", "7/13/21", "7/14/21", "7/15/21", "7/16/21", "7/17/21", "7/18/21", "7/19/21"], "original_values": [1, -1, 1, -1, 0, 0, 0, 2, 1, 2, 5, 2, 0, 0, 0, 2, 6, 5, 5, 0, 0, 8, 7, 8, 2, 0, 0, 4, 2]}