{"dates": ["6/24/21", "6/25/21", "6/26/21", "6/27/21", "6/28/21", "6/29/21", "6/30/21", "7/1/21", "7/2/21", "7/3/21", "7/4/21", "7/5/21", "7/6/21", "7/7/21", "7/8/21", "7/9/21", "7/10/21", "7/11/21", "7/12/21", "7/13/21", "7/14/21", "7/15/21"], "max_14": 140, "max": 19182, "value": [6.285714285714286, 5.642857142857143, 5.0, 4.214285714285714, 3.857142857142857, 4.428571428571429, 4.571428571428571, 4.571428571428571, 3.642857142857143, 4.0, 5.714285714285714, 6.142857142857143, 5.642857142857143, 5.142857142857143, 5.142857142857143, 7.142857142857143, 7.642857142857143, 7.0, 7.785714285714286, 8.928571428571429, 10.142857142857142, 10.142857142857142, 10.5, 10.714285714285714], "time": ["6/21/21", "6/22/21", "6/23/21", "6/24/21", "6/25/21", "6/26/21", "6/27/21", "6/28/21", "6/29/21", "6/30/21", "7/1/21", "7/2/21", "7/3/21", "7/4/21", "7/5/21", "7/6/21", "7/7/21", "7/8/21", "7/9/21", "7/10/21", "7/11/21", "7/12/21", "7/13/21", "7/14/21", "7/15/21", "7/16/21", "7/17/21", "7/18/21", "7/19/21"], "original_values": [22, 5, 9, 3, 5, 0, 0, 13, 5, -2, 9, 7, 0, 0, 0, 23, 4, 9, 0, 0, 0, 28, 2, 16, 8, 17, 0, 0, 33]}