{"dates": ["6/24/21", "6/25/21", "6/26/21", "6/27/21", "6/28/21", "6/29/21", "6/30/21", "7/1/21", "7/2/21", "7/3/21", "7/4/21", "7/5/21", "7/6/21", "7/7/21", "7/8/21", "7/9/21", "7/10/21", "7/11/21", "7/12/21", "7/13/21", "7/14/21", "7/15/21"], "max_14": 236, "max": 59800, "value": [10.571428571428571, 11.142857142857142, 11.285714285714286, 10.571428571428571, 10.285714285714286, 10.214285714285714, 10.142857142857142, 10.142857142857142, 6.857142857142857, 5.357142857142857, 7.714285714285714, 7.5, 8.428571428571429, 10.142857142857142, 10.142857142857142, 13.285714285714286, 14.642857142857142, 13.785714285714286, 16.714285714285715, 17.285714285714285, 15.857142857142858, 15.857142857142858, 16.571428571428573, 16.714285714285715], "time": ["6/21/21", "6/22/21", "6/23/21", "6/24/21", "6/25/21", "6/26/21", "6/27/21", "6/28/21", "6/29/21", "6/30/21", "7/1/21", "7/2/21", "7/3/21", "7/4/21", "7/5/21", "7/6/21", "7/7/21", "7/8/21", "7/9/21", "7/10/21", "7/11/21", "7/12/21", "7/13/21", "7/14/21", "7/15/21", "7/16/21", "7/17/21", "7/18/21", "7/19/21"], "original_values": [38, 14, 4, 12, 6, 0, 0, 46, 8, 0, 12, 5, 0, 0, 0, 33, 8, 1, 29, 0, 0, 44, 8, 21, 29, 9, 0, 0, 54]}