{"dates": ["6/24/21", "6/25/21", "6/26/21", "6/27/21", "6/28/21", "6/29/21", "6/30/21", "7/1/21", "7/2/21", "7/3/21", "7/4/21", "7/5/21", "7/6/21", "7/7/21", "7/8/21", "7/9/21", "7/10/21", "7/11/21", "7/12/21", "7/13/21", "7/14/21", "7/15/21"], "max_14": 9583, "max": 270421, "value": [349.42857142857144, 371.5, 406.85714285714283, 428.57142857142856, 444.7857142857143, 431.7857142857143, 411.0, 411.0, 349.5, 342.42857142857144, 383.85714285714283, 382.2142857142857, 416.57142857142856, 439.57142857142856, 439.57142857142856, 550.0714285714286, 622.4285714285714, 603.9285714285714, 639.6428571428571, 656.3571428571429, 657.0, 657.0, 682.7142857142857, 654.0], "time": ["6/21/21", "6/22/21", "6/23/21", "6/24/21", "6/25/21", "6/26/21", "6/27/21", "6/28/21", "6/29/21", "6/30/21", "7/1/21", "7/2/21", "7/3/21", "7/4/21", "7/5/21", "7/6/21", "7/7/21", "7/8/21", "7/9/21", "7/10/21", "7/11/21", "7/12/21", "7/13/21", "7/14/21", "7/15/21", "7/16/21", "7/17/21", "7/18/21", "7/19/21"], "original_values": [552, 348, 411, 395, 740, 0, 0, 861, 534, 529, 504, 449, 0, 0, 0, 1296, 347, 663, 771, 0, 0, 1547, 762, 622, 888, 780, 0, 0, 1907]}