{"dates": ["6/24/21", "6/25/21", "6/26/21", "6/27/21", "6/28/21", "6/29/21", "6/30/21", "7/1/21", "7/2/21", "7/3/21", "7/4/21", "7/5/21", "7/6/21", "7/7/21", "7/8/21", "7/9/21", "7/10/21", "7/11/21", "7/12/21", "7/13/21", "7/14/21", "7/15/21"], "max_14": 100, "max": 8383, "value": [3.4285714285714284, 3.357142857142857, 3.357142857142857, 3.5, 3.5, 3.5, 3.2142857142857144, 3.142857142857143, 3.857142857142857, 4.714285714285714, 5.357142857142857, 6.071428571428571, 6.571428571428571, 6.642857142857143, 7.0, 7.071428571428571, 7.071428571428571, 7.142857142857143, 6.785714285714286, 6.5, 6.214285714285714, 5.428571428571429, 6.142857142857143, 6.714285714285714], "time": ["6/21/21", "6/22/21", "6/23/21", "6/24/21", "6/25/21", "6/26/21", "6/27/21", "6/28/21", "6/29/21", "6/30/21", "7/1/21", "7/2/21", "7/3/21", "7/4/21", "7/5/21", "7/6/21", "7/7/21", "7/8/21", "7/9/21", "7/10/21", "7/11/21", "7/12/21", "7/13/21", "7/14/21", "7/15/21", "7/16/21", "7/17/21", "7/18/21", "7/19/21"], "original_values": [2, 0, 5, 1, 9, 7, 0, 1, 1, 6, 0, 10, 2, 4, 7, 7, 9, 7, 10, 3, 8, 4, 10, 7, 4, 9, 0, 0, 22]}