{"dates": ["6/24/21", "6/25/21", "6/26/21", "6/27/21", "6/28/21", "6/29/21", "6/30/21", "7/1/21", "7/2/21", "7/3/21", "7/4/21", "7/5/21", "7/6/21", "7/7/21", "7/8/21", "7/9/21", "7/10/21", "7/11/21", "7/12/21", "7/13/21", "7/14/21", "7/15/21"], "max_14": 156, "max": 29634, "value": [6.0, 6.357142857142857, 6.714285714285714, 6.714285714285714, 6.357142857142857, 5.714285714285714, 5.428571428571429, 5.428571428571429, 4.0, 3.7142857142857144, 4.642857142857143, 4.642857142857143, 5.357142857142857, 5.857142857142857, 5.857142857142857, 7.214285714285714, 9.0, 9.428571428571429, 10.428571428571429, 11.642857142857142, 11.857142857142858, 11.857142857142858, 12.785714285714286, 11.928571428571429], "time": ["6/21/21", "6/22/21", "6/23/21", "6/24/21", "6/25/21", "6/26/21", "6/27/21", "6/28/21", "6/29/21", "6/30/21", "7/1/21", "7/2/21", "7/3/21", "7/4/21", "7/5/21", "7/6/21", "7/7/21", "7/8/21", "7/9/21", "7/10/21", "7/11/21", "7/12/21", "7/13/21", "7/14/21", "7/15/21", "7/16/21", "7/17/21", "7/18/21", "7/19/21"], "original_values": [15, 3, 9, 7, 8, 0, 0, 20, 3, 9, 2, 4, 0, 0, 0, 19, 6, 5, 11, 0, 0, 19, 25, 6, 19, 14, 0, 0, 32]}