{"dates": ["6/24/21", "6/25/21", "6/26/21", "6/27/21", "6/28/21", "6/29/21", "6/30/21", "7/1/21", "7/2/21", "7/3/21", "7/4/21", "7/5/21", "7/6/21", "7/7/21", "7/8/21", "7/9/21", "7/10/21", "7/11/21", "7/12/21", "7/13/21", "7/14/21", "7/15/21"], "max_14": 63, "max": 4488, "value": [1.4285714285714286, 1.6428571428571428, 1.9285714285714286, 1.9285714285714286, 1.9285714285714286, 2.2142857142857144, 2.4285714285714284, 2.4285714285714284, 2.2142857142857144, 2.5714285714285716, 3.2857142857142856, 3.2857142857142856, 3.2857142857142856, 3.4285714285714284, 3.4285714285714284, 4.428571428571429, 4.785714285714286, 4.214285714285714, 4.571428571428571, 4.5, 4.142857142857143, 4.142857142857143, 3.857142857142857, 3.4285714285714284], "time": ["6/21/21", "6/22/21", "6/23/21", "6/24/21", "6/25/21", "6/26/21", "6/27/21", "6/28/21", "6/29/21", "6/30/21", "7/1/21", "7/2/21", "7/3/21", "7/4/21", "7/5/21", "7/6/21", "7/7/21", "7/8/21", "7/9/21", "7/10/21", "7/11/21", "7/12/21", "7/13/21", "7/14/21", "7/15/21", "7/16/21", "7/17/21", "7/18/21", "7/19/21"], "original_values": [0, 2, 3, 3, 2, 0, 0, 3, 3, 2, 4, 5, 0, 0, 0, 11, 4, 2, 7, 0, 0, 14, 2, 5, 6, 2, 0, 0, 10]}