{"dates": ["6/24/21", "6/25/21", "6/26/21", "6/27/21", "6/28/21", "6/29/21", "6/30/21", "7/1/21", "7/2/21", "7/3/21", "7/4/21", "7/5/21", "7/6/21", "7/7/21", "7/8/21", "7/9/21", "7/10/21", "7/11/21", "7/12/21", "7/13/21", "7/14/21", "7/15/21"], "max_14": 58, "max": 11034, "value": [1.0714285714285714, 1.2857142857142858, 1.2142857142857142, 1.2142857142857142, 1.3571428571428572, 1.5, 1.7857142857142858, 1.9285714285714286, 1.9285714285714286, 2.0714285714285716, 2.0714285714285716, 1.9285714285714286, 1.9285714285714286, 2.0714285714285716, 2.0714285714285716, 2.142857142857143, 2.5714285714285716, 3.142857142857143, 3.4285714285714284, 3.9285714285714284, 4.5, 4.785714285714286, 5.5, 5.571428571428571], "time": ["6/21/21", "6/22/21", "6/23/21", "6/24/21", "6/25/21", "6/26/21", "6/27/21", "6/28/21", "6/29/21", "6/30/21", "7/1/21", "7/2/21", "7/3/21", "7/4/21", "7/5/21", "7/6/21", "7/7/21", "7/8/21", "7/9/21", "7/10/21", "7/11/21", "7/12/21", "7/13/21", "7/14/21", "7/15/21", "7/16/21", "7/17/21", "7/18/21", "7/19/21"], "original_values": [0, 2, 2, 1, 1, 0, 3, 0, 1, 3, 2, 2, 3, 2, 1, 2, 2, 1, 3, 4, 1, 3, 6, 6, 1, 10, 5, 4, 10]}