{"dates": ["6/24/21", "6/25/21", "6/26/21", "6/27/21", "6/28/21", "6/29/21", "6/30/21", "7/1/21", "7/2/21", "7/3/21", "7/4/21", "7/5/21", "7/6/21", "7/7/21", "7/8/21", "7/9/21", "7/10/21", "7/11/21", "7/12/21", "7/13/21", "7/14/21", "7/15/21"], "max_14": 138, "max": 17490, "value": [2.5714285714285716, 2.357142857142857, 2.7857142857142856, 3.2857142857142856, 3.4285714285714284, 4.142857142857143, 4.357142857142857, 4.142857142857143, 3.857142857142857, 4.071428571428571, 4.571428571428571, 4.857142857142857, 5.142857142857143, 5.142857142857143, 5.142857142857143, 6.142857142857143, 7.0, 7.571428571428571, 8.428571428571429, 8.142857142857142, 7.714285714285714, 8.928571428571429, 11.357142857142858, 11.642857142857142], "time": ["6/21/21", "6/22/21", "6/23/21", "6/24/21", "6/25/21", "6/26/21", "6/27/21", "6/28/21", "6/29/21", "6/30/21", "7/1/21", "7/2/21", "7/3/21", "7/4/21", "7/5/21", "7/6/21", "7/7/21", "7/8/21", "7/9/21", "7/10/21", "7/11/21", "7/12/21", "7/13/21", "7/14/21", "7/15/21", "7/16/21", "7/17/21", "7/18/21", "7/19/21"], "original_values": [7, -1, 5, 4, 0, 3, 0, 4, 8, 3, 8, 6, 0, 0, 0, 15, 3, 12, 6, 0, 0, 14, 13, 13, 14, 0, 0, 17, 31]}