{"dates": ["6/24/21", "6/25/21", "6/26/21", "6/27/21", "6/28/21", "6/29/21", "6/30/21", "7/1/21", "7/2/21", "7/3/21", "7/4/21", "7/5/21", "7/6/21", "7/7/21", "7/8/21", "7/9/21", "7/10/21", "7/11/21", "7/12/21", "7/13/21", "7/14/21", "7/15/21"], "max_14": 65, "max": 4675, "value": [-4.571428571428571, -4.571428571428571, -4.357142857142857, -0.8571428571428571, 2.5, 2.857142857142857, 3.142857142857143, 3.142857142857143, 3.2142857142857144, 3.4285714285714284, 3.0, 2.5, 2.5, 3.0, 3.5714285714285716, 3.5, 3.9285714285714284, 4.571428571428571, 5.071428571428571, 6.142857142857143, 6.357142857142857, 5.857142857142857, 5.857142857142857, 5.0], "time": ["6/21/21", "6/22/21", "6/23/21", "6/24/21", "6/25/21", "6/26/21", "6/27/21", "6/28/21", "6/29/21", "6/30/21", "7/1/21", "7/2/21", "7/3/21", "7/4/21", "7/5/21", "7/6/21", "7/7/21", "7/8/21", "7/9/21", "7/10/21", "7/11/21", "7/12/21", "7/13/21", "7/14/21", "7/15/21", "7/16/21", "7/17/21", "7/18/21", "7/19/21"], "original_values": [0, 0, -34, 2, 0, 0, 0, 0, 3, 12, 3, 4, 0, 0, 1, 5, 4, 4, 3, 8, 0, 0, 12, 6, 9, 13, 1, 0, 0]}