{"dates": ["6/24/21", "6/25/21", "6/26/21", "6/27/21", "6/28/21", "6/29/21", "6/30/21", "7/1/21", "7/2/21", "7/3/21", "7/4/21", "7/5/21", "7/6/21", "7/7/21", "7/8/21", "7/9/21", "7/10/21", "7/11/21", "7/12/21", "7/13/21", "7/14/21", "7/15/21"], "max_14": 95, "max": 10069, "value": [1.4285714285714286, 1.2857142857142858, 1.2142857142857142, 1.2857142857142858, 1.2857142857142858, 1.8571428571428572, 2.4285714285714284, 2.4285714285714284, 2.142857142857143, 2.642857142857143, 3.5714285714285716, 4.285714285714286, 4.5, 4.142857142857143, 4.142857142857143, 5.214285714285714, 5.928571428571429, 5.714285714285714, 5.785714285714286, 5.5, 5.285714285714286, 5.857142857142857, 6.857142857142857, 6.785714285714286], "time": ["6/21/21", "6/22/21", "6/23/21", "6/24/21", "6/25/21", "6/26/21", "6/27/21", "6/28/21", "6/29/21", "6/30/21", "7/1/21", "7/2/21", "7/3/21", "7/4/21", "7/5/21", "7/6/21", "7/7/21", "7/8/21", "7/9/21", "7/10/21", "7/11/21", "7/12/21", "7/13/21", "7/14/21", "7/15/21", "7/16/21", "7/17/21", "7/18/21", "7/19/21"], "original_values": [6, 0, 3, 1, 0, 0, 0, 4, 1, 3, 1, 8, 0, 0, 0, 12, 5, 9, 3, 0, 0, 15, 7, 7, 8, 0, 0, 8, 21]}