{"dates": ["6/24/21", "6/25/21", "6/26/21", "6/27/21", "6/28/21", "6/29/21", "6/30/21", "7/1/21", "7/2/21", "7/3/21", "7/4/21", "7/5/21", "7/6/21", "7/7/21", "7/8/21", "7/9/21", "7/10/21", "7/11/21", "7/12/21", "7/13/21", "7/14/21", "7/15/21"], "max_14": 386, "max": 85986, "value": [10.285714285714286, 11.785714285714286, 11.642857142857142, 11.428571428571429, 12.285714285714286, 13.285714285714286, 13.928571428571429, 14.071428571428571, 13.785714285714286, 13.928571428571429, 14.142857142857142, 14.071428571428571, 14.428571428571429, 15.285714285714286, 15.642857142857142, 16.214285714285715, 19.285714285714285, 22.571428571428573, 26.071428571428573, 29.714285714285715, 32.07142857142857, 35.42857142857143, 37.857142857142854, 35.285714285714285], "time": ["6/21/21", "6/22/21", "6/23/21", "6/24/21", "6/25/21", "6/26/21", "6/27/21", "6/28/21", "6/29/21", "6/30/21", "7/1/21", "7/2/21", "7/3/21", "7/4/21", "7/5/21", "7/6/21", "7/7/21", "7/8/21", "7/9/21", "7/10/21", "7/11/21", "7/12/21", "7/13/21", "7/14/21", "7/15/21", "7/16/21", "7/17/21", "7/18/21", "7/19/21"], "original_values": [6, 10, 7, 9, 15, 16, 18, 9, 5, 9, 19, 19, 21, 15, 8, 8, 9, 18, 25, 27, 14, 17, 42, 21, 55, 39, 46, 42, 23]}