{"dates": ["6/24/21", "6/25/21", "6/26/21", "6/27/21", "6/28/21", "6/29/21", "6/30/21", "7/1/21", "7/2/21", "7/3/21", "7/4/21", "7/5/21", "7/6/21", "7/7/21", "7/8/21", "7/9/21", "7/10/21", "7/11/21", "7/12/21", "7/13/21", "7/14/21", "7/15/21"], "max_14": 1179, "max": 4626, "value": [34.285714285714285, 36.07142857142857, 40.42857142857143, 45.214285714285715, 43.857142857142854, 52.714285714285715, 65.14285714285714, 65.14285714285714, 57.714285714285715, 58.642857142857146, 61.0, 69.0, 76.42857142857143, 69.85714285714286, 69.85714285714286, 69.85714285714286, 78.07142857142857, 95.07142857142857, 97.78571428571429, 95.14285714285714, 98.57142857142857, 98.57142857142857, 98.57142857142857, 76.71428571428571], "time": ["6/21/21", "6/22/21", "6/23/21", "6/24/21", "6/25/21", "6/26/21", "6/27/21", "6/28/21", "6/29/21", "6/30/21", "7/1/21", "7/2/21", "7/3/21", "7/4/21", "7/5/21", "7/6/21", "7/7/21", "7/8/21", "7/9/21", "7/10/21", "7/11/21", "7/12/21", "7/13/21", "7/14/21", "7/15/21", "7/16/21", "7/17/21", "7/18/21", "7/19/21"], "original_values": [79, 38, 53, 50, 20, 0, 0, 104, 74, 84, 0, 194, 0, 0, 0, 191, 0, 196, 102, 0, 0, 0, 306, 123, 111, 150, 0, 0, 0]}