{"dates": ["6/24/21", "6/25/21", "6/26/21", "6/27/21", "6/28/21", "6/29/21", "6/30/21", "7/1/21", "7/2/21", "7/3/21", "7/4/21", "7/5/21", "7/6/21", "7/7/21", "7/8/21", "7/9/21", "7/10/21", "7/11/21", "7/12/21", "7/13/21", "7/14/21", "7/15/21"], "max_14": 563, "max": 48383, "value": [19.857142857142858, 21.714285714285715, 23.928571428571427, 25.142857142857142, 22.428571428571427, 22.714285714285715, 26.571428571428573, 26.571428571428573, 27.0, 28.642857142857142, 28.857142857142858, 30.5, 31.857142857142858, 30.571428571428573, 30.571428571428573, 31.285714285714285, 32.07142857142857, 33.285714285714285, 34.42857142857143, 35.5, 36.57142857142857, 36.57142857142857, 42.5, 46.5], "time": ["6/21/21", "6/22/21", "6/23/21", "6/24/21", "6/25/21", "6/26/21", "6/27/21", "6/28/21", "6/29/21", "6/30/21", "7/1/21", "7/2/21", "7/3/21", "7/4/21", "7/5/21", "7/6/21", "7/7/21", "7/8/21", "7/9/21", "7/10/21", "7/11/21", "7/12/21", "7/13/21", "7/14/21", "7/15/21", "7/16/21", "7/17/21", "7/18/21", "7/19/21"], "original_values": [71, 4, 8, 57, -1, 0, 0, 97, 9, 20, 7, 53, 0, 0, 103, 26, 6, 44, 35, 0, 0, 113, 27, 22, 44, 50, 0, 0, 196]}