{"dates": ["6/24/21", "6/25/21", "6/26/21", "6/27/21", "6/28/21", "6/29/21", "6/30/21", "7/1/21", "7/2/21", "7/3/21", "7/4/21", "7/5/21", "7/6/21", "7/7/21", "7/8/21", "7/9/21", "7/10/21", "7/11/21", "7/12/21", "7/13/21", "7/14/21", "7/15/21"], "max_14": 136, "max": 40971, "value": [6.571428571428571, 6.714285714285714, 6.285714285714286, 5.142857142857143, 4.928571428571429, 4.785714285714286, 4.285714285714286, 4.285714285714286, 3.0714285714285716, 2.642857142857143, 4.142857142857143, 5.428571428571429, 5.928571428571429, 5.857142857142857, 5.857142857142857, 7.357142857142857, 8.642857142857142, 8.571428571428571, 8.928571428571429, 9.285714285714286, 9.428571428571429, 9.428571428571429, 10.0, 9.642857142857142], "time": ["6/21/21", "6/22/21", "6/23/21", "6/24/21", "6/25/21", "6/26/21", "6/27/21", "6/28/21", "6/29/21", "6/30/21", "7/1/21", "7/2/21", "7/3/21", "7/4/21", "7/5/21", "7/6/21", "7/7/21", "7/8/21", "7/9/21", "7/10/21", "7/11/21", "7/12/21", "7/13/21", "7/14/21", "7/15/21", "7/16/21", "7/17/21", "7/18/21", "7/19/21"], "original_values": [15, 13, 8, -2, 12, 0, 0, 17, 5, 0, 3, 5, 0, 0, 0, 16, 10, 11, 4, 0, 0, 21, 13, 12, 14, 6, 0, 0, 29]}