{"dates": ["6/24/21", "6/25/21", "6/26/21", "6/27/21", "6/28/21", "6/29/21", "6/30/21", "7/1/21", "7/2/21", "7/3/21", "7/4/21", "7/5/21", "7/6/21", "7/7/21", "7/8/21", "7/9/21", "7/10/21", "7/11/21", "7/12/21", "7/13/21", "7/14/21", "7/15/21"], "max_14": 341, "max": 25470, "value": [2.857142857142857, 2.9285714285714284, 3.0, 3.0, 3.0, 3.5, 4.0, 4.0, 3.357142857142857, 2.7142857142857144, 5.5, 8.285714285714286, 12.0, 16.5, 17.285714285714285, 18.428571428571427, 19.571428571428573, 20.0, 23.214285714285715, 24.642857142857142, 24.571428571428573, 27.428571428571427, 29.071428571428573, 29.142857142857142], "time": ["6/21/21", "6/22/21", "6/23/21", "6/24/21", "6/25/21", "6/26/21", "6/27/21", "6/28/21", "6/29/21", "6/30/21", "7/1/21", "7/2/21", "7/3/21", "7/4/21", "7/5/21", "7/6/21", "7/7/21", "7/8/21", "7/9/21", "7/10/21", "7/11/21", "7/12/21", "7/13/21", "7/14/21", "7/15/21", "7/16/21", "7/17/21", "7/18/21", "7/19/21"], "original_values": [8, 0, 14, 0, -2, 0, 0, 9, 0, 14, 0, 5, 0, 0, 0, 0, 53, 0, 57, 11, 0, 16, 0, 59, 39, 38, 29, 22, 17]}