{"dates": ["6/24/21", "6/25/21", "6/26/21", "6/27/21", "6/28/21", "6/29/21", "6/30/21", "7/1/21", "7/2/21", "7/3/21", "7/4/21", "7/5/21", "7/6/21", "7/7/21", "7/8/21", "7/9/21", "7/10/21", "7/11/21", "7/12/21", "7/13/21", "7/14/21", "7/15/21"], "max_14": 4452, "max": 408097, "value": [29.571428571428573, 22.928571428571427, 5.428571428571429, -14.714285714285714, -1.5714285714285714, 18.0, 24.428571428571427, 38.857142857142854, 57.42857142857143, 70.92857142857143, 134.28571428571428, 226.0, 276.2857142857143, 300.14285714285717, 306.2857142857143, 313.85714285714283, 346.14285714285717, 332.0, 267.14285714285717, 239.92857142857142, 259.35714285714283, 292.5, 309.7857142857143, 289.7857142857143], "time": ["6/21/21", "6/22/21", "6/23/21", "6/24/21", "6/25/21", "6/26/21", "6/27/21", "6/28/21", "6/29/21", "6/30/21", "7/1/21", "7/2/21", "7/3/21", "7/4/21", "7/5/21", "7/6/21", "7/7/21", "7/8/21", "7/9/21", "7/10/21", "7/11/21", "7/12/21", "7/13/21", "7/14/21", "7/15/21", "7/16/21", "7/17/21", "7/18/21", "7/19/21"], "original_values": [-34, 152, 0, -128, 75, 142, 0, -127, 0, -130, 186, 35, 272, 72, 61, 1, 756, 584, 341, 300, 130, 109, 405, 154, 278, 266, 647, 247, 234]}