{"dates": ["6/24/21", "6/25/21", "6/26/21", "6/27/21", "6/28/21", "6/29/21", "6/30/21", "7/1/21", "7/2/21", "7/3/21", "7/4/21", "7/5/21", "7/6/21", "7/7/21", "7/8/21", "7/9/21", "7/10/21", "7/11/21", "7/12/21", "7/13/21", "7/14/21", "7/15/21"], "max_14": 150, "max": 17842, "value": [7.285714285714286, 7.357142857142857, 7.642857142857143, 7.571428571428571, 7.0, 5.857142857142857, 5.0, 5.0, 4.642857142857143, 3.857142857142857, 4.785714285714286, 6.0, 5.571428571428571, 5.285714285714286, 5.285714285714286, 5.714285714285714, 7.357142857142857, 8.428571428571429, 8.5, 10.714285714285714, 12.714285714285714, 12.714285714285714, 14.0, 13.785714285714286], "time": ["6/21/21", "6/22/21", "6/23/21", "6/24/21", "6/25/21", "6/26/21", "6/27/21", "6/28/21", "6/29/21", "6/30/21", "7/1/21", "7/2/21", "7/3/21", "7/4/21", "7/5/21", "7/6/21", "7/7/21", "7/8/21", "7/9/21", "7/10/21", "7/11/21", "7/12/21", "7/13/21", "7/14/21", "7/15/21", "7/16/21", "7/17/21", "7/18/21", "7/19/21"], "original_values": [4, 7, 8, 13, 19, 0, 0, 5, 10, 4, 9, 7, 0, 0, 0, 4, 23, 7, 3, 0, 0, 6, 21, 21, 10, 31, 0, 0, 24]}