{"dates": ["6/24/21", "6/25/21", "6/26/21", "6/27/21", "6/28/21", "6/29/21", "6/30/21", "7/1/21", "7/2/21", "7/3/21", "7/4/21", "7/5/21", "7/6/21", "7/7/21", "7/8/21", "7/9/21", "7/10/21", "7/11/21", "7/12/21", "7/13/21", "7/14/21", "7/15/21"], "max_14": 241, "max": 3923, "value": [7.0, 7.142857142857143, 6.857142857142857, 7.5, 7.785714285714286, 7.357142857142857, 6.785714285714286, 6.571428571428571, 7.357142857142857, 7.928571428571429, 7.642857142857143, 8.857142857142858, 11.285714285714286, 13.357142857142858, 14.214285714285714, 13.357142857142858, 13.785714285714286, 16.285714285714285, 17.357142857142858, 16.928571428571427, 18.142857142857142, 19.928571428571427, 21.071428571428573, 20.357142857142858], "time": ["6/21/21", "6/22/21", "6/23/21", "6/24/21", "6/25/21", "6/26/21", "6/27/21", "6/28/21", "6/29/21", "6/30/21", "7/1/21", "7/2/21", "7/3/21", "7/4/21", "7/5/21", "7/6/21", "7/7/21", "7/8/21", "7/9/21", "7/10/21", "7/11/21", "7/12/21", "7/13/21", "7/14/21", "7/15/21", "7/16/21", "7/17/21", "7/18/21", "7/19/21"], "original_values": [7, 3, 10, 7, 13, 5, 8, 1, 5, 17, 4, 10, 0, 10, 10, 4, 14, 24, 24, 15, 7, 1, 19, 34, 19, 23, 33, 14, 10]}