{"dates": ["6/24/21", "6/25/21", "6/26/21", "6/27/21", "6/28/21", "6/29/21", "6/30/21", "7/1/21", "7/2/21", "7/3/21", "7/4/21", "7/5/21", "7/6/21", "7/7/21", "7/8/21", "7/9/21", "7/10/21", "7/11/21", "7/12/21", "7/13/21", "7/14/21", "7/15/21"], "max_14": 64, "max": 4239, "value": [5.928571428571429, 6.285714285714286, 6.0, 4.571428571428571, 4.0, 5.428571428571429, 6.142857142857143, 5.928571428571429, 5.785714285714286, 6.142857142857143, 6.428571428571429, 5.571428571428571, 4.285714285714286, 3.9285714285714284, 4.142857142857143, 4.285714285714286, 4.142857142857143, 4.714285714285714, 5.785714285714286, 5.642857142857143, 5.071428571428571, 4.785714285714286, 4.714285714285714, 4.5], "time": ["6/21/21", "6/22/21", "6/23/21", "6/24/21", "6/25/21", "6/26/21", "6/27/21", "6/28/21", "6/29/21", "6/30/21", "7/1/21", "7/2/21", "7/3/21", "7/4/21", "7/5/21", "7/6/21", "7/7/21", "7/8/21", "7/9/21", "7/10/21", "7/11/21", "7/12/21", "7/13/21", "7/14/21", "7/15/21", "7/16/21", "7/17/21", "7/18/21", "7/19/21"], "original_values": [1, 5, 18, 5, 4, 6, 5, 1, 1, 2, 13, 16, 4, 4, 0, 7, 0, 3, 8, 7, 4, 2, 3, 12, 6, 3, 4, 3, 2]}