{"dates": ["6/24/21", "6/25/21", "6/26/21", "6/27/21", "6/28/21", "6/29/21", "6/30/21", "7/1/21", "7/2/21", "7/3/21", "7/4/21", "7/5/21", "7/6/21", "7/7/21", "7/8/21", "7/9/21", "7/10/21", "7/11/21", "7/12/21", "7/13/21", "7/14/21", "7/15/21"], "max_14": 395, "max": 92825, "value": [16.857142857142858, 16.142857142857142, 15.928571428571429, 16.357142857142858, 14.5, 12.642857142857142, 12.571428571428571, 12.571428571428571, 10.428571428571429, 12.357142857142858, 17.142857142857142, 18.285714285714285, 19.571428571428573, 20.428571428571427, 20.428571428571427, 21.428571428571427, 20.357142857142858, 19.285714285714285, 23.071428571428573, 25.642857142857142, 25.428571428571427, 25.428571428571427, 29.714285714285715, 31.071428571428573], "time": ["6/21/21", "6/22/21", "6/23/21", "6/24/21", "6/25/21", "6/26/21", "6/27/21", "6/28/21", "6/29/21", "6/30/21", "7/1/21", "7/2/21", "7/3/21", "7/4/21", "7/5/21", "7/6/21", "7/7/21", "7/8/21", "7/9/21", "7/10/21", "7/11/21", "7/12/21", "7/13/21", "7/14/21", "7/15/21", "7/16/21", "7/17/21", "7/18/21", "7/19/21"], "original_values": [40, 6, 10, 34, 28, 0, 0, 30, 13, 9, 9, 27, 0, 0, 0, 70, 19, 15, 39, 0, 0, 14, 41, 33, 54, 36, 0, 0, 74]}