{"dates": ["6/24/21", "6/25/21", "6/26/21", "6/27/21", "6/28/21", "6/29/21", "6/30/21", "7/1/21", "7/2/21", "7/3/21", "7/4/21", "7/5/21", "7/6/21", "7/7/21", "7/8/21", "7/9/21", "7/10/21", "7/11/21", "7/12/21", "7/13/21", "7/14/21", "7/15/21"], "max_14": 722, "max": 32826, "value": [36.857142857142854, 40.642857142857146, 42.0, 43.0, 42.714285714285715, 42.642857142857146, 39.357142857142854, 32.42857142857143, 27.428571428571427, 31.357142857142858, 36.92857142857143, 36.92857142857143, 37.714285714285715, 38.0, 38.0, 43.857142857142854, 44.785714285714285, 40.642857142857146, 43.0, 43.92857142857143, 43.285714285714285, 43.285714285714285, 48.357142857142854, 50.285714285714285], "time": ["6/21/21", "6/22/21", "6/23/21", "6/24/21", "6/25/21", "6/26/21", "6/27/21", "6/28/21", "6/29/21", "6/30/21", "7/1/21", "7/2/21", "7/3/21", "7/4/21", "7/5/21", "7/6/21", "7/7/21", "7/8/21", "7/9/21", "7/10/21", "7/11/21", "7/12/21", "7/13/21", "7/14/21", "7/15/21", "7/16/21", "7/17/21", "7/18/21", "7/19/21"], "original_values": [17, 22, 49, 55, 38, 57, 40, 30, 28, 57, 43, 49, 0, 0, 0, 113, 50, 50, 53, 0, 0, 82, 44, 61, 72, 44, 0, 0, 153]}