{"dates": ["6/24/21", "6/25/21", "6/26/21", "6/27/21", "6/28/21", "6/29/21", "6/30/21", "7/1/21", "7/2/21", "7/3/21", "7/4/21", "7/5/21", "7/6/21", "7/7/21", "7/8/21", "7/9/21", "7/10/21", "7/11/21", "7/12/21", "7/13/21", "7/14/21", "7/15/21"], "max_14": 30, "max": 2614, "value": [0.5714285714285714, 0.5714285714285714, 0.21428571428571427, -0.35714285714285715, 0.5714285714285714, 0.2857142857142857, -1.5, -1.8571428571428572, -1.8571428571428572, 0.42857142857142855, 0.7857142857142857, -2.142857142857143, -1.3571428571428572, 0.5714285714285714, 0.7142857142857143, 0.7142857142857143, -1.7142857142857142, -2.2142857142857144, -0.5, -0.7142857142857143, -0.6428571428571429, -0.5714285714285714, -0.5714285714285714, 0.0], "time": ["6/21/21", "6/22/21", "6/23/21", "6/24/21", "6/25/21", "6/26/21", "6/27/21", "6/28/21", "6/29/21", "6/30/21", "7/1/21", "7/2/21", "7/3/21", "7/4/21", "7/5/21", "7/6/21", "7/7/21", "7/8/21", "7/9/21", "7/10/21", "7/11/21", "7/12/21", "7/13/21", "7/14/21", "7/15/21", "7/16/21", "7/17/21", "7/18/21", "7/19/21"], "original_values": [0, -1, 4, -1, -5, 7, 0, 0, -6, 1, 15, -25, 2, 0, 0, 26, -26, 1, 0, 4, 0, 0, -8, 1, -2, 0, 5, 0, 0]}