{"dates": ["6/24/21", "6/25/21", "6/26/21", "6/27/21", "6/28/21", "6/29/21", "6/30/21", "7/1/21", "7/2/21", "7/3/21", "7/4/21", "7/5/21", "7/6/21", "7/7/21", "7/8/21", "7/9/21", "7/10/21", "7/11/21", "7/12/21", "7/13/21", "7/14/21", "7/15/21"], "max_14": 637, "max": 82584, "value": [16.0, 16.214285714285715, 16.428571428571427, 19.428571428571427, 22.428571428571427, 25.285714285714285, 28.142857142857142, 28.142857142857142, 26.285714285714285, 24.428571428571427, 18.5, 12.571428571428571, 8.071428571428571, 3.5714285714285716, 3.5714285714285716, 11.285714285714286, 19.0, 22.928571428571427, 26.857142857142858, 39.857142857142854, 52.857142857142854, 52.857142857142854, 62.42857142857143, 72.0], "time": ["6/21/21", "6/22/21", "6/23/21", "6/24/21", "6/25/21", "6/26/21", "6/27/21", "6/28/21", "6/29/21", "6/30/21", "7/1/21", "7/2/21", "7/3/21", "7/4/21", "7/5/21", "7/6/21", "7/7/21", "7/8/21", "7/9/21", "7/10/21", "7/11/21", "7/12/21", "7/13/21", "7/14/21", "7/15/21", "7/16/21", "7/17/21", "7/18/21", "7/19/21"], "original_values": [23, 0, 66, 0, 23, 0, 0, 26, 0, 108, 0, 63, 0, 0, 0, 0, 25, 0, 0, 0, 0, 108, 0, 80, 0, 182, 0, 0, 242]}