{"dates": ["6/24/21", "6/25/21", "6/26/21", "6/27/21", "6/28/21", "6/29/21", "6/30/21", "7/1/21", "7/2/21", "7/3/21", "7/4/21", "7/5/21", "7/6/21", "7/7/21", "7/8/21", "7/9/21", "7/10/21", "7/11/21", "7/12/21", "7/13/21", "7/14/21", "7/15/21"], "max_14": 103, "max": 4589, "value": [1.7142857142857142, 1.7142857142857142, 2.357142857142857, 3.0, 3.0, 3.0, 3.9285714285714284, 4.857142857142857, 4.857142857142857, 3.7857142857142856, 2.7142857142857144, 4.5, 7.857142857142857, 8.071428571428571, 6.714285714285714, 6.714285714285714, 8.571428571428571, 10.428571428571429, 8.642857142857142, 7.428571428571429, 8.0, 8.0, 8.0, 6.142857142857143], "time": ["6/21/21", "6/22/21", "6/23/21", "6/24/21", "6/25/21", "6/26/21", "6/27/21", "6/28/21", "6/29/21", "6/30/21", "7/1/21", "7/2/21", "7/3/21", "7/4/21", "7/5/21", "7/6/21", "7/7/21", "7/8/21", "7/9/21", "7/10/21", "7/11/21", "7/12/21", "7/13/21", "7/14/21", "7/15/21", "7/16/21", "7/17/21", "7/18/21", "7/19/21"], "original_values": [0, 6, 0, 0, 0, 6, 0, 0, 15, 0, 0, 0, 19, 0, 0, 0, 0, 25, 22, 0, 0, 0, 26, 0, 0, 30, 0, 0, 0]}