{"dates": ["6/24/21", "6/25/21", "6/26/21", "6/27/21", "6/28/21", "6/29/21", "6/30/21", "7/1/21", "7/2/21", "7/3/21", "7/4/21", "7/5/21", "7/6/21", "7/7/21", "7/8/21", "7/9/21", "7/10/21", "7/11/21", "7/12/21", "7/13/21", "7/14/21", "7/15/21"], "max_14": 225, "max": 42302, "value": [6.428571428571429, 7.214285714285714, 7.928571428571429, 7.714285714285714, 7.785714285714286, 7.928571428571429, 7.857142857142857, 7.857142857142857, 6.285714285714286, 4.928571428571429, 5.357142857142857, 5.357142857142857, 5.285714285714286, 5.428571428571429, 5.428571428571429, 6.214285714285714, 7.857142857142857, 9.0, 11.214285714285714, 13.571428571428571, 14.0, 14.0, 19.571428571428573, 24.0], "time": ["6/21/21", "6/22/21", "6/23/21", "6/24/21", "6/25/21", "6/26/21", "6/27/21", "6/28/21", "6/29/21", "6/30/21", "7/1/21", "7/2/21", "7/3/21", "7/4/21", "7/5/21", "7/6/21", "7/7/21", "7/8/21", "7/9/21", "7/10/21", "7/11/21", "7/12/21", "7/13/21", "7/14/21", "7/15/21", "7/16/21", "7/17/21", "7/18/21", "7/19/21"], "original_values": [14, 2, 10, 8, 11, 0, 0, 25, 1, 8, 11, 10, 0, 0, 3, 4, 11, 8, 12, 0, 0, 14, 16, 15, 35, 18, 0, 0, 92]}