{"dates": ["6/24/21", "6/25/21", "6/26/21", "6/27/21", "6/28/21", "6/29/21", "6/30/21", "7/1/21", "7/2/21", "7/3/21", "7/4/21", "7/5/21", "7/6/21", "7/7/21", "7/8/21", "7/9/21", "7/10/21", "7/11/21", "7/12/21", "7/13/21", "7/14/21", "7/15/21"], "max_14": 86, "max": 4559, "value": [1.8571428571428572, 1.7857142857142858, 1.4285714285714286, 1.1428571428571428, 1.2142857142857142, 1.1428571428571428, 1.0, 1.0, 1.4285714285714286, 1.7857142857142858, 1.7857142857142858, 2.2857142857142856, 2.7857142857142856, 2.857142857142857, 2.857142857142857, 2.9285714285714284, 3.357142857142857, 4.142857142857143, 4.785714285714286, 5.428571428571429, 5.857142857142857, 5.857142857142857, 7.571428571428571, 8.928571428571429], "time": ["6/21/21", "6/22/21", "6/23/21", "6/24/21", "6/25/21", "6/26/21", "6/27/21", "6/28/21", "6/29/21", "6/30/21", "7/1/21", "7/2/21", "7/3/21", "7/4/21", "7/5/21", "7/6/21", "7/7/21", "7/8/21", "7/9/21", "7/10/21", "7/11/21", "7/12/21", "7/13/21", "7/14/21", "7/15/21", "7/16/21", "7/17/21", "7/18/21", "7/19/21"], "original_values": [3, 5, 2, 1, 2, 0, 0, 2, 1, 2, 2, 0, 0, 0, 8, 0, 3, 8, 1, 0, 0, 9, 5, 9, 11, 7, 0, 0, 33]}