{"dates": ["6/24/21", "6/25/21", "6/26/21", "6/27/21", "6/28/21", "6/29/21", "6/30/21", "7/1/21", "7/2/21", "7/3/21", "7/4/21", "7/5/21", "7/6/21", "7/7/21", "7/8/21", "7/9/21", "7/10/21", "7/11/21", "7/12/21", "7/13/21", "7/14/21", "7/15/21"], "max_14": 56, "max": 8154, "value": [1.1428571428571428, 1.2857142857142858, 1.2857142857142858, 1.4285714285714286, 1.6428571428571428, 1.7857142857142858, 1.7857142857142858, 1.7142857142857142, 2.0714285714285716, 2.142857142857143, 1.8571428571428572, 1.9285714285714286, 2.5714285714285716, 3.2857142857142856, 3.5714285714285716, 3.4285714285714284, 3.5714285714285716, 4.642857142857143, 5.142857142857143, 4.5, 3.857142857142857, 3.9285714285714284, 4.5, 4.428571428571429], "time": ["6/21/21", "6/22/21", "6/23/21", "6/24/21", "6/25/21", "6/26/21", "6/27/21", "6/28/21", "6/29/21", "6/30/21", "7/1/21", "7/2/21", "7/3/21", "7/4/21", "7/5/21", "7/6/21", "7/7/21", "7/8/21", "7/9/21", "7/10/21", "7/11/21", "7/12/21", "7/13/21", "7/14/21", "7/15/21", "7/16/21", "7/17/21", "7/18/21", "7/19/21"], "original_values": [0, 4, -2, 2, 2, 1, 2, 0, 4, 0, 3, 3, 0, 2, 5, 0, 0, 4, 11, 2, 4, 1, 6, 9, 2, 4, 0, 7, 6]}