{"dates": ["6/24/21", "6/25/21", "6/26/21", "6/27/21", "6/28/21", "6/29/21", "6/30/21", "7/1/21", "7/2/21", "7/3/21", "7/4/21", "7/5/21", "7/6/21", "7/7/21", "7/8/21", "7/9/21", "7/10/21", "7/11/21", "7/12/21", "7/13/21", "7/14/21", "7/15/21"], "max_14": 4267, "max": 151661, "value": [109.57142857142857, 109.57142857142857, 109.57142857142857, 109.57142857142857, 109.57142857142857, 122.78571428571429, 136.0, 136.0, 136.0, 136.0, 136.0, 136.0, 161.42857142857142, 186.85714285714286, 186.85714285714286, 186.85714285714286, 186.85714285714286, 186.85714285714286, 186.85714285714286, 304.7857142857143, 422.7142857142857, 422.7142857142857, 422.7142857142857, 422.7142857142857], "time": ["6/21/21", "6/22/21", "6/23/21", "6/24/21", "6/25/21", "6/26/21", "6/27/21", "6/28/21", "6/29/21", "6/30/21", "7/1/21", "7/2/21", "7/3/21", "7/4/21", "7/5/21", "7/6/21", "7/7/21", "7/8/21", "7/9/21", "7/10/21", "7/11/21", "7/12/21", "7/13/21", "7/14/21", "7/15/21", "7/16/21", "7/17/21", "7/18/21", "7/19/21"], "original_values": [0, 0, 0, 0, 767, 0, 0, 0, 0, 0, 0, 952, 0, 0, 0, 0, 0, 0, 1308, 0, 0, 0, 0, 0, 0, 2959, 0, 0, 0]}