{"dates": ["6/24/21", "6/25/21", "6/26/21", "6/27/21", "6/28/21", "6/29/21", "6/30/21", "7/1/21", "7/2/21", "7/3/21", "7/4/21", "7/5/21", "7/6/21", "7/7/21", "7/8/21", "7/9/21", "7/10/21", "7/11/21", "7/12/21", "7/13/21", "7/14/21", "7/15/21"], "max_14": 124, "max": 30870, "value": [6.428571428571429, 6.5, 7.571428571428571, 8.571428571428571, 8.214285714285714, 8.0, 7.714285714285714, 7.357142857142857, 7.214285714285714, 5.785714285714286, 4.142857142857143, 3.9285714285714284, 3.9285714285714284, 4.142857142857143, 4.428571428571429, 5.0, 6.214285714285714, 7.428571428571429, 8.928571428571429, 9.642857142857142, 10.428571428571429, 11.857142857142858, 12.214285714285714, 11.285714285714286], "time": ["6/21/21", "6/22/21", "6/23/21", "6/24/21", "6/25/21", "6/26/21", "6/27/21", "6/28/21", "6/29/21", "6/30/21", "7/1/21", "7/2/21", "7/3/21", "7/4/21", "7/5/21", "7/6/21", "7/7/21", "7/8/21", "7/9/21", "7/10/21", "7/11/21", "7/12/21", "7/13/21", "7/14/21", "7/15/21", "7/16/21", "7/17/21", "7/18/21", "7/19/21"], "original_values": [2, 6, 9, 7, 12, 8, 2, 1, 22, 7, 4, 12, 4, 1, 0, 3, 3, 5, 11, 8, 1, 8, 12, 11, 18, 8, 22, 7, 7]}