{"dates": ["6/24/21", "6/25/21", "6/26/21", "6/27/21", "6/28/21", "6/29/21", "6/30/21", "7/1/21", "7/2/21", "7/3/21", "7/4/21", "7/5/21", "7/6/21", "7/7/21", "7/8/21", "7/9/21", "7/10/21", "7/11/21", "7/12/21", "7/13/21", "7/14/21", "7/15/21"], "max_14": 172, "max": 48612, "value": [7.357142857142857, 7.428571428571429, 7.142857142857143, 7.214285714285714, 7.428571428571429, 7.714285714285714, 6.642857142857143, 5.571428571428571, 5.428571428571429, 5.642857142857143, 6.071428571428571, 6.357142857142857, 7.428571428571429, 8.785714285714286, 10.357142857142858, 11.142857142857142, 10.642857142857142, 10.928571428571429, 11.142857142857142, 10.571428571428571, 10.857142857142858, 11.142857142857142, 12.285714285714286, 13.0], "time": ["6/21/21", "6/22/21", "6/23/21", "6/24/21", "6/25/21", "6/26/21", "6/27/21", "6/28/21", "6/29/21", "6/30/21", "7/1/21", "7/2/21", "7/3/21", "7/4/21", "7/5/21", "7/6/21", "7/7/21", "7/8/21", "7/9/21", "7/10/21", "7/11/21", "7/12/21", "7/13/21", "7/14/21", "7/15/21", "7/16/21", "7/17/21", "7/18/21", "7/19/21"], "original_values": [9, 6, 5, 7, 3, 20, 3, 7, 4, 8, 7, 7, 1, 7, 1, 13, 5, 14, 15, 12, 18, 1, 6, 16, 6, 15, 16, 18, 17]}