{"dates": ["6/24/21", "6/25/21", "6/26/21", "6/27/21", "6/28/21", "6/29/21", "6/30/21", "7/1/21", "7/2/21", "7/3/21", "7/4/21", "7/5/21", "7/6/21", "7/7/21", "7/8/21", "7/9/21", "7/10/21", "7/11/21", "7/12/21", "7/13/21", "7/14/21", "7/15/21"], "max_14": 113, "max": 10127, "value": [4.857142857142857, 5.5, 6.142857142857143, 5.428571428571429, 4.714285714285714, 4.357142857142857, 4.0, 4.0, 2.9285714285714284, 1.8571428571428572, 2.5714285714285716, 3.2857142857142856, 3.7857142857142856, 4.785714285714286, 5.285714285714286, 6.071428571428571, 6.857142857142857, 7.0, 8.357142857142858, 9.0, 8.142857142857142, 8.5, 9.214285714285714, 9.285714285714286], "time": ["6/21/21", "6/22/21", "6/23/21", "6/24/21", "6/25/21", "6/26/21", "6/27/21", "6/28/21", "6/29/21", "6/30/21", "7/1/21", "7/2/21", "7/3/21", "7/4/21", "7/5/21", "7/6/21", "7/7/21", "7/8/21", "7/9/21", "7/10/21", "7/11/21", "7/12/21", "7/13/21", "7/14/21", "7/15/21", "7/16/21", "7/17/21", "7/18/21", "7/19/21"], "original_values": [6, 0, 17, 0, 11, 0, 0, 15, 0, 7, 0, 6, 0, 0, 0, 0, 17, 0, 13, 7, 0, 11, 0, 19, 17, 5, 3, 9, 12]}