{"dates": ["6/24/21", "6/25/21", "6/26/21", "6/27/21", "6/28/21", "6/29/21", "6/30/21", "7/1/21", "7/2/21", "7/3/21", "7/4/21", "7/5/21", "7/6/21", "7/7/21", "7/8/21", "7/9/21", "7/10/21", "7/11/21", "7/12/21", "7/13/21", "7/14/21", "7/15/21"], "max_14": 70, "max": 2844, "value": [-0.14285714285714285, 0.0, 0.14285714285714285, 0.7857142857142857, 1.4285714285714286, 1.3571428571428572, 1.2857142857142858, 1.2857142857142858, 1.1428571428571428, 1.0, 1.7142857142857142, 2.4285714285714284, 3.0, 3.5714285714285716, 3.5714285714285716, 3.857142857142857, 4.142857142857143, 2.9285714285714284, 2.7142857142857144, 4.714285714285714, 5.714285714285714, 5.714285714285714, 5.785714285714286, 5.857142857142857], "time": ["6/21/21", "6/22/21", "6/23/21", "6/24/21", "6/25/21", "6/26/21", "6/27/21", "6/28/21", "6/29/21", "6/30/21", "7/1/21", "7/2/21", "7/3/21", "7/4/21", "7/5/21", "7/6/21", "7/7/21", "7/8/21", "7/9/21", "7/10/21", "7/11/21", "7/12/21", "7/13/21", "7/14/21", "7/15/21", "7/16/21", "7/17/21", "7/18/21", "7/19/21"], "original_values": [0, 0, -2, 0, 1, 0, 0, 2, 0, 7, 0, 0, 0, 0, 0, 0, 17, 0, 8, 0, 0, 4, 0, 0, 14, 22, 0, 0, 5]}