{"dates": ["6/24/21", "6/25/21", "6/26/21", "6/27/21", "6/28/21", "6/29/21", "6/30/21", "7/1/21", "7/2/21", "7/3/21", "7/4/21", "7/5/21", "7/6/21", "7/7/21", "7/8/21", "7/9/21", "7/10/21", "7/11/21", "7/12/21", "7/13/21", "7/14/21", "7/15/21"], "max_14": 134, "max": 7550, "value": [2.0, 2.0714285714285716, 2.142857142857143, 2.2857142857142856, 2.5, 2.357142857142857, 2.142857142857143, 2.142857142857143, 1.7142857142857142, 1.4285714285714286, 4.928571428571429, 8.714285714285714, 9.5, 9.857142857142858, 9.857142857142858, 10.714285714285714, 12.0, 9.357142857142858, 6.642857142857143, 7.214285714285714, 7.428571428571429, 7.428571428571429, 7.5, 6.714285714285714], "time": ["6/21/21", "6/22/21", "6/23/21", "6/24/21", "6/25/21", "6/26/21", "6/27/21", "6/28/21", "6/29/21", "6/30/21", "7/1/21", "7/2/21", "7/3/21", "7/4/21", "7/5/21", "7/6/21", "7/7/21", "7/8/21", "7/9/21", "7/10/21", "7/11/21", "7/12/21", "7/13/21", "7/14/21", "7/15/21", "7/16/21", "7/17/21", "7/18/21", "7/19/21"], "original_values": [5, 4, 0, 0, 5, 0, 0, 6, 4, 2, 1, 2, 0, 0, 0, 6, 49, 7, 7, 0, 0, 12, 12, 6, 12, 10, 0, 0, 13]}