{"dates": ["6/24/21", "6/25/21", "6/26/21", "6/27/21", "6/28/21", "6/29/21", "6/30/21", "7/1/21", "7/2/21", "7/3/21", "7/4/21", "7/5/21", "7/6/21", "7/7/21", "7/8/21", "7/9/21", "7/10/21", "7/11/21", "7/12/21", "7/13/21", "7/14/21", "7/15/21"], "max_14": 1299, "max": 41267, "value": [36.857142857142854, 39.0, 39.57142857142857, 40.5, 40.142857142857146, 41.57142857142857, 41.142857142857146, 41.142857142857146, 45.642857142857146, 47.642857142857146, 50.857142857142854, 56.142857142857146, 61.214285714285715, 69.57142857142857, 74.42857142857143, 71.07142857142857, 74.78571428571429, 83.14285714285714, 91.57142857142857, 100.42857142857143, 104.35714285714286, 109.0, 114.64285714285714, 107.92857142857143], "time": ["6/21/21", "6/22/21", "6/23/21", "6/24/21", "6/25/21", "6/26/21", "6/27/21", "6/28/21", "6/29/21", "6/30/21", "7/1/21", "7/2/21", "7/3/21", "7/4/21", "7/5/21", "7/6/21", "7/7/21", "7/8/21", "7/9/21", "7/10/21", "7/11/21", "7/12/21", "7/13/21", "7/14/21", "7/15/21", "7/16/21", "7/17/21", "7/18/21", "7/19/21"], "original_values": [28, 31, 51, 56, 34, 41, 34, 24, 43, 52, 50, 60, 9, 66, 55, 40, 100, 76, 105, 81, 62, 12, 135, 122, 172, 133, 108, 100, 53]}