{"dates": ["6/24/21", "6/25/21", "6/26/21", "6/27/21", "6/28/21", "6/29/21", "6/30/21", "7/1/21", "7/2/21", "7/3/21", "7/4/21", "7/5/21", "7/6/21", "7/7/21", "7/8/21", "7/9/21", "7/10/21", "7/11/21", "7/12/21", "7/13/21", "7/14/21", "7/15/21"], "max_14": 79, "max": 4062, "value": [1.0, 2.642857142857143, 4.0, 3.857142857142857, 4.357142857142857, 5.357142857142857, 6.0, 6.0, 4.357142857142857, 3.7857142857142856, 5.142857142857143, 5.642857142857143, 5.428571428571429, 5.0, 5.0, 5.857142857142857, 6.0, 5.0, 4.5, 4.142857142857143, 4.0, 4.0, 4.285714285714286, 4.357142857142857], "time": ["6/21/21", "6/22/21", "6/23/21", "6/24/21", "6/25/21", "6/26/21", "6/27/21", "6/28/21", "6/29/21", "6/30/21", "7/1/21", "7/2/21", "7/3/21", "7/4/21", "7/5/21", "7/6/21", "7/7/21", "7/8/21", "7/9/21", "7/10/21", "7/11/21", "7/12/21", "7/13/21", "7/14/21", "7/15/21", "7/16/21", "7/17/21", "7/18/21", "7/19/21"], "original_values": [0, 2, 1, 1, 3, 0, 0, 23, -2, 3, 6, 12, 0, 0, 0, 13, 7, 9, 6, 0, 0, 12, 3, 3, 6, 4, 0, 0, 16]}