{"dates": ["6/24/21", "6/25/21", "6/26/21", "6/27/21", "6/28/21", "6/29/21", "6/30/21", "7/1/21", "7/2/21", "7/3/21", "7/4/21", "7/5/21", "7/6/21", "7/7/21", "7/8/21", "7/9/21", "7/10/21", "7/11/21", "7/12/21", "7/13/21", "7/14/21", "7/15/21"], "max_14": 122, "max": 3662, "value": [16.0, 15.785714285714286, 18.857142857142858, 24.0, 25.714285714285715, 28.071428571428573, 30.571428571428573, 30.571428571428573, 30.571428571428573, 27.357142857142858, 20.642857142857142, 15.5, 9.857142857142858, 3.5714285714285716, 1.2857142857142858, 1.2857142857142858, 8.357142857142858, 15.285714285714286, 15.142857142857142, 15.357142857142858, 15.857142857142858, 16.142857142857142, 16.142857142857142, 8.928571428571429], "time": ["6/21/21", "6/22/21", "6/23/21", "6/24/21", "6/25/21", "6/26/21", "6/27/21", "6/28/21", "6/29/21", "6/30/21", "7/1/21", "7/2/21", "7/3/21", "7/4/21", "7/5/21", "7/6/21", "7/7/21", "7/8/21", "7/9/21", "7/10/21", "7/11/21", "7/12/21", "7/13/21", "7/14/21", "7/15/21", "7/16/21", "7/17/21", "7/18/21", "7/19/21"], "original_values": [3, 1, 24, 29, 23, 32, 0, 0, 47, 50, 27, 58, 32, 0, 0, 2, 1, 4, 2, 0, 0, 0, 101, -1, 4, 5, 4, 0, 0]}