{"dates": ["6/24/21", "6/25/21", "6/26/21", "6/27/21", "6/28/21", "6/29/21", "6/30/21", "7/1/21", "7/2/21", "7/3/21", "7/4/21", "7/5/21", "7/6/21", "7/7/21", "7/8/21", "7/9/21", "7/10/21", "7/11/21", "7/12/21", "7/13/21", "7/14/21", "7/15/21"], "max_14": 196, "max": 10518, "value": [1.7142857142857142, 1.5714285714285714, 1.4285714285714286, 1.6428571428571428, 1.8571428571428572, 2.142857142857143, 2.4285714285714284, 2.4285714285714284, 2.0, 1.5714285714285714, 3.357142857142857, 5.142857142857143, 5.785714285714286, 7.071428571428571, 7.714285714285714, 9.071428571428571, 10.428571428571429, 10.785714285714286, 12.285714285714286, 13.714285714285714, 14.642857142857142, 16.642857142857142, 17.785714285714285, 17.571428571428573], "time": ["6/21/21", "6/22/21", "6/23/21", "6/24/21", "6/25/21", "6/26/21", "6/27/21", "6/28/21", "6/29/21", "6/30/21", "7/1/21", "7/2/21", "7/3/21", "7/4/21", "7/5/21", "7/6/21", "7/7/21", "7/8/21", "7/9/21", "7/10/21", "7/11/21", "7/12/21", "7/13/21", "7/14/21", "7/15/21", "7/16/21", "7/17/21", "7/18/21", "7/19/21"], "original_values": [8, 0, 1, 0, 3, 0, 0, 6, 0, 4, 0, 7, 0, 0, 0, 0, 29, 0, 16, 9, 0, 19, 0, 34, 16, 20, 18, 19, 16]}