{"dates": ["6/24/21", "6/25/21", "6/26/21", "6/27/21", "6/28/21", "6/29/21", "6/30/21", "7/1/21", "7/2/21", "7/3/21", "7/4/21", "7/5/21", "7/6/21", "7/7/21", "7/8/21", "7/9/21", "7/10/21", "7/11/21", "7/12/21", "7/13/21", "7/14/21", "7/15/21"], "max_14": 715, "max": 13497, "value": [15.0, 18.928571428571427, 23.0, 25.0, 28.5, 30.0, 29.857142857142858, 29.857142857142858, 30.642857142857142, 30.357142857142858, 30.0, 32.142857142857146, 35.714285714285715, 37.857142857142854, 37.857142857142854, 40.857142857142854, 49.0, 53.0, 50.857142857142854, 52.785714285714285, 55.714285714285715, 55.714285714285715, 57.0, 52.42857142857143], "time": ["6/21/21", "6/22/21", "6/23/21", "6/24/21", "6/25/21", "6/26/21", "6/27/21", "6/28/21", "6/29/21", "6/30/21", "7/1/21", "7/2/21", "7/3/21", "7/4/21", "7/5/21", "7/6/21", "7/7/21", "7/8/21", "7/9/21", "7/10/21", "7/11/21", "7/12/21", "7/13/21", "7/14/21", "7/15/21", "7/16/21", "7/17/21", "7/18/21", "7/19/21"], "original_values": [4, 23, 35, 21, 22, 0, 0, 59, 25, 61, 44, 20, 0, 0, 70, 10, 71, 64, 50, 0, 0, 112, 82, 55, 50, 91, 0, 0, 130]}