{"dates": ["6/24/21", "6/25/21", "6/26/21", "6/27/21", "6/28/21", "6/29/21", "6/30/21", "7/1/21", "7/2/21", "7/3/21", "7/4/21", "7/5/21", "7/6/21", "7/7/21", "7/8/21", "7/9/21", "7/10/21", "7/11/21", "7/12/21", "7/13/21", "7/14/21", "7/15/21"], "max_14": 207, "max": 19372, "value": [6.142857142857143, 6.214285714285714, 6.357142857142857, 6.285714285714286, 6.142857142857143, 5.071428571428571, 4.0, 4.0, 3.2857142857142856, 5.285714285714286, 8.142857142857142, 8.714285714285714, 9.428571428571429, 9.714285714285714, 9.714285714285714, 13.857142857142858, 15.785714285714286, 14.071428571428571, 14.142857142857142, 13.857142857142858, 14.0, 14.0, 12.785714285714286, 10.928571428571429], "time": ["6/21/21", "6/22/21", "6/23/21", "6/24/21", "6/25/21", "6/26/21", "6/27/21", "6/28/21", "6/29/21", "6/30/21", "7/1/21", "7/2/21", "7/3/21", "7/4/21", "7/5/21", "7/6/21", "7/7/21", "7/8/21", "7/9/21", "7/10/21", "7/11/21", "7/12/21", "7/13/21", "7/14/21", "7/15/21", "7/16/21", "7/17/21", "7/18/21", "7/19/21"], "original_values": [9, 1, 8, 5, 20, 0, 0, 10, 2, 6, 5, 5, 0, 0, 0, 40, 8, 11, 9, 0, 0, 58, 9, 15, 5, 11, 0, 0, 41]}