{"dates": ["6/24/21", "6/25/21", "6/26/21", "6/27/21", "6/28/21", "6/29/21", "6/30/21", "7/1/21", "7/2/21", "7/3/21", "7/4/21", "7/5/21", "7/6/21", "7/7/21", "7/8/21", "7/9/21", "7/10/21", "7/11/21", "7/12/21", "7/13/21", "7/14/21", "7/15/21"], "max_14": 163, "max": 1943, "value": [5.357142857142857, 5.642857142857143, 5.428571428571429, 5.357142857142857, 5.357142857142857, 5.428571428571429, 4.857142857142857, 4.285714285714286, 4.857142857142857, 5.214285714285714, 5.142857142857143, 5.428571428571429, 6.428571428571429, 8.428571428571429, 9.642857142857142, 9.071428571428571, 9.928571428571429, 12.642857142857142, 13.857142857142858, 13.857142857142858, 13.571428571428571, 13.642857142857142, 14.428571428571429, 13.142857142857142], "time": ["6/21/21", "6/22/21", "6/23/21", "6/24/21", "6/25/21", "6/26/21", "6/27/21", "6/28/21", "6/29/21", "6/30/21", "7/1/21", "7/2/21", "7/3/21", "7/4/21", "7/5/21", "7/6/21", "7/7/21", "7/8/21", "7/9/21", "7/10/21", "7/11/21", "7/12/21", "7/13/21", "7/14/21", "7/15/21", "7/16/21", "7/17/21", "7/18/21", "7/19/21"], "original_values": [2, 6, 3, 8, 7, 9, 5, 1, 4, 4, 7, 9, -1, 7, 7, 3, 4, 11, 19, 17, 6, 0, 22, 23, 9, 21, 11, 13, 4]}