{"dates": ["6/24/21", "6/25/21", "6/26/21", "6/27/21", "6/28/21", "6/29/21", "6/30/21", "7/1/21", "7/2/21", "7/3/21", "7/4/21", "7/5/21", "7/6/21", "7/7/21", "7/8/21", "7/9/21", "7/10/21", "7/11/21", "7/12/21", "7/13/21", "7/14/21", "7/15/21"], "max_14": 141, "max": 49379, "value": [4.0, 3.9285714285714284, 3.5714285714285716, 3.2857142857142856, 3.0714285714285716, 2.642857142857143, 2.4285714285714284, 2.4285714285714284, 2.5714285714285716, 2.357142857142857, 3.0, 4.785714285714286, 5.928571428571429, 6.285714285714286, 6.285714285714286, 6.642857142857143, 9.214285714285714, 11.142857142857142, 10.857142857142858, 11.571428571428571, 12.285714285714286, 12.285714285714286, 12.714285714285714, 10.928571428571429], "time": ["6/21/21", "6/22/21", "6/23/21", "6/24/21", "6/25/21", "6/26/21", "6/27/21", "6/28/21", "6/29/21", "6/30/21", "7/1/21", "7/2/21", "7/3/21", "7/4/21", "7/5/21", "7/6/21", "7/7/21", "7/8/21", "7/9/21", "7/10/21", "7/11/21", "7/12/21", "7/13/21", "7/14/21", "7/15/21", "7/16/21", "7/17/21", "7/18/21", "7/19/21"], "original_values": [3, 9, 2, 7, 7, 0, 0, 2, 5, 2, 4, 4, 0, 0, 4, 0, 16, 15, 9, 0, 0, 9, 31, 12, 15, 19, 0, 0, 15]}