{"dates": ["6/24/21", "6/25/21", "6/26/21", "6/27/21", "6/28/21", "6/29/21", "6/30/21", "7/1/21", "7/2/21", "7/3/21", "7/4/21", "7/5/21", "7/6/21", "7/7/21", "7/8/21", "7/9/21", "7/10/21", "7/11/21", "7/12/21", "7/13/21", "7/14/21", "7/15/21"], "max_14": 81, "max": 2551, "value": [4.142857142857143, 4.428571428571429, 4.142857142857143, 3.357142857142857, 3.357142857142857, 3.142857142857143, 2.7142857142857144, 2.7142857142857144, 3.5, 4.214285714285714, 4.214285714285714, 4.714285714285714, 5.5, 5.857142857142857, 5.857142857142857, 5.571428571428571, 5.785714285714286, 7.071428571428571, 7.214285714285714, 7.285714285714286, 8.0, 8.0, 7.142857142857143, 5.785714285714286], "time": ["6/21/21", "6/22/21", "6/23/21", "6/24/21", "6/25/21", "6/26/21", "6/27/21", "6/28/21", "6/29/21", "6/30/21", "7/1/21", "7/2/21", "7/3/21", "7/4/21", "7/5/21", "7/6/21", "7/7/21", "7/8/21", "7/9/21", "7/10/21", "7/11/21", "7/12/21", "7/13/21", "7/14/21", "7/15/21", "7/16/21", "7/17/21", "7/18/21", "7/19/21"], "original_values": [2, 9, 7, 3, 8, 0, 0, 6, 1, 4, 6, 2, 0, 0, 17, 0, 5, 12, 7, 0, 0, 13, 7, 16, 3, 17, 0, 0, 1]}