{"dates": ["6/24/21", "6/25/21", "6/26/21", "6/27/21", "6/28/21", "6/29/21", "6/30/21", "7/1/21", "7/2/21", "7/3/21", "7/4/21", "7/5/21", "7/6/21", "7/7/21", "7/8/21", "7/9/21", "7/10/21", "7/11/21", "7/12/21", "7/13/21", "7/14/21", "7/15/21"], "max_14": 666, "max": 75170, "value": [27.357142857142858, 29.5, 29.0, 30.285714285714285, 30.571428571428573, 30.857142857142858, 31.714285714285715, 30.214285714285715, 29.571428571428573, 29.357142857142858, 28.0, 27.071428571428573, 32.57142857142857, 39.5, 41.57142857142857, 43.785714285714285, 49.214285714285715, 52.785714285714285, 53.5, 48.857142857142854, 43.642857142857146, 47.42857142857143, 50.285714285714285, 44.857142857142854], "time": ["6/21/21", "6/22/21", "6/23/21", "6/24/21", "6/25/21", "6/26/21", "6/27/21", "6/28/21", "6/29/21", "6/30/21", "7/1/21", "7/2/21", "7/3/21", "7/4/21", "7/5/21", "7/6/21", "7/7/21", "7/8/21", "7/9/21", "7/10/21", "7/11/21", "7/12/21", "7/13/21", "7/14/21", "7/15/21", "7/16/21", "7/17/21", "7/18/21", "7/19/21"], "original_values": [10, 24, 28, 45, 31, 38, 31, 9, 18, 52, 25, 55, 26, 22, 9, 15, 36, 28, 129, 49, 28, 34, 66, 35, 39, 53, 52, 78, 24]}