{"dates": ["6/24/21", "6/25/21", "6/26/21", "6/27/21", "6/28/21", "6/29/21", "6/30/21", "7/1/21", "7/2/21", "7/3/21", "7/4/21", "7/5/21", "7/6/21", "7/7/21", "7/8/21", "7/9/21", "7/10/21", "7/11/21", "7/12/21", "7/13/21", "7/14/21", "7/15/21"], "max_14": 60, "max": 2361, "value": [1.1428571428571428, 1.0, 0.8571428571428571, 0.7857142857142857, 1.0, 1.3571428571428572, 1.4285714285714286, 1.4285714285714286, 1.7142857142857142, 2.0714285714285716, 2.642857142857143, 3.0, 2.9285714285714284, 3.0, 3.0, 2.7857142857142856, 2.9285714285714284, 3.142857142857143, 3.357142857142857, 3.9285714285714284, 4.142857142857143, 4.142857142857143, 5.071428571428571, 5.5], "time": ["6/21/21", "6/22/21", "6/23/21", "6/24/21", "6/25/21", "6/26/21", "6/27/21", "6/28/21", "6/29/21", "6/30/21", "7/1/21", "7/2/21", "7/3/21", "7/4/21", "7/5/21", "7/6/21", "7/7/21", "7/8/21", "7/9/21", "7/10/21", "7/11/21", "7/12/21", "7/13/21", "7/14/21", "7/15/21", "7/16/21", "7/17/21", "7/18/21", "7/19/21"], "original_values": [3, 1, 2, 0, 2, 0, 0, 1, 1, 1, 4, 3, 0, 0, 5, 2, 8, 2, 4, 0, 0, 2, 7, 6, 7, 7, 0, 0, 15]}