{"dates": ["6/24/21", "6/25/21", "6/26/21", "6/27/21", "6/28/21", "6/29/21", "6/30/21", "7/1/21", "7/2/21", "7/3/21", "7/4/21", "7/5/21", "7/6/21", "7/7/21", "7/8/21", "7/9/21", "7/10/21", "7/11/21", "7/12/21", "7/13/21", "7/14/21", "7/15/21"], "max_14": 133, "max": 3823, "value": [2.5714285714285716, 2.642857142857143, 2.5, 2.357142857142857, 1.8571428571428572, 1.7142857142857142, 2.0, 2.0714285714285716, 2.2142857142857144, 2.2857142857142856, 2.2142857142857144, 2.357142857142857, 3.7142857142857144, 5.285714285714286, 5.785714285714286, 5.785714285714286, 7.142857142857143, 10.071428571428571, 12.714285714285714, 13.714285714285714, 13.285714285714286, 13.071428571428571, 13.214285714285714, 11.642857142857142], "time": ["6/21/21", "6/22/21", "6/23/21", "6/24/21", "6/25/21", "6/26/21", "6/27/21", "6/28/21", "6/29/21", "6/30/21", "7/1/21", "7/2/21", "7/3/21", "7/4/21", "7/5/21", "7/6/21", "7/7/21", "7/8/21", "7/9/21", "7/10/21", "7/11/21", "7/12/21", "7/13/21", "7/14/21", "7/15/21", "7/16/21", "7/17/21", "7/18/21", "7/19/21"], "original_values": [1, 4, 2, 7, 2, 1, 2, 0, 3, 1, 1, 6, 1, 3, 1, 3, 0, 4, 22, 7, 4, 0, 23, 21, 20, 20, 3, 5, 1]}