{"dates": ["6/24/21", "6/25/21", "6/26/21", "6/27/21", "6/28/21", "6/29/21", "6/30/21", "7/1/21", "7/2/21", "7/3/21", "7/4/21", "7/5/21", "7/6/21", "7/7/21", "7/8/21", "7/9/21", "7/10/21", "7/11/21", "7/12/21", "7/13/21", "7/14/21", "7/15/21"], "max_14": 2295, "max": 43941, "value": [39.857142857142854, 52.57142857142857, 65.92857142857143, 71.35714285714286, 80.5, 86.78571428571429, 88.71428571428571, 88.71428571428571, 91.28571428571429, 92.28571428571429, 91.85714285714286, 97.14285714285714, 108.14285714285714, 115.0, 115.0, 131.57142857142858, 159.35714285714286, 176.42857142857142, 180.07142857142858, 179.78571428571428, 181.71428571428572, 181.71428571428572, 180.71428571428572, 164.42857142857142], "time": ["6/21/21", "6/22/21", "6/23/21", "6/24/21", "6/25/21", "6/26/21", "6/27/21", "6/28/21", "6/29/21", "6/30/21", "7/1/21", "7/2/21", "7/3/21", "7/4/21", "7/5/21", "7/6/21", "7/7/21", "7/8/21", "7/9/21", "7/10/21", "7/11/21", "7/12/21", "7/13/21", "7/14/21", "7/15/21", "7/16/21", "7/17/21", "7/18/21", "7/19/21"], "original_values": [16, 70, 60, 56, 77, 0, 0, 194, 79, 127, 117, 104, 0, 0, 230, 57, 143, 175, 200, 0, 0, 462, 214, 225, 144, 227, 0, 0, 448]}