{"dates": ["6/24/21", "6/25/21", "6/26/21", "6/27/21", "6/28/21", "6/29/21", "6/30/21", "7/1/21", "7/2/21", "7/3/21", "7/4/21", "7/5/21", "7/6/21", "7/7/21", "7/8/21", "7/9/21", "7/10/21", "7/11/21", "7/12/21", "7/13/21", "7/14/21", "7/15/21"], "max_14": 433, "max": 13198, "value": [5.428571428571429, 5.714285714285714, 6.214285714285714, 6.857142857142857, 7.5, 8.214285714285714, 8.714285714285714, 8.714285714285714, 7.571428571428571, 8.285714285714286, 10.714285714285714, 12.357142857142858, 16.0, 18.571428571428573, 18.571428571428573, 22.285714285714285, 25.5, 26.714285714285715, 29.857142857142858, 31.785714285714285, 32.285714285714285, 32.285714285714285, 34.07142857142857, 34.07142857142857], "time": ["6/21/21", "6/22/21", "6/23/21", "6/24/21", "6/25/21", "6/26/21", "6/27/21", "6/28/21", "6/29/21", "6/30/21", "7/1/21", "7/2/21", "7/3/21", "7/4/21", "7/5/21", "7/6/21", "7/7/21", "7/8/21", "7/9/21", "7/10/21", "7/11/21", "7/12/21", "7/13/21", "7/14/21", "7/15/21", "7/16/21", "7/17/21", "7/18/21", "7/19/21"], "original_values": [12, 3, 16, 6, 1, 0, 0, 16, 6, 22, 9, 8, 0, 0, 0, 32, 30, 24, 44, 0, 0, 52, 25, 54, 44, 51, 0, 0, 77]}