{"dates": ["6/24/21", "6/25/21", "6/26/21", "6/27/21", "6/28/21", "6/29/21", "6/30/21", "7/1/21", "7/2/21", "7/3/21", "7/4/21", "7/5/21", "7/6/21", "7/7/21", "7/8/21", "7/9/21", "7/10/21", "7/11/21", "7/12/21", "7/13/21", "7/14/21", "7/15/21"], "max_14": 230, "max": 69463, "value": [9.142857142857142, 10.285714285714286, 10.714285714285714, 10.428571428571429, 10.642857142857142, 11.142857142857142, 11.571428571428571, 12.428571428571429, 12.785714285714286, 12.5, 13.142857142857142, 13.642857142857142, 13.428571428571429, 13.642857142857142, 13.642857142857142, 13.214285714285714, 13.428571428571429, 13.142857142857142, 14.071428571428571, 15.714285714285714, 15.928571428571429, 17.5, 19.357142857142858, 18.928571428571427], "time": ["6/21/21", "6/22/21", "6/23/21", "6/24/21", "6/25/21", "6/26/21", "6/27/21", "6/28/21", "6/29/21", "6/30/21", "7/1/21", "7/2/21", "7/3/21", "7/4/21", "7/5/21", "7/6/21", "7/7/21", "7/8/21", "7/9/21", "7/10/21", "7/11/21", "7/12/21", "7/13/21", "7/14/21", "7/15/21", "7/16/21", "7/17/21", "7/18/21", "7/19/21"], "original_values": [6, 10, 11, 12, 14, 8, 6, 16, 6, 11, 15, 18, 10, 16, 11, 7, 19, 14, 16, 15, 11, 10, 11, 11, 35, 18, 16, 32, 15]}