{"dates": ["6/24/21", "6/25/21", "6/26/21", "6/27/21", "6/28/21", "6/29/21", "6/30/21", "7/1/21", "7/2/21", "7/3/21", "7/4/21", "7/5/21", "7/6/21", "7/7/21", "7/8/21", "7/9/21", "7/10/21", "7/11/21", "7/12/21", "7/13/21", "7/14/21", "7/15/21"], "max_14": 127, "max": 22717, "value": [2.5714285714285716, 3.2857142857142856, 3.9285714285714284, 4.214285714285714, 4.642857142857143, 4.642857142857143, 4.571428571428571, 4.571428571428571, 3.5, 3.142857142857143, 4.428571428571429, 4.857142857142857, 4.857142857142857, 5.0, 5.0, 5.071428571428571, 6.0, 6.571428571428571, 6.5, 6.928571428571429, 7.142857142857143, 7.142857142857143, 10.071428571428571, 11.5], "time": ["6/21/21", "6/22/21", "6/23/21", "6/24/21", "6/25/21", "6/26/21", "6/27/21", "6/28/21", "6/29/21", "6/30/21", "7/1/21", "7/2/21", "7/3/21", "7/4/21", "7/5/21", "7/6/21", "7/7/21", "7/8/21", "7/9/21", "7/10/21", "7/11/21", "7/12/21", "7/13/21", "7/14/21", "7/15/21", "7/16/21", "7/17/21", "7/18/21", "7/19/21"], "original_values": [5, 0, 1, 8, 4, 0, 0, 15, -1, 6, 9, 3, 0, 0, 0, 9, 14, 7, 5, 0, 0, 1, 21, 10, 10, 8, 0, 0, 42]}