{"dates": ["6/24/21", "6/25/21", "6/26/21", "6/27/21", "6/28/21", "6/29/21", "6/30/21", "7/1/21", "7/2/21", "7/3/21", "7/4/21", "7/5/21", "7/6/21", "7/7/21", "7/8/21", "7/9/21", "7/10/21", "7/11/21", "7/12/21", "7/13/21", "7/14/21", "7/15/21"], "max_14": 53, "max": 869, "value": [0.2857142857142857, 0.2857142857142857, 1.1428571428571428, 2.357142857142857, 2.7142857142857144, 3.0714285714285716, 3.4285714285714284, 3.4285714285714284, 5.0, 5.785714285714286, 5.357142857142857, 6.0, 6.714285714285714, 7.142857142857143, 7.142857142857143, 6.0, 5.0, 4.571428571428571, 4.142857142857143, 3.5714285714285716, 2.857142857142857, 2.857142857142857, 2.7857142857142856, 2.4285714285714284], "time": ["6/21/21", "6/22/21", "6/23/21", "6/24/21", "6/25/21", "6/26/21", "6/27/21", "6/28/21", "6/29/21", "6/30/21", "7/1/21", "7/2/21", "7/3/21", "7/4/21", "7/5/21", "7/6/21", "7/7/21", "7/8/21", "7/9/21", "7/10/21", "7/11/21", "7/12/21", "7/13/21", "7/14/21", "7/15/21", "7/16/21", "7/17/21", "7/18/21", "7/19/21"], "original_values": [0, 1, 0, 0, 1, 0, 0, 0, 13, 5, 0, 6, 0, 0, 22, 2, 10, 4, 12, 0, 0, 6, 4, 2, 6, 2, 0, 0, 5]}