{"dates": ["6/24/21", "6/25/21", "6/26/21", "6/27/21", "6/28/21", "6/29/21", "6/30/21", "7/1/21", "7/2/21", "7/3/21", "7/4/21", "7/5/21", "7/6/21", "7/7/21", "7/8/21", "7/9/21", "7/10/21", "7/11/21", "7/12/21", "7/13/21", "7/14/21", "7/15/21"], "max_14": 7, "max": 2032, "value": [14.285714285714286, 14.214285714285714, 16.714285714285715, 20.357142857142858, 22.857142857142858, 24.785714285714285, 25.0, 24.714285714285715, 24.714285714285715, 22.142857142857142, 17.071428571428573, 12.5, 7.571428571428571, 2.5714285714285716, 0.42857142857142855, 0.42857142857142855, 0.42857142857142855, 0.35714285714285715, 0.35714285714285715, 0.42857142857142855, 0.5, 0.5714285714285714, 0.5714285714285714, 0.5], "time": ["6/21/21", "6/22/21", "6/23/21", "6/24/21", "6/25/21", "6/26/21", "6/27/21", "6/28/21", "6/29/21", "6/30/21", "7/1/21", "7/2/21", "7/3/21", "7/4/21", "7/5/21", "7/6/21", "7/7/21", "7/8/21", "7/9/21", "7/10/21", "7/11/21", "7/12/21", "7/13/21", "7/14/21", "7/15/21", "7/16/21", "7/17/21", "7/18/21", "7/19/21"], "original_values": [1, 1, 21, 9, 33, 35, 0, 0, 37, 36, 29, 40, 31, 0, 0, 1, 1, 0, 0, 1, 0, 0, 1, 0, 1, 0, 2, 0, 0]}