{"dates": ["6/24/21", "6/25/21", "6/26/21", "6/27/21", "6/28/21", "6/29/21", "6/30/21", "7/1/21", "7/2/21", "7/3/21", "7/4/21", "7/5/21", "7/6/21", "7/7/21", "7/8/21", "7/9/21", "7/10/21", "7/11/21", "7/12/21", "7/13/21", "7/14/21", "7/15/21"], "max_14": 470, "max": 8950, "value": [6.714285714285714, 8.785714285714286, 11.214285714285714, 12.642857142857142, 13.857142857142858, 14.857142857142858, 15.714285714285714, 15.714285714285714, 17.571428571428573, 18.642857142857142, 20.428571428571427, 24.142857142857142, 28.428571428571427, 31.571428571428573, 31.571428571428573, 32.92857142857143, 36.0, 35.57142857142857, 34.5, 35.142857142857146, 34.714285714285715, 34.714285714285715, 33.785714285714285, 30.357142857142858], "time": ["6/21/21", "6/22/21", "6/23/21", "6/24/21", "6/25/21", "6/26/21", "6/27/21", "6/28/21", "6/29/21", "6/30/21", "7/1/21", "7/2/21", "7/3/21", "7/4/21", "7/5/21", "7/6/21", "7/7/21", "7/8/21", "7/9/21", "7/10/21", "7/11/21", "7/12/21", "7/13/21", "7/14/21", "7/15/21", "7/16/21", "7/17/21", "7/18/21", "7/19/21"], "original_values": [3, 17, 10, 14, 3, 0, 0, 32, 22, 25, 16, 15, 0, 0, 58, 11, 61, 32, 59, 0, 0, 77, 35, 31, 47, 53, 0, 0, 64]}