{"dates": ["6/24/21", "6/25/21", "6/26/21", "6/27/21", "6/28/21", "6/29/21", "6/30/21", "7/1/21", "7/2/21", "7/3/21", "7/4/21", "7/5/21", "7/6/21", "7/7/21", "7/8/21", "7/9/21", "7/10/21", "7/11/21", "7/12/21", "7/13/21", "7/14/21", "7/15/21"], "max_14": 34, "max": 6661, "value": [3.5714285714285716, 3.357142857142857, 2.9285714285714284, 2.7857142857142856, 2.642857142857143, 2.142857142857143, 1.8571428571428572, 1.8571428571428572, 1.6428571428571428, 1.0714285714285714, 1.2857142857142858, 1.9285714285714286, 2.0714285714285716, 2.142857142857143, 2.142857142857143, 2.2142857142857144, 2.5, 2.0714285714285716, 1.5714285714285714, 1.9285714285714286, 2.142857142857143, 2.142857142857143, 2.357142857142857, 2.2142857142857144], "time": ["6/21/21", "6/22/21", "6/23/21", "6/24/21", "6/25/21", "6/26/21", "6/27/21", "6/28/21", "6/29/21", "6/30/21", "7/1/21", "7/2/21", "7/3/21", "7/4/21", "7/5/21", "7/6/21", "7/7/21", "7/8/21", "7/9/21", "7/10/21", "7/11/21", "7/12/21", "7/13/21", "7/14/21", "7/15/21", "7/16/21", "7/17/21", "7/18/21", "7/19/21"], "original_values": [6, 10, 1, 3, 5, 0, 0, 3, 7, 2, 0, 1, 0, 0, 0, 2, 10, 1, 2, 0, 0, 1, 5, 1, 3, 5, 0, 0, 4]}