{"dates": ["6/24/21", "6/25/21", "6/26/21", "6/27/21", "6/28/21", "6/29/21", "6/30/21", "7/1/21", "7/2/21", "7/3/21", "7/4/21", "7/5/21", "7/6/21", "7/7/21", "7/8/21", "7/9/21", "7/10/21", "7/11/21", "7/12/21", "7/13/21", "7/14/21", "7/15/21"], "max_14": 166, "max": 33636, "value": [7.571428571428571, 8.071428571428571, 8.5, 8.285714285714286, 7.642857142857143, 7.571428571428571, 8.928571428571429, 9.857142857142858, 10.0, 9.857142857142858, 9.928571428571429, 10.714285714285714, 10.428571428571429, 9.714285714285714, 10.0, 10.428571428571429, 10.571428571428571, 11.214285714285714, 11.5, 12.071428571428571, 12.357142857142858, 12.214285714285714, 12.928571428571429, 12.857142857142858], "time": ["6/21/21", "6/22/21", "6/23/21", "6/24/21", "6/25/21", "6/26/21", "6/27/21", "6/28/21", "6/29/21", "6/30/21", "7/1/21", "7/2/21", "7/3/21", "7/4/21", "7/5/21", "7/6/21", "7/7/21", "7/8/21", "7/9/21", "7/10/21", "7/11/21", "7/12/21", "7/13/21", "7/14/21", "7/15/21", "7/16/21", "7/17/21", "7/18/21", "7/19/21"], "original_values": [1, 9, 7, 15, 12, 6, 6, 2, 14, -1, 14, 12, 25, 0, 10, 4, 10, 14, 8, 19, 10, 6, 10, 13, 15, 15, 16, 11, 15]}