{"dates": ["6/24/21", "6/25/21", "6/26/21", "6/27/21", "6/28/21", "6/29/21", "6/30/21", "7/1/21", "7/2/21", "7/3/21", "7/4/21", "7/5/21", "7/6/21", "7/7/21", "7/8/21", "7/9/21", "7/10/21", "7/11/21", "7/12/21", "7/13/21", "7/14/21", "7/15/21"], "max_14": 274, "max": 16575, "value": [11.285714285714286, 11.285714285714286, 12.357142857142858, 14.714285714285714, 15.5, 15.142857142857142, 16.428571428571427, 17.571428571428573, 17.571428571428573, 17.071428571428573, 15.857142857142858, 15.0, 14.357142857142858, 12.5, 11.142857142857142, 11.142857142857142, 14.285714285714286, 17.0, 19.5, 22.5, 25.285714285714285, 28.0, 28.0, 22.714285714285715], "time": ["6/21/21", "6/22/21", "6/23/21", "6/24/21", "6/25/21", "6/26/21", "6/27/21", "6/28/21", "6/29/21", "6/30/21", "7/1/21", "7/2/21", "7/3/21", "7/4/21", "7/5/21", "7/6/21", "7/7/21", "7/8/21", "7/9/21", "7/10/21", "7/11/21", "7/12/21", "7/13/21", "7/14/21", "7/15/21", "7/16/21", "7/17/21", "7/18/21", "7/19/21"], "original_values": [0, 22, 2, 24, 14, 17, 0, 0, 37, 20, 17, 16, 33, 0, 0, 30, 10, 15, 9, 14, 0, 0, 74, 4, 56, 10, 52, 0, 0]}