{"dates": ["6/24/21", "6/25/21", "6/26/21", "6/27/21", "6/28/21", "6/29/21", "6/30/21", "7/1/21", "7/2/21", "7/3/21", "7/4/21", "7/5/21", "7/6/21", "7/7/21", "7/8/21", "7/9/21", "7/10/21", "7/11/21", "7/12/21", "7/13/21", "7/14/21", "7/15/21"], "max_14": 122, "max": 6828, "value": [5.571428571428571, 5.571428571428571, 5.571428571428571, 2.7857142857142856, 1.7142857142857142, 3.4285714285714284, 3.4285714285714284, 3.4285714285714284, 3.4285714285714284, 3.4285714285714284, 3.4285714285714284, 3.142857142857143, 2.857142857142857, 2.857142857142857, 2.857142857142857, 2.857142857142857, 2.857142857142857, 10.142857142857142, 16.0, 14.571428571428571, 14.571428571428571, 14.571428571428571, 14.571428571428571, 14.571428571428571], "time": ["6/21/21", "6/22/21", "6/23/21", "6/24/21", "6/25/21", "6/26/21", "6/27/21", "6/28/21", "6/29/21", "6/30/21", "7/1/21", "7/2/21", "7/3/21", "7/4/21", "7/5/21", "7/6/21", "7/7/21", "7/8/21", "7/9/21", "7/10/21", "7/11/21", "7/12/21", "7/13/21", "7/14/21", "7/15/21", "7/16/21", "7/17/21", "7/18/21", "7/19/21"], "original_values": [0, 0, 39, 0, 0, 0, 0, 0, 0, 0, 24, 0, 0, 0, 0, 0, 0, 20, 0, 0, 0, 0, 0, 102, 0, 0, 0, 0, 0]}