{"dates": ["6/24/21", "6/25/21", "6/26/21", "6/27/21", "6/28/21", "6/29/21", "6/30/21", "7/1/21", "7/2/21", "7/3/21", "7/4/21", "7/5/21", "7/6/21", "7/7/21", "7/8/21", "7/9/21", "7/10/21", "7/11/21", "7/12/21", "7/13/21", "7/14/21", "7/15/21"], "max_14": 339, "max": 49081, "value": [20.571428571428573, 22.0, 25.214285714285715, 24.857142857142858, 20.071428571428573, 17.0, 16.571428571428573, 16.571428571428573, 12.785714285714286, 11.0, 12.142857142857142, 12.0, 10.5, 8.285714285714286, 8.285714285714286, 12.5, 14.214285714285714, 13.642857142857142, 17.285714285714285, 22.5, 26.0, 26.0, 28.857142857142858, 30.571428571428573], "time": ["6/21/21", "6/22/21", "6/23/21", "6/24/21", "6/25/21", "6/26/21", "6/27/21", "6/28/21", "6/29/21", "6/30/21", "7/1/21", "7/2/21", "7/3/21", "7/4/21", "7/5/21", "7/6/21", "7/7/21", "7/8/21", "7/9/21", "7/10/21", "7/11/21", "7/12/21", "7/13/21", "7/14/21", "7/15/21", "7/16/21", "7/17/21", "7/18/21", "7/19/21"], "original_values": [33, -2, 48, 39, 26, 0, 0, 53, 23, 18, 2, 20, 0, 0, 0, 51, 6, 12, -11, 0, 0, 59, 16, 33, 36, 38, 0, 0, 99]}