{"dates": ["6/24/21", "6/25/21", "6/26/21", "6/27/21", "6/28/21", "6/29/21", "6/30/21", "7/1/21", "7/2/21", "7/3/21", "7/4/21", "7/5/21", "7/6/21", "7/7/21", "7/8/21", "7/9/21", "7/10/21", "7/11/21", "7/12/21", "7/13/21", "7/14/21", "7/15/21"], "max_14": 637, "max": 76147, "value": [24.857142857142858, 27.0, 27.142857142857142, 29.428571428571427, 31.357142857142858, 32.42857142857143, 32.857142857142854, 31.857142857142858, 30.785714285714285, 29.928571428571427, 27.928571428571427, 26.0, 25.714285714285715, 27.214285714285715, 32.357142857142854, 37.714285714285715, 39.642857142857146, 42.142857142857146, 44.857142857142854, 44.57142857142857, 47.5, 50.214285714285715, 50.42857142857143, 49.714285714285715], "time": ["6/21/21", "6/22/21", "6/23/21", "6/24/21", "6/25/21", "6/26/21", "6/27/21", "6/28/21", "6/29/21", "6/30/21", "7/1/21", "7/2/21", "7/3/21", "7/4/21", "7/5/21", "7/6/21", "7/7/21", "7/8/21", "7/9/21", "7/10/21", "7/11/21", "7/12/21", "7/13/21", "7/14/21", "7/15/21", "7/16/21", "7/17/21", "7/18/21", "7/19/21"], "original_values": [33, 20, 14, 37, 26, 26, 36, 27, 28, 38, 40, 38, 20, 28, 20, 23, 15, 36, 38, 41, 79, 44, 26, 47, 42, 28, 92, 66, 60]}