{"dates": ["6/24/21", "6/25/21", "6/26/21", "6/27/21", "6/28/21", "6/29/21", "6/30/21", "7/1/21", "7/2/21", "7/3/21", "7/4/21", "7/5/21", "7/6/21", "7/7/21", "7/8/21", "7/9/21", "7/10/21", "7/11/21", "7/12/21", "7/13/21", "7/14/21", "7/15/21"], "max_14": 39, "max": 1116, "value": [1.2857142857142858, 1.0, 0.6428571428571429, 0.5714285714285714, 0.5, 0.8571428571428571, 1.2857142857142858, 1.2857142857142858, 1.2857142857142858, 1.2142857142857142, 1.3571428571428572, 1.9285714285714286, 1.8571428571428572, 1.5, 1.5714285714285714, 1.5714285714285714, 2.0, 2.4285714285714284, 2.4285714285714284, 2.7857142857142856, 3.4285714285714284, 3.857142857142857, 4.0, 3.5714285714285716], "time": ["6/21/21", "6/22/21", "6/23/21", "6/24/21", "6/25/21", "6/26/21", "6/27/21", "6/28/21", "6/29/21", "6/30/21", "7/1/21", "7/2/21", "7/3/21", "7/4/21", "7/5/21", "7/6/21", "7/7/21", "7/8/21", "7/9/21", "7/10/21", "7/11/21", "7/12/21", "7/13/21", "7/14/21", "7/15/21", "7/16/21", "7/17/21", "7/18/21", "7/19/21"], "original_values": [4, 2, 2, 1, 0, 0, 0, 0, 1, 2, 0, 6, 0, 0, 0, 0, 5, 5, 0, 1, 0, 0, 6, 5, 5, 5, 5, 2, 0]}