{"dates": ["6/24/21", "6/25/21", "6/26/21", "6/27/21", "6/28/21", "6/29/21", "6/30/21", "7/1/21", "7/2/21", "7/3/21", "7/4/21", "7/5/21", "7/6/21", "7/7/21", "7/8/21", "7/9/21", "7/10/21", "7/11/21", "7/12/21", "7/13/21", "7/14/21", "7/15/21"], "max_14": 60, "max": 2968, "value": [2.142857142857143, 1.7857142857142858, 1.5714285714285714, 1.5714285714285714, 1.6428571428571428, 1.5714285714285714, 1.2857142857142858, 1.2857142857142858, 1.0, 0.9285714285714286, 1.0714285714285714, 0.9285714285714286, 1.0714285714285714, 1.2857142857142858, 1.2857142857142858, 1.8571428571428572, 2.0, 1.9285714285714286, 2.4285714285714284, 2.857142857142857, 3.142857142857143, 3.142857142857143, 4.642857142857143, 6.214285714285714], "time": ["6/21/21", "6/22/21", "6/23/21", "6/24/21", "6/25/21", "6/26/21", "6/27/21", "6/28/21", "6/29/21", "6/30/21", "7/1/21", "7/2/21", "7/3/21", "7/4/21", "7/5/21", "7/6/21", "7/7/21", "7/8/21", "7/9/21", "7/10/21", "7/11/21", "7/12/21", "7/13/21", "7/14/21", "7/15/21", "7/16/21", "7/17/21", "7/18/21", "7/19/21"], "original_values": [9, 0, 4, -1, 3, 0, 0, 4, 2, 2, 2, -1, 0, 0, 0, 5, 1, 1, 2, 0, 0, 8, -1, 6, 3, 6, 0, 0, 29]}