{"dates": ["6/24/21", "6/25/21", "6/26/21", "6/27/21", "6/28/21", "6/29/21", "6/30/21", "7/1/21", "7/2/21", "7/3/21", "7/4/21", "7/5/21", "7/6/21", "7/7/21", "7/8/21", "7/9/21", "7/10/21", "7/11/21", "7/12/21", "7/13/21", "7/14/21", "7/15/21"], "max_14": 108, "max": 29632, "value": [2.5, 2.7142857142857144, 2.5714285714285716, 2.5714285714285716, 2.7857142857142856, 2.642857142857143, 2.5714285714285716, 2.642857142857143, 2.5, 2.642857142857143, 2.857142857142857, 3.142857142857143, 3.5714285714285716, 4.0, 4.5, 5.285714285714286, 5.785714285714286, 6.071428571428571, 6.571428571428571, 6.928571428571429, 8.071428571428571, 9.571428571428571, 9.857142857142858, 9.357142857142858], "time": ["6/21/21", "6/22/21", "6/23/21", "6/24/21", "6/25/21", "6/26/21", "6/27/21", "6/28/21", "6/29/21", "6/30/21", "7/1/21", "7/2/21", "7/3/21", "7/4/21", "7/5/21", "7/6/21", "7/7/21", "7/8/21", "7/9/21", "7/10/21", "7/11/21", "7/12/21", "7/13/21", "7/14/21", "7/15/21", "7/16/21", "7/17/21", "7/18/21", "7/19/21"], "original_values": [3, 3, 2, 1, 6, 1, 3, 3, 1, 4, 2, 3, 3, 2, 2, 4, 4, 6, 5, 7, 5, 10, 3, 9, 8, 8, 20, 13, 6]}