{"dates": ["6/24/21", "6/25/21", "6/26/21", "6/27/21", "6/28/21", "6/29/21", "6/30/21", "7/1/21", "7/2/21", "7/3/21", "7/4/21", "7/5/21", "7/6/21", "7/7/21", "7/8/21", "7/9/21", "7/10/21", "7/11/21", "7/12/21", "7/13/21", "7/14/21", "7/15/21"], "max_14": 656, "max": 166727, "value": [31.428571428571427, 32.142857142857146, 34.07142857142857, 35.642857142857146, 41.857142857142854, 50.5, 53.285714285714285, 53.285714285714285, 47.142857142857146, 45.785714285714285, 47.214285714285715, 35.0, 32.5, 38.857142857142854, 38.857142857142854, 38.857142857142854, 41.5, 44.142857142857146, 44.142857142857146, 49.5, 54.857142857142854, 54.857142857142854, 54.857142857142854, 43.57142857142857], "time": ["6/21/21", "6/22/21", "6/23/21", "6/24/21", "6/25/21", "6/26/21", "6/27/21", "6/28/21", "6/29/21", "6/30/21", "7/1/21", "7/2/21", "7/3/21", "7/4/21", "7/5/21", "7/6/21", "7/7/21", "7/8/21", "7/9/21", "7/10/21", "7/11/21", "7/12/21", "7/13/21", "7/14/21", "7/15/21", "7/16/21", "7/17/21", "7/18/21", "7/19/21"], "original_values": [76, 37, 42, 42, 23, 0, 0, 86, 54, 47, 124, 62, 0, 0, 0, 121, 0, 0, 151, 0, 0, 0, 158, 0, 0, 226, 0, 0, 0]}