{"dates": ["6/24/21", "6/25/21", "6/26/21", "6/27/21", "6/28/21", "6/29/21", "6/30/21", "7/1/21", "7/2/21", "7/3/21", "7/4/21", "7/5/21", "7/6/21", "7/7/21", "7/8/21", "7/9/21", "7/10/21", "7/11/21", "7/12/21", "7/13/21", "7/14/21", "7/15/21"], "max_14": 202, "max": 3825, "value": [1.5, 2.2142857142857144, 3.2857142857142856, 4.142857142857143, 4.642857142857143, 6.214285714285714, 7.428571428571429, 7.071428571428571, 6.357142857142857, 6.857142857142857, 8.5, 8.857142857142858, 7.357142857142857, 6.285714285714286, 6.285714285714286, 8.571428571428571, 9.785714285714286, 8.642857142857142, 9.928571428571429, 12.285714285714286, 13.285714285714286, 13.285714285714286, 15.642857142857142, 17.5], "time": ["6/21/21", "6/22/21", "6/23/21", "6/24/21", "6/25/21", "6/26/21", "6/27/21", "6/28/21", "6/29/21", "6/30/21", "7/1/21", "7/2/21", "7/3/21", "7/4/21", "7/5/21", "7/6/21", "7/7/21", "7/8/21", "7/9/21", "7/10/21", "7/11/21", "7/12/21", "7/13/21", "7/14/21", "7/15/21", "7/16/21", "7/17/21", "7/18/21", "7/19/21"], "original_values": [0, 0, 1, 2, 5, 0, 5, 5, 10, 3, 7, 22, 0, 0, 0, 22, 14, 1, 7, 0, 0, 32, 7, 13, 20, 21, 0, 0, 65]}