{"dates": ["6/24/21", "6/25/21", "6/26/21", "6/27/21", "6/28/21", "6/29/21", "6/30/21", "7/1/21", "7/2/21", "7/3/21", "7/4/21", "7/5/21", "7/6/21", "7/7/21", "7/8/21", "7/9/21", "7/10/21", "7/11/21", "7/12/21", "7/13/21", "7/14/21", "7/15/21"], "max_14": 270, "max": 4402, "value": [6.0, 6.928571428571429, 8.285714285714286, 9.285714285714286, 10.142857142857142, 11.285714285714286, 12.142857142857142, 12.142857142857142, 13.714285714285714, 14.714285714285714, 15.214285714285714, 17.642857142857142, 20.142857142857142, 21.285714285714285, 21.285714285714285, 21.357142857142858, 22.785714285714285, 23.642857142857142, 21.428571428571427, 18.571428571428573, 17.428571428571427, 17.428571428571427, 17.285714285714285, 15.214285714285714], "time": ["6/21/21", "6/22/21", "6/23/21", "6/24/21", "6/25/21", "6/26/21", "6/27/21", "6/28/21", "6/29/21", "6/30/21", "7/1/21", "7/2/21", "7/3/21", "7/4/21", "7/5/21", "7/6/21", "7/7/21", "7/8/21", "7/9/21", "7/10/21", "7/11/21", "7/12/21", "7/13/21", "7/14/21", "7/15/21", "7/16/21", "7/17/21", "7/18/21", "7/19/21"], "original_values": [3, 10, 10, 16, 3, 0, 0, 16, 16, 18, 20, 15, 0, 0, 38, 8, 33, 39, 31, 0, 0, 39, 27, 26, 15, 15, 0, 0, 37]}