{"dates": ["6/24/21", "6/25/21", "6/26/21", "6/27/21", "6/28/21", "6/29/21", "6/30/21", "7/1/21", "7/2/21", "7/3/21", "7/4/21", "7/5/21", "7/6/21", "7/7/21", "7/8/21", "7/9/21", "7/10/21", "7/11/21", "7/12/21", "7/13/21", "7/14/21", "7/15/21"], "max_14": 120, "max": 3045, "value": [1.7142857142857142, 2.5714285714285716, 3.7142857142857144, 4.428571428571429, 6.0, 7.214285714285714, 7.285714285714286, 7.285714285714286, 7.285714285714286, 6.928571428571429, 6.857142857142857, 6.428571428571429, 6.571428571428571, 7.428571428571429, 7.428571428571429, 7.928571428571429, 9.571428571428571, 11.142857142857142, 11.5, 10.928571428571429, 10.428571428571429, 10.428571428571429, 9.571428571428571, 7.428571428571429], "time": ["6/21/21", "6/22/21", "6/23/21", "6/24/21", "6/25/21", "6/26/21", "6/27/21", "6/28/21", "6/29/21", "6/30/21", "7/1/21", "7/2/21", "7/3/21", "7/4/21", "7/5/21", "7/6/21", "7/7/21", "7/8/21", "7/9/21", "7/10/21", "7/11/21", "7/12/21", "7/13/21", "7/14/21", "7/15/21", "7/16/21", "7/17/21", "7/18/21", "7/19/21"], "original_values": [1, 3, 0, 4, 4, 0, 0, 13, 7, 6, 20, 5, 0, 0, 13, 2, 10, 10, 17, 0, 0, 20, 18, 16, 9, 10, 0, 0, 8]}