{"dates": ["6/24/21", "6/25/21", "6/26/21", "6/27/21", "6/28/21", "6/29/21", "6/30/21", "7/1/21", "7/2/21", "7/3/21", "7/4/21", "7/5/21", "7/6/21", "7/7/21", "7/8/21", "7/9/21", "7/10/21", "7/11/21", "7/12/21", "7/13/21", "7/14/21", "7/15/21"], "max_14": 93, "max": 24505, "value": [5.571428571428571, 5.357142857142857, 5.642857142857143, 6.214285714285714, 6.0, 5.428571428571429, 5.142857142857143, 5.142857142857143, 4.428571428571429, 4.357142857142857, 4.785714285714286, 4.428571428571429, 4.357142857142857, 4.428571428571429, 4.428571428571429, 6.0, 6.928571428571429, 6.642857142857143, 6.928571428571429, 7.142857142857143, 7.428571428571429, 7.428571428571429, 6.571428571428571, 5.071428571428571], "time": ["6/21/21", "6/22/21", "6/23/21", "6/24/21", "6/25/21", "6/26/21", "6/27/21", "6/28/21", "6/29/21", "6/30/21", "7/1/21", "7/2/21", "7/3/21", "7/4/21", "7/5/21", "7/6/21", "7/7/21", "7/8/21", "7/9/21", "7/10/21", "7/11/21", "7/12/21", "7/13/21", "7/14/21", "7/15/21", "7/16/21", "7/17/21", "7/18/21", "7/19/21"], "original_values": [13, 2, 4, 11, 9, 0, 0, 10, 9, 5, 7, 5, 0, 0, 0, 18, 2, 5, 6, 0, 0, 22, 9, 7, 4, 10, 0, 0, 10]}