{"dates": ["6/24/21", "6/25/21", "6/26/21", "6/27/21", "6/28/21", "6/29/21", "6/30/21", "7/1/21", "7/2/21", "7/3/21", "7/4/21", "7/5/21", "7/6/21", "7/7/21", "7/8/21", "7/9/21", "7/10/21", "7/11/21", "7/12/21", "7/13/21", "7/14/21", "7/15/21"], "max_14": 503, "max": 26337, "value": [9.571428571428571, 9.571428571428571, 9.571428571428571, 9.571428571428571, 9.571428571428571, 11.428571428571429, 13.285714285714286, 13.285714285714286, 13.285714285714286, 13.285714285714286, 13.285714285714286, 13.285714285714286, 15.928571428571429, 18.571428571428573, 18.571428571428573, 18.571428571428573, 18.571428571428573, 18.571428571428573, 18.571428571428573, 35.92857142857143, 53.285714285714285, 53.285714285714285, 53.285714285714285, 53.285714285714285], "time": ["6/21/21", "6/22/21", "6/23/21", "6/24/21", "6/25/21", "6/26/21", "6/27/21", "6/28/21", "6/29/21", "6/30/21", "7/1/21", "7/2/21", "7/3/21", "7/4/21", "7/5/21", "7/6/21", "7/7/21", "7/8/21", "7/9/21", "7/10/21", "7/11/21", "7/12/21", "7/13/21", "7/14/21", "7/15/21", "7/16/21", "7/17/21", "7/18/21", "7/19/21"], "original_values": [0, 0, 0, 0, 67, 0, 0, 0, 0, 0, 0, 93, 0, 0, 0, 0, 0, 0, 130, 0, 0, 0, 0, 0, 0, 373, 0, 0, 0]}