{"dates": ["6/24/21", "6/25/21", "6/26/21", "6/27/21", "6/28/21", "6/29/21", "6/30/21", "7/1/21", "7/2/21", "7/3/21", "7/4/21", "7/5/21", "7/6/21", "7/7/21", "7/8/21", "7/9/21", "7/10/21", "7/11/21", "7/12/21", "7/13/21", "7/14/21", "7/15/21"], "max_14": 962, "max": 104353, "value": [20.642857142857142, 23.071428571428573, 24.0, 26.785714285714285, 28.571428571428573, 29.285714285714285, 27.428571428571427, 22.357142857142858, 18.785714285714285, 22.142857142857142, 26.5, 30.071428571428573, 37.0, 40.285714285714285, 40.285714285714285, 50.0, 58.92857142857143, 61.57142857142857, 65.0, 65.64285714285714, 66.28571428571429, 66.28571428571429, 72.0, 72.42857142857143], "time": ["6/21/21", "6/22/21", "6/23/21", "6/24/21", "6/25/21", "6/26/21", "6/27/21", "6/28/21", "6/29/21", "6/30/21", "7/1/21", "7/2/21", "7/3/21", "7/4/21", "7/5/21", "7/6/21", "7/7/21", "7/8/21", "7/9/21", "7/10/21", "7/11/21", "7/12/21", "7/13/21", "7/14/21", "7/15/21", "7/16/21", "7/17/21", "7/18/21", "7/19/21"], "original_values": [16, 9, 18, 35, 13, 36, 35, 15, 23, 43, 35, 23, 0, 0, 0, 85, 42, 86, 69, 0, 0, 136, 74, 90, 86, 78, 0, 0, 216]}