{"dates": ["6/24/21", "6/25/21", "6/26/21", "6/27/21", "6/28/21", "6/29/21", "6/30/21", "7/1/21", "7/2/21", "7/3/21", "7/4/21", "7/5/21", "7/6/21", "7/7/21", "7/8/21", "7/9/21", "7/10/21", "7/11/21", "7/12/21", "7/13/21", "7/14/21", "7/15/21"], "max_14": 151, "max": 6751, "value": [-0.2857142857142857, 0.0, -1.5714285714285714, -4.357142857142857, -5.285714285714286, -5.714285714285714, -6.142857142857143, -6.142857142857143, -6.642857142857143, -5.071428571428571, -1.2142857142857142, 2.7142857142857144, 5.285714285714286, 5.714285714285714, 5.714285714285714, 7.071428571428571, 9.285714285714286, 10.285714285714286, 10.428571428571429, 11.071428571428571, 11.714285714285714, 11.714285714285714, 12.428571428571429, 11.928571428571429], "time": ["6/21/21", "6/22/21", "6/23/21", "6/24/21", "6/25/21", "6/26/21", "6/27/21", "6/28/21", "6/29/21", "6/30/21", "7/1/21", "7/2/21", "7/3/21", "7/4/21", "7/5/21", "7/6/21", "7/7/21", "7/8/21", "7/9/21", "7/10/21", "7/11/21", "7/12/21", "7/13/21", "7/14/21", "7/15/21", "7/16/21", "7/17/21", "7/18/21", "7/19/21"], "original_values": [3, 2, 0, -14, 7, 0, 0, 7, -24, -13, -14, 1, 0, 0, 0, 5, 12, 16, 7, 0, 0, 19, 17, 14, 16, 16, 0, 0, 29]}