{"dates": ["6/24/21", "6/25/21", "6/26/21", "6/27/21", "6/28/21", "6/29/21", "6/30/21", "7/1/21", "7/2/21", "7/3/21", "7/4/21", "7/5/21", "7/6/21", "7/7/21", "7/8/21", "7/9/21", "7/10/21", "7/11/21", "7/12/21", "7/13/21", "7/14/21", "7/15/21"], "max_14": 235, "max": 20685, "value": [74.14285714285714, 74.14285714285714, 42.0, 10.214285714285714, 11.5, 12.285714285714286, 12.785714285714286, 13.428571428571429, 13.428571428571429, 9.5, 7.714285714285714, 8.785714285714286, 9.714285714285714, 11.214285714285714, 10.714285714285714, 10.714285714285714, 13.642857142857142, 14.785714285714286, 17.071428571428573, 20.357142857142858, 21.214285714285715, 22.857142857142858, 22.857142857142858, 19.928571428571427], "time": ["6/21/21", "6/22/21", "6/23/21", "6/24/21", "6/25/21", "6/26/21", "6/27/21", "6/28/21", "6/29/21", "6/30/21", "7/1/21", "7/2/21", "7/3/21", "7/4/21", "7/5/21", "7/6/21", "7/7/21", "7/8/21", "7/9/21", "7/10/21", "7/11/21", "7/12/21", "7/13/21", "7/14/21", "7/15/21", "7/16/21", "7/17/21", "7/18/21", "7/19/21"], "original_values": [0, 505, 5, 3, 4, 2, 0, 0, 55, 10, 16, 2, 11, 0, 0, 0, 40, 1, 30, 4, 0, 0, 41, 15, 58, 19, 27, 0, 0]}