{"dates": ["6/24/21", "6/25/21", "6/26/21", "6/27/21", "6/28/21", "6/29/21", "6/30/21", "7/1/21", "7/2/21", "7/3/21", "7/4/21", "7/5/21", "7/6/21", "7/7/21", "7/8/21", "7/9/21", "7/10/21", "7/11/21", "7/12/21", "7/13/21", "7/14/21", "7/15/21"], "max_14": 997, "max": 118938, "value": [44.357142857142854, 47.142857142857146, 49.785714285714285, 51.214285714285715, 51.42857142857143, 54.785714285714285, 55.07142857142857, 51.07142857142857, 48.92857142857143, 47.42857142857143, 43.214285714285715, 42.92857142857143, 43.714285714285715, 43.285714285714285, 52.142857142857146, 57.142857142857146, 52.142857142857146, 57.285714285714285, 64.85714285714286, 67.14285714285714, 65.42857142857143, 68.14285714285714, 81.35714285714286, 87.21428571428571], "time": ["6/21/21", "6/22/21", "6/23/21", "6/24/21", "6/25/21", "6/26/21", "6/27/21", "6/28/21", "6/29/21", "6/30/21", "7/1/21", "7/2/21", "7/3/21", "7/4/21", "7/5/21", "7/6/21", "7/7/21", "7/8/21", "7/9/21", "7/10/21", "7/11/21", "7/12/21", "7/13/21", "7/14/21", "7/15/21", "7/16/21", "7/17/21", "7/18/21", "7/19/21"], "original_values": [31, 30, 77, 46, 39, 75, 25, 45, 53, 74, 52, 80, 38, 6, 34, 43, 25, 97, 46, 66, 102, 8, -1, 141, 87, 88, 0, 206, 89]}