{"dates": ["6/24/21", "6/25/21", "6/26/21", "6/27/21", "6/28/21", "6/29/21", "6/30/21", "7/1/21", "7/2/21", "7/3/21", "7/4/21", "7/5/21", "7/6/21", "7/7/21", "7/8/21", "7/9/21", "7/10/21", "7/11/21", "7/12/21", "7/13/21", "7/14/21", "7/15/21"], "max_14": 231, "max": 37261, "value": [19.571428571428573, 20.928571428571427, 22.5, 21.5, 16.571428571428573, 9.142857142857142, 5.428571428571429, 5.428571428571429, 3.5, 2.5, 3.5, 4.714285714285714, 6.714285714285714, 7.571428571428571, 7.571428571428571, 9.714285714285714, 11.571428571428571, 12.285714285714286, 13.714285714285714, 14.571428571428571, 15.0, 15.0, 18.071428571428573, 20.142857142857142], "time": ["6/21/21", "6/22/21", "6/23/21", "6/24/21", "6/25/21", "6/26/21", "6/27/21", "6/28/21", "6/29/21", "6/30/21", "7/1/21", "7/2/21", "7/3/21", "7/4/21", "7/5/21", "7/6/21", "7/7/21", "7/8/21", "7/9/21", "7/10/21", "7/11/21", "7/12/21", "7/13/21", "7/14/21", "7/15/21", "7/16/21", "7/17/21", "7/18/21", "7/19/21"], "original_values": [8, 2, 21, 52, 54, 0, 0, 27, 5, 4, 0, 2, 0, 0, 0, 18, 5, 16, 14, 0, 0, 30, 14, 19, 22, 20, 0, 0, 73]}