{"dates": ["6/24/21", "6/25/21", "6/26/21", "6/27/21", "6/28/21", "6/29/21", "6/30/21", "7/1/21", "7/2/21", "7/3/21", "7/4/21", "7/5/21", "7/6/21", "7/7/21", "7/8/21", "7/9/21", "7/10/21", "7/11/21", "7/12/21", "7/13/21", "7/14/21", "7/15/21"], "max_14": 224, "max": 4728, "value": [3.142857142857143, 3.5, 3.9285714285714284, 4.214285714285714, 4.357142857142857, 4.857142857142857, 5.428571428571429, 5.428571428571429, 4.714285714285714, 5.142857142857143, 6.642857142857143, 7.285714285714286, 8.785714285714286, 10.0, 10.0, 13.0, 14.714285714285714, 14.428571428571429, 16.928571428571427, 17.142857142857142, 15.857142857142858, 15.857142857142858, 15.928571428571429, 15.571428571428571], "time": ["6/21/21", "6/22/21", "6/23/21", "6/24/21", "6/25/21", "6/26/21", "6/27/21", "6/28/21", "6/29/21", "6/30/21", "7/1/21", "7/2/21", "7/3/21", "7/4/21", "7/5/21", "7/6/21", "7/7/21", "7/8/21", "7/9/21", "7/10/21", "7/11/21", "7/12/21", "7/13/21", "7/14/21", "7/15/21", "7/16/21", "7/17/21", "7/18/21", "7/19/21"], "original_values": [5, 7, 4, 5, 1, 0, 0, 10, 8, 7, 4, 9, 0, 0, 0, 24, 12, 8, 26, 0, 0, 42, 6, 26, 29, 8, 0, 0, 43]}