{"dates": ["6/24/21", "6/25/21", "6/26/21", "6/27/21", "6/28/21", "6/29/21", "6/30/21", "7/1/21", "7/2/21", "7/3/21", "7/4/21", "7/5/21", "7/6/21", "7/7/21", "7/8/21", "7/9/21", "7/10/21", "7/11/21", "7/12/21", "7/13/21", "7/14/21", "7/15/21"], "max_14": 61, "max": 7439, "value": [2.5714285714285716, 2.0714285714285716, 1.5, 1.7857142857142858, 1.7857142857142858, 1.3571428571428572, 1.0, 1.0, 2.0714285714285716, 3.4285714285714284, 3.7857142857142856, 3.642857142857143, 3.642857142857143, 3.9285714285714284, 4.0, 3.0714285714285716, 2.857142857142857, 3.9285714285714284, 5.357142857142857, 6.285714285714286, 6.5, 6.571428571428571, 6.428571428571429, 5.428571428571429], "time": ["6/21/21", "6/22/21", "6/23/21", "6/24/21", "6/25/21", "6/26/21", "6/27/21", "6/28/21", "6/29/21", "6/30/21", "7/1/21", "7/2/21", "7/3/21", "7/4/21", "7/5/21", "7/6/21", "7/7/21", "7/8/21", "7/9/21", "7/10/21", "7/11/21", "7/12/21", "7/13/21", "7/14/21", "7/15/21", "7/16/21", "7/17/21", "7/18/21", "7/19/21"], "original_values": [7, -1, -1, 7, 0, 6, 0, 0, -2, 4, 2, -1, 2, 4, 11, 6, 1, 3, -2, 7, 0, 2, 12, 10, 14, 0, 8, 0, 0]}