{"dates": ["6/24/21", "6/25/21", "6/26/21", "6/27/21", "6/28/21", "6/29/21", "6/30/21", "7/1/21", "7/2/21", "7/3/21", "7/4/21", "7/5/21", "7/6/21", "7/7/21", "7/8/21", "7/9/21", "7/10/21", "7/11/21", "7/12/21", "7/13/21", "7/14/21", "7/15/21"], "max_14": 56, "max": 14186, "value": [4.642857142857143, 4.428571428571429, 3.857142857142857, 3.7142857142857144, 3.5714285714285716, 3.5714285714285716, 3.5, 3.357142857142857, 3.142857142857143, 2.7857142857142856, 2.7857142857142856, 3.0714285714285716, 3.357142857142857, 3.7142857142857144, 3.642857142857143, 3.857142857142857, 4.071428571428571, 3.5, 3.142857142857143, 3.2857142857142856, 3.857142857142857, 4.285714285714286, 4.0, 3.7142857142857144], "time": ["6/21/21", "6/22/21", "6/23/21", "6/24/21", "6/25/21", "6/26/21", "6/27/21", "6/28/21", "6/29/21", "6/30/21", "7/1/21", "7/2/21", "7/3/21", "7/4/21", "7/5/21", "7/6/21", "7/7/21", "7/8/21", "7/9/21", "7/10/21", "7/11/21", "7/12/21", "7/13/21", "7/14/21", "7/15/21", "7/16/21", "7/17/21", "7/18/21", "7/19/21"], "original_values": [10, 6, 6, 1, 3, 3, 7, 0, 8, 2, 3, 1, 4, 4, 0, 3, 7, 2, 6, 4, 3, 4, 2, 0, 4, 6, 12, 1, 2]}