{"dates": ["6/24/21", "6/25/21", "6/26/21", "6/27/21", "6/28/21", "6/29/21", "6/30/21", "7/1/21", "7/2/21", "7/3/21", "7/4/21", "7/5/21", "7/6/21", "7/7/21", "7/8/21", "7/9/21", "7/10/21", "7/11/21", "7/12/21", "7/13/21", "7/14/21", "7/15/21"], "max_14": 59, "max": 3411, "value": [-4.571428571428571, -4.571428571428571, -3.857142857142857, 0.0, 3.2142857142857144, 3.357142857142857, 3.2142857142857144, 3.0, 3.0714285714285716, 3.0, 2.5714285714285716, 2.357142857142857, 2.357142857142857, 2.357142857142857, 2.4285714285714284, 2.357142857142857, 3.0714285714285716, 4.5, 5.071428571428571, 5.142857142857143, 5.714285714285714, 6.142857142857143, 6.142857142857143, 4.785714285714286], "time": ["6/21/21", "6/22/21", "6/23/21", "6/24/21", "6/25/21", "6/26/21", "6/27/21", "6/28/21", "6/29/21", "6/30/21", "7/1/21", "7/2/21", "7/3/21", "7/4/21", "7/5/21", "7/6/21", "7/7/21", "7/8/21", "7/9/21", "7/10/21", "7/11/21", "7/12/21", "7/13/21", "7/14/21", "7/15/21", "7/16/21", "7/17/21", "7/18/21", "7/19/21"], "original_values": [0, 0, -38, 2, 1, 3, 0, 0, 10, 6, 3, 2, 0, 0, 1, 8, 2, 4, 1, 1, 0, 0, 19, 11, 3, 3, 7, 0, 0]}