{"dates": ["6/24/21", "6/25/21", "6/26/21", "6/27/21", "6/28/21", "6/29/21", "6/30/21", "7/1/21", "7/2/21", "7/3/21", "7/4/21", "7/5/21", "7/6/21", "7/7/21", "7/8/21", "7/9/21", "7/10/21", "7/11/21", "7/12/21", "7/13/21", "7/14/21", "7/15/21"], "max_14": 276, "max": 67204, "value": [3.5, 3.642857142857143, 4.071428571428571, 4.714285714285714, 5.071428571428571, 5.642857142857143, 5.428571428571429, 4.642857142857143, 4.142857142857143, 5.285714285714286, 6.714285714285714, 7.785714285714286, 9.071428571428571, 9.428571428571429, 9.428571428571429, 11.857142857142858, 13.214285714285714, 13.785714285714286, 16.571428571428573, 18.857142857142858, 20.0, 20.0, 22.571428571428573, 24.0], "time": ["6/21/21", "6/22/21", "6/23/21", "6/24/21", "6/25/21", "6/26/21", "6/27/21", "6/28/21", "6/29/21", "6/30/21", "7/1/21", "7/2/21", "7/3/21", "7/4/21", "7/5/21", "7/6/21", "7/7/21", "7/8/21", "7/9/21", "7/10/21", "7/11/21", "7/12/21", "7/13/21", "7/14/21", "7/15/21", "7/16/21", "7/17/21", "7/18/21", "7/19/21"], "original_values": [5, 4, 5, -1, 3, 6, 5, 2, 13, 5, 4, 6, 0, 0, 0, 31, 7, 17, 11, 0, 0, 34, 16, 30, 33, 27, 0, 0, 70]}