{"dates": ["6/24/21", "6/25/21", "6/26/21", "6/27/21", "6/28/21", "6/29/21", "6/30/21", "7/1/21", "7/2/21", "7/3/21", "7/4/21", "7/5/21", "7/6/21", "7/7/21", "7/8/21", "7/9/21", "7/10/21", "7/11/21", "7/12/21", "7/13/21", "7/14/21", "7/15/21"], "max_14": 175, "max": 16379, "value": [4.357142857142857, 4.5, 5.714285714285714, 7.928571428571429, 9.571428571428571, 10.428571428571429, 9.357142857142858, 7.928571428571429, 7.714285714285714, 7.214285714285714, 6.214285714285714, 5.428571428571429, 5.285714285714286, 5.428571428571429, 5.428571428571429, 6.571428571428571, 7.071428571428571, 7.214285714285714, 9.0, 11.071428571428571, 12.142857142857142, 12.142857142857142, 14.714285714285714, 16.857142857142858], "time": ["6/21/21", "6/22/21", "6/23/21", "6/24/21", "6/25/21", "6/26/21", "6/27/21", "6/28/21", "6/29/21", "6/30/21", "7/1/21", "7/2/21", "7/3/21", "7/4/21", "7/5/21", "7/6/21", "7/7/21", "7/8/21", "7/9/21", "7/10/21", "7/11/21", "7/12/21", "7/13/21", "7/14/21", "7/15/21", "7/16/21", "7/17/21", "7/18/21", "7/19/21"], "original_values": [1, 4, 2, 0, 5, 17, 3, 0, 22, 15, 10, 7, 0, 0, 0, 15, 8, 6, 9, 0, 0, 16, 6, 19, 20, 24, 0, 0, 52]}