{"dates": ["6/24/21", "6/25/21", "6/26/21", "6/27/21", "6/28/21", "6/29/21", "6/30/21", "7/1/21", "7/2/21", "7/3/21", "7/4/21", "7/5/21", "7/6/21", "7/7/21", "7/8/21", "7/9/21", "7/10/21", "7/11/21", "7/12/21", "7/13/21", "7/14/21", "7/15/21"], "max_14": 168, "max": 49479, "value": [3.2857142857142856, 3.4285714285714284, 3.2142857142857144, 3.357142857142857, 3.5714285714285716, 3.857142857142857, 4.0, 3.5714285714285716, 3.0714285714285716, 4.571428571428571, 6.0, 5.5, 5.857142857142857, 6.428571428571429, 6.428571428571429, 7.642857142857143, 8.0, 8.0, 10.142857142857142, 11.357142857142858, 11.285714285714286, 11.285714285714286, 13.214285714285714, 14.214285714285714], "time": ["6/21/21", "6/22/21", "6/23/21", "6/24/21", "6/25/21", "6/26/21", "6/27/21", "6/28/21", "6/29/21", "6/30/21", "7/1/21", "7/2/21", "7/3/21", "7/4/21", "7/5/21", "7/6/21", "7/7/21", "7/8/21", "7/9/21", "7/10/21", "7/11/21", "7/12/21", "7/13/21", "7/14/21", "7/15/21", "7/16/21", "7/17/21", "7/18/21", "7/19/21"], "original_values": [5, 2, 4, 6, 2, 2, 4, 3, 1, 7, 6, 6, 0, 0, 0, 25, 3, 3, 14, 0, 0, 17, 13, 15, 21, 13, 0, 0, 44]}