{"dates": ["6/24/21", "6/25/21", "6/26/21", "6/27/21", "6/28/21", "6/29/21", "6/30/21", "7/1/21", "7/2/21", "7/3/21", "7/4/21", "7/5/21", "7/6/21", "7/7/21", "7/8/21", "7/9/21", "7/10/21", "7/11/21", "7/12/21", "7/13/21", "7/14/21", "7/15/21"], "max_14": 501, "max": 129764, "value": [46.07142857142857, 49.214285714285715, 47.357142857142854, 38.357142857142854, 29.928571428571427, 27.285714285714285, 26.285714285714285, 23.5, 21.142857142857142, 19.142857142857142, 19.0, 21.0, 22.571428571428573, 24.785714285714285, 27.642857142857142, 28.785714285714285, 28.571428571428573, 29.214285714285715, 32.642857142857146, 37.285714285714285, 39.285714285714285, 40.142857142857146, 41.92857142857143, 41.142857142857146], "time": ["6/21/21", "6/22/21", "6/23/21", "6/24/21", "6/25/21", "6/26/21", "6/27/21", "6/28/21", "6/29/21", "6/30/21", "7/1/21", "7/2/21", "7/3/21", "7/4/21", "7/5/21", "7/6/21", "7/7/21", "7/8/21", "7/9/21", "7/10/21", "7/11/21", "7/12/21", "7/13/21", "7/14/21", "7/15/21", "7/16/21", "7/17/21", "7/18/21", "7/19/21"], "original_values": [16, 91, 96, 57, 19, 32, 23, 37, 44, 17, 18, 21, 16, 0, 27, 26, 33, 30, 31, 37, 19, 24, 26, 42, 69, 57, 39, 29, 39]}