{"dates": ["6/24/21", "6/25/21", "6/26/21", "6/27/21", "6/28/21", "6/29/21", "6/30/21", "7/1/21", "7/2/21", "7/3/21", "7/4/21", "7/5/21", "7/6/21", "7/7/21", "7/8/21", "7/9/21", "7/10/21", "7/11/21", "7/12/21", "7/13/21", "7/14/21", "7/15/21"], "max_14": 154, "max": 4709, "value": [0.7142857142857143, 1.0, 1.3571428571428572, 1.4285714285714286, 1.5, 1.4285714285714286, 1.2857142857142858, 1.2857142857142858, 0.9285714285714286, 1.1428571428571428, 2.2857142857142856, 3.357142857142857, 4.5, 5.142857142857143, 5.142857142857143, 7.785714285714286, 10.785714285714286, 11.142857142857142, 11.071428571428571, 10.857142857142858, 10.714285714285714, 10.714285714285714, 11.142857142857142, 10.5], "time": ["6/21/21", "6/22/21", "6/23/21", "6/24/21", "6/25/21", "6/26/21", "6/27/21", "6/28/21", "6/29/21", "6/30/21", "7/1/21", "7/2/21", "7/3/21", "7/4/21", "7/5/21", "7/6/21", "7/7/21", "7/8/21", "7/9/21", "7/10/21", "7/11/21", "7/12/21", "7/13/21", "7/14/21", "7/15/21", "7/16/21", "7/17/21", "7/18/21", "7/19/21"], "original_values": [1, 1, 0, 0, 3, 0, 0, 5, 2, 0, 1, 1, 0, 0, 0, 10, 8, 8, 10, 0, 0, 37, 15, 8, 7, 8, 0, 0, 43]}