{"dates": ["6/24/21", "6/25/21", "6/26/21", "6/27/21", "6/28/21", "6/29/21", "6/30/21", "7/1/21", "7/2/21", "7/3/21", "7/4/21", "7/5/21", "7/6/21", "7/7/21", "7/8/21", "7/9/21", "7/10/21", "7/11/21", "7/12/21", "7/13/21", "7/14/21", "7/15/21"], "max_14": 124, "max": 1516, "value": [-1.7142857142857142, -1.6428571428571428, -1.0714285714285714, -0.2857142857142857, -0.2857142857142857, -0.8571428571428571, -4.857142857142857, -8.571428571428571, -8.642857142857142, -9.928571428571429, -15.5, -22.428571428571427, -24.714285714285715, -20.642857142857142, -16.785714285714285, -16.571428571428573, -15.714285714285714, -10.642857142857142, -3.4285714285714284, -0.2857142857142857, -0.07142857142857142, -0.21428571428571427, -0.42857142857142855, -0.14285714285714285], "time": ["6/21/21", "6/22/21", "6/23/21", "6/24/21", "6/25/21", "6/26/21", "6/27/21", "6/28/21", "6/29/21", "6/30/21", "7/1/21", "7/2/21", "7/3/21", "7/4/21", "7/5/21", "7/6/21", "7/7/21", "7/8/21", "7/9/21", "7/10/21", "7/11/21", "7/12/21", "7/13/21", "7/14/21", "7/15/21", "7/16/21", "7/17/21", "7/18/21", "7/19/21"], "original_values": [0, -6, -7, 1, 0, 0, 0, 1, 1, -3, -3, -4, -52, 0, 0, -16, -64, -39, 0, 1, 1, 2, -6, -3, 1, 4, 0, 0, 0]}