{"dates": ["6/24/21", "6/25/21", "6/26/21", "6/27/21", "6/28/21", "6/29/21", "6/30/21", "7/1/21", "7/2/21", "7/3/21", "7/4/21", "7/5/21", "7/6/21", "7/7/21", "7/8/21", "7/9/21", "7/10/21", "7/11/21", "7/12/21", "7/13/21", "7/14/21", "7/15/21"], "max_14": 175, "max": 9994, "value": [3.142857142857143, 3.2142857142857144, 3.7142857142857144, 4.142857142857143, 4.785714285714286, 5.928571428571429, 6.428571428571429, 6.428571428571429, 5.642857142857143, 6.5, 8.285714285714286, 8.571428571428571, 8.642857142857142, 8.571428571428571, 8.571428571428571, 10.285714285714286, 11.0, 10.785714285714286, 11.714285714285714, 11.714285714285714, 11.571428571428571, 11.571428571428571, 12.285714285714286, 11.928571428571429], "time": ["6/21/21", "6/22/21", "6/23/21", "6/24/21", "6/25/21", "6/26/21", "6/27/21", "6/28/21", "6/29/21", "6/30/21", "7/1/21", "7/2/21", "7/3/21", "7/4/21", "7/5/21", "7/6/21", "7/7/21", "7/8/21", "7/9/21", "7/10/21", "7/11/21", "7/12/21", "7/13/21", "7/14/21", "7/15/21", "7/16/21", "7/17/21", "7/18/21", "7/19/21"], "original_values": [10, 0, 6, 2, 4, 0, 0, 11, 6, 6, 11, 11, 0, 0, 0, 29, 8, 13, 10, 0, 0, 24, 15, 19, 15, 8, 0, 0, 34]}