{"dates": ["6/24/21", "6/25/21", "6/26/21", "6/27/21", "6/28/21", "6/29/21", "6/30/21", "7/1/21", "7/2/21", "7/3/21", "7/4/21", "7/5/21", "7/6/21", "7/7/21", "7/8/21", "7/9/21", "7/10/21", "7/11/21", "7/12/21", "7/13/21", "7/14/21", "7/15/21"], "max_14": 168, "max": 9098, "value": [1.2142857142857142, 1.2857142857142858, 1.2857142857142858, 1.7857142857142858, 2.142857142857143, 1.9285714285714286, 2.0714285714285716, 2.2142857142857144, 2.0714285714285716, 3.2857142857142856, 6.642857142857143, 8.642857142857142, 8.642857142857142, 8.428571428571429, 8.142857142857142, 8.142857142857142, 8.0, 5.285714285714286, 3.0, 6.214285714285714, 12.5, 15.857142857142858, 15.785714285714286, 14.5], "time": ["6/21/21", "6/22/21", "6/23/21", "6/24/21", "6/25/21", "6/26/21", "6/27/21", "6/28/21", "6/29/21", "6/30/21", "7/1/21", "7/2/21", "7/3/21", "7/4/21", "7/5/21", "7/6/21", "7/7/21", "7/8/21", "7/9/21", "7/10/21", "7/11/21", "7/12/21", "7/13/21", "7/14/21", "7/15/21", "7/16/21", "7/17/21", "7/18/21", "7/19/21"], "original_values": [1, 1, 1, 3, 1, 1, 1, 1, 1, 8, 1, 0, 4, 0, 0, 19, 37, 0, 1, 0, 0, 0, 17, 1, 4, 42, 47, 0, -1]}