{"dates": ["6/24/21", "6/25/21", "6/26/21", "6/27/21", "6/28/21", "6/29/21", "6/30/21", "7/1/21", "7/2/21", "7/3/21", "7/4/21", "7/5/21", "7/6/21", "7/7/21", "7/8/21", "7/9/21", "7/10/21", "7/11/21", "7/12/21", "7/13/21", "7/14/21", "7/15/21"], "max_14": 397, "max": 8252, "value": [6.857142857142857, 7.857142857142857, 8.642857142857142, 9.142857142857142, 13.142857142857142, 16.571428571428573, 16.714285714285715, 16.714285714285715, 19.142857142857142, 21.571428571428573, 22.142857142857142, 21.357142857142858, 24.071428571428573, 28.142857142857142, 28.142857142857142, 27.5, 28.285714285714285, 30.0, 29.857142857142858, 27.428571428571427, 25.428571428571427, 25.428571428571427, 27.642857142857142, 27.642857142857142], "time": ["6/21/21", "6/22/21", "6/23/21", "6/24/21", "6/25/21", "6/26/21", "6/27/21", "6/28/21", "6/29/21", "6/30/21", "7/1/21", "7/2/21", "7/3/21", "7/4/21", "7/5/21", "7/6/21", "7/7/21", "7/8/21", "7/9/21", "7/10/21", "7/11/21", "7/12/21", "7/13/21", "7/14/21", "7/15/21", "7/16/21", "7/17/21", "7/18/21", "7/19/21"], "original_values": [4, 14, 14, 8, 8, 0, 0, 18, 11, 24, 54, 10, 0, 0, 52, 11, 32, 35, 67, 0, 0, 43, 31, 36, 29, 39, 0, 0, 74]}