{"dates": ["6/24/21", "6/25/21", "6/26/21", "6/27/21", "6/28/21", "6/29/21", "6/30/21", "7/1/21", "7/2/21", "7/3/21", "7/4/21", "7/5/21", "7/6/21", "7/7/21", "7/8/21", "7/9/21", "7/10/21", "7/11/21", "7/12/21", "7/13/21", "7/14/21", "7/15/21"], "max_14": 66, "max": 4403, "value": [0.7142857142857143, 0.6428571428571429, 1.0714285714285714, 1.7857142857142858, 2.357142857142857, 2.857142857142857, 2.857142857142857, 2.7142857142857144, 2.642857142857143, 2.7142857142857144, 2.7142857142857144, 2.5, 2.4285714285714284, 2.4285714285714284, 2.4285714285714284, 3.5714285714285716, 4.285714285714286, 3.9285714285714284, 4.0, 3.857142857142857, 3.7142857142857144, 4.571428571428571, 5.071428571428571, 4.5], "time": ["6/21/21", "6/22/21", "6/23/21", "6/24/21", "6/25/21", "6/26/21", "6/27/21", "6/28/21", "6/29/21", "6/30/21", "7/1/21", "7/2/21", "7/3/21", "7/4/21", "7/5/21", "7/6/21", "7/7/21", "7/8/21", "7/9/21", "7/10/21", "7/11/21", "7/12/21", "7/13/21", "7/14/21", "7/15/21", "7/16/21", "7/17/21", "7/18/21", "7/19/21"], "original_values": [2, 0, 0, 1, 0, 2, 0, 1, 7, 3, 6, 2, 0, 0, 0, 9, 1, 5, 2, 0, 0, 16, 3, 2, 5, 0, 0, 12, 11]}