{"dates": ["6/24/21", "6/25/21", "6/26/21", "6/27/21", "6/28/21", "6/29/21", "6/30/21", "7/1/21", "7/2/21", "7/3/21", "7/4/21", "7/5/21", "7/6/21", "7/7/21", "7/8/21", "7/9/21", "7/10/21", "7/11/21", "7/12/21", "7/13/21", "7/14/21", "7/15/21"], "max_14": 54, "max": 4706, "value": [4.571428571428571, 4.785714285714286, 4.928571428571429, 4.928571428571429, 5.214285714285714, 5.357142857142857, 5.285714285714286, 5.285714285714286, 4.5, 3.857142857142857, 3.7857142857142856, 3.5714285714285716, 3.2857142857142856, 3.0, 3.0, 3.4285714285714284, 3.5714285714285716, 3.4285714285714284, 3.5714285714285716, 3.5, 3.4285714285714284, 3.4285714285714284, 3.642857142857143, 3.7857142857142856], "time": ["6/21/21", "6/22/21", "6/23/21", "6/24/21", "6/25/21", "6/26/21", "6/27/21", "6/28/21", "6/29/21", "6/30/21", "7/1/21", "7/2/21", "7/3/21", "7/4/21", "7/5/21", "7/6/21", "7/7/21", "7/8/21", "7/9/21", "7/10/21", "7/11/21", "7/12/21", "7/13/21", "7/14/21", "7/15/21", "7/16/21", "7/17/21", "7/18/21", "7/19/21"], "original_values": [8, 4, 7, 5, 8, 0, 0, 11, 3, 8, 8, 7, 0, 0, 0, 5, 5, 8, 3, 0, 0, 6, 1, 7, 8, 2, 0, 0, 9]}