{"dates": ["6/24/21", "6/25/21", "6/26/21", "6/27/21", "6/28/21", "6/29/21", "6/30/21", "7/1/21", "7/2/21", "7/3/21", "7/4/21", "7/5/21", "7/6/21", "7/7/21", "7/8/21", "7/9/21", "7/10/21", "7/11/21", "7/12/21", "7/13/21", "7/14/21", "7/15/21"], "max_14": 225, "max": 23253, "value": [7.857142857142857, 8.928571428571429, 9.5, 9.0, 9.0, 9.642857142857142, 10.285714285714286, 10.285714285714286, 8.285714285714286, 8.285714285714286, 10.357142857142858, 11.285714285714286, 11.571428571428571, 11.0, 11.0, 13.714285714285714, 15.071428571428571, 14.285714285714286, 14.571428571428571, 14.571428571428571, 14.857142857142858, 14.857142857142858, 15.285714285714286, 14.714285714285714], "time": ["6/21/21", "6/22/21", "6/23/21", "6/24/21", "6/25/21", "6/26/21", "6/27/21", "6/28/21", "6/29/21", "6/30/21", "7/1/21", "7/2/21", "7/3/21", "7/4/21", "7/5/21", "7/6/21", "7/7/21", "7/8/21", "7/9/21", "7/10/21", "7/11/21", "7/12/21", "7/13/21", "7/14/21", "7/15/21", "7/16/21", "7/17/21", "7/18/21", "7/19/21"], "original_values": [13, 12, 12, 9, 9, 0, 0, 28, 5, 12, 9, 18, 0, 0, 0, 33, 13, 21, 10, 0, 0, 38, 14, 21, 17, 14, 0, 0, 44]}