{"dates": ["6/24/21", "6/25/21", "6/26/21", "6/27/21", "6/28/21", "6/29/21", "6/30/21", "7/1/21", "7/2/21", "7/3/21", "7/4/21", "7/5/21", "7/6/21", "7/7/21", "7/8/21", "7/9/21", "7/10/21", "7/11/21", "7/12/21", "7/13/21", "7/14/21", "7/15/21"], "max_14": 1237, "max": 86079, "value": [32.42857142857143, 32.42857142857143, 33.285714285714285, 32.714285714285715, 32.5, 36.214285714285715, 38.714285714285715, 38.714285714285715, 35.92857142857143, 29.571428571428573, 35.785714285714285, 48.285714285714285, 51.0, 51.0, 51.0, 57.07142857142857, 74.28571428571429, 83.21428571428571, 87.64285714285714, 98.64285714285714, 103.0, 103.0, 108.28571428571429, 99.14285714285714], "time": ["6/21/21", "6/22/21", "6/23/21", "6/24/21", "6/25/21", "6/26/21", "6/27/21", "6/28/21", "6/29/21", "6/30/21", "7/1/21", "7/2/21", "7/3/21", "7/4/21", "7/5/21", "7/6/21", "7/7/21", "7/8/21", "7/9/21", "7/10/21", "7/11/21", "7/12/21", "7/13/21", "7/14/21", "7/15/21", "7/16/21", "7/17/21", "7/18/21", "7/19/21"], "original_values": [39, 84, 42, 25, 37, 0, 0, 39, 96, 22, 42, 72, 0, 0, 0, 46, 159, 80, 72, 0, 0, 85, 202, 128, 173, 133, 0, 0, 159]}