{"dates": ["6/24/21", "6/25/21", "6/26/21", "6/27/21", "6/28/21", "6/29/21", "6/30/21", "7/1/21", "7/2/21", "7/3/21", "7/4/21", "7/5/21", "7/6/21", "7/7/21", "7/8/21", "7/9/21", "7/10/21", "7/11/21", "7/12/21", "7/13/21", "7/14/21", "7/15/21"], "max_14": 79, "max": 2889, "value": [0.7857142857142857, 0.7857142857142857, 0.5714285714285714, 0.9285714285714286, 1.4285714285714286, 1.5714285714285714, 1.7857142857142858, 1.9285714285714286, 2.0, 2.0714285714285716, 1.8571428571428572, 2.9285714285714284, 4.5, 5.142857142857143, 5.5, 5.428571428571429, 5.428571428571429, 5.5, 4.928571428571429, 4.214285714285714, 4.357142857142857, 5.0, 5.642857142857143, 5.785714285714286], "time": ["6/21/21", "6/22/21", "6/23/21", "6/24/21", "6/25/21", "6/26/21", "6/27/21", "6/28/21", "6/29/21", "6/30/21", "7/1/21", "7/2/21", "7/3/21", "7/4/21", "7/5/21", "7/6/21", "7/7/21", "7/8/21", "7/9/21", "7/10/21", "7/11/21", "7/12/21", "7/13/21", "7/14/21", "7/15/21", "7/16/21", "7/17/21", "7/18/21", "7/19/21"], "original_values": [1, 2, 1, 1, 1, -1, 1, 0, 0, 8, 1, 3, 0, 2, 0, 1, 4, 20, 6, 6, 1, 0, 1, 5, 11, 5, 9, 7, 3]}