{"dates": ["6/24/21", "6/25/21", "6/26/21", "6/27/21", "6/28/21", "6/29/21", "6/30/21", "7/1/21", "7/2/21", "7/3/21", "7/4/21", "7/5/21", "7/6/21", "7/7/21", "7/8/21", "7/9/21", "7/10/21", "7/11/21", "7/12/21", "7/13/21", "7/14/21", "7/15/21"], "max_14": 61, "max": 5851, "value": [3.7142857142857144, 3.642857142857143, 3.5714285714285716, 3.5714285714285716, 3.7142857142857144, 4.071428571428571, 3.0714285714285716, 1.7857142857142858, 1.9285714285714286, 2.0, 1.3571428571428572, 0.7142857142857143, 0.8571428571428571, 1.4285714285714286, 1.7857142857142858, 2.4285714285714284, 4.071428571428571, 5.714285714285714, 6.714285714285714, 6.571428571428571, 6.5, 7.0, 6.142857142857143, 4.214285714285714], "time": ["6/21/21", "6/22/21", "6/23/21", "6/24/21", "6/25/21", "6/26/21", "6/27/21", "6/28/21", "6/29/21", "6/30/21", "7/1/21", "7/2/21", "7/3/21", "7/4/21", "7/5/21", "7/6/21", "7/7/21", "7/8/21", "7/9/21", "7/10/21", "7/11/21", "7/12/21", "7/13/21", "7/14/21", "7/15/21", "7/16/21", "7/17/21", "7/18/21", "7/19/21"], "original_values": [2, 2, 4, 0, 0, 18, 0, 1, 2, 4, 2, 3, 1, -1, 4, 0, -3, 0, 7, 5, 0, 12, 15, 5, 6, -1, 12, 0, 0]}