{"dates": ["6/24/21", "6/25/21", "6/26/21", "6/27/21", "6/28/21", "6/29/21", "6/30/21", "7/1/21", "7/2/21", "7/3/21", "7/4/21", "7/5/21", "7/6/21", "7/7/21", "7/8/21", "7/9/21", "7/10/21", "7/11/21", "7/12/21", "7/13/21", "7/14/21", "7/15/21"], "max_14": 136, "max": 6691, "value": [5.857142857142857, 5.785714285714286, 4.785714285714286, 3.2857142857142856, 3.0714285714285716, 4.142857142857143, 4.5, 4.142857142857143, 3.9285714285714284, 4.5, 5.357142857142857, 5.642857142857143, 5.142857142857143, 5.285714285714286, 6.142857142857143, 8.142857142857142, 9.357142857142858, 8.571428571428571, 8.928571428571429, 9.285714285714286, 11.285714285714286, 13.285714285714286, 11.285714285714286, 8.571428571428571], "time": ["6/21/21", "6/22/21", "6/23/21", "6/24/21", "6/25/21", "6/26/21", "6/27/21", "6/28/21", "6/29/21", "6/30/21", "7/1/21", "7/2/21", "7/3/21", "7/4/21", "7/5/21", "7/6/21", "7/7/21", "7/8/21", "7/9/21", "7/10/21", "7/11/21", "7/12/21", "7/13/21", "7/14/21", "7/15/21", "7/16/21", "7/17/21", "7/18/21", "7/19/21"], "original_values": [4, 23, 7, 2, 0, 5, 0, 3, 10, -1, 7, 10, 0, 0, 0, 21, 0, 10, 0, 12, 0, 28, 10, 0, 15, 0, 40, 0, 0]}