{"dates": ["6/24/21", "6/25/21", "6/26/21", "6/27/21", "6/28/21", "6/29/21", "6/30/21", "7/1/21", "7/2/21", "7/3/21", "7/4/21", "7/5/21", "7/6/21", "7/7/21", "7/8/21", "7/9/21", "7/10/21", "7/11/21", "7/12/21", "7/13/21", "7/14/21", "7/15/21"], "max_14": 82, "max": 5010, "value": [5.142857142857143, 5.214285714285714, 5.785714285714286, 6.428571428571429, 6.714285714285714, 7.071428571428571, 6.142857142857143, 5.0, 5.0, 4.642857142857143, 4.0, 3.7857142857142856, 3.7857142857142856, 3.5714285714285716, 3.4285714285714284, 3.5, 3.642857142857143, 4.428571428571429, 5.357142857142857, 6.714285714285714, 8.571428571428571, 9.285714285714286, 8.714285714285714, 7.785714285714286], "time": ["6/21/21", "6/22/21", "6/23/21", "6/24/21", "6/25/21", "6/26/21", "6/27/21", "6/28/21", "6/29/21", "6/30/21", "7/1/21", "7/2/21", "7/3/21", "7/4/21", "7/5/21", "7/6/21", "7/7/21", "7/8/21", "7/9/21", "7/10/21", "7/11/21", "7/12/21", "7/13/21", "7/14/21", "7/15/21", "7/16/21", "7/17/21", "7/18/21", "7/19/21"], "original_values": [6, 2, 4, 4, 0, 20, 0, 7, 9, 6, 6, 3, 4, 0, 7, 4, 2, 7, 2, 2, 0, 8, 5, 12, 10, 18, 12, 0, 0]}