{"dates": ["6/24/21", "6/25/21", "6/26/21", "6/27/21", "6/28/21", "6/29/21", "6/30/21", "7/1/21", "7/2/21", "7/3/21", "7/4/21", "7/5/21", "7/6/21", "7/7/21", "7/8/21", "7/9/21", "7/10/21", "7/11/21", "7/12/21", "7/13/21", "7/14/21", "7/15/21"], "max_14": 123, "max": 4580, "value": [0.42857142857142855, 0.5, 1.2142857142857142, 2.0, 2.0714285714285716, 2.0, 2.0, 2.0, 1.9285714285714286, 2.0, 2.7142857142857144, 3.2857142857142856, 3.9285714285714284, 4.571428571428571, 4.571428571428571, 5.785714285714286, 6.285714285714286, 5.928571428571429, 6.857142857142857, 7.642857142857143, 7.857142857142857, 7.857142857142857, 9.214285714285714, 10.5], "time": ["6/21/21", "6/22/21", "6/23/21", "6/24/21", "6/25/21", "6/26/21", "6/27/21", "6/28/21", "6/29/21", "6/30/21", "7/1/21", "7/2/21", "7/3/21", "7/4/21", "7/5/21", "7/6/21", "7/7/21", "7/8/21", "7/9/21", "7/10/21", "7/11/21", "7/12/21", "7/13/21", "7/14/21", "7/15/21", "7/16/21", "7/17/21", "7/18/21", "7/19/21"], "original_values": [0, 0, 0, 1, 2, 0, 0, 1, 9, 2, 0, 2, 0, 0, 0, 11, 10, 0, 11, 0, 0, 17, 1, 15, 8, 14, 0, 0, 36]}