{"dates": ["6/24/21", "6/25/21", "6/26/21", "6/27/21", "6/28/21", "6/29/21", "6/30/21", "7/1/21", "7/2/21", "7/3/21", "7/4/21", "7/5/21", "7/6/21", "7/7/21", "7/8/21", "7/9/21", "7/10/21", "7/11/21", "7/12/21", "7/13/21", "7/14/21", "7/15/21"], "max_14": 95, "max": 17003, "value": [2.857142857142857, 2.7857142857142856, 2.642857142857143, 2.7857142857142856, 3.4285714285714284, 4.214285714285714, 4.571428571428571, 4.571428571428571, 4.142857142857143, 4.142857142857143, 4.214285714285714, 4.071428571428571, 4.571428571428571, 4.857142857142857, 4.857142857142857, 5.214285714285714, 5.5, 6.071428571428571, 6.571428571428571, 6.357142857142857, 6.285714285714286, 6.285714285714286, 7.142857142857143, 7.428571428571429], "time": ["6/21/21", "6/22/21", "6/23/21", "6/24/21", "6/25/21", "6/26/21", "6/27/21", "6/28/21", "6/29/21", "6/30/21", "7/1/21", "7/2/21", "7/3/21", "7/4/21", "7/5/21", "7/6/21", "7/7/21", "7/8/21", "7/9/21", "7/10/21", "7/11/21", "7/12/21", "7/13/21", "7/14/21", "7/15/21", "7/16/21", "7/17/21", "7/18/21", "7/19/21"], "original_values": [7, 4, 6, 2, 1, 0, 0, 6, 3, 9, 8, 6, 0, 0, 0, 9, 4, 11, 10, 0, 0, 5, 8, 13, 9, 9, 0, 0, 17]}