{"dates": ["6/24/21", "6/25/21", "6/26/21", "6/27/21", "6/28/21", "6/29/21", "6/30/21", "7/1/21", "7/2/21", "7/3/21", "7/4/21", "7/5/21", "7/6/21", "7/7/21", "7/8/21", "7/9/21", "7/10/21", "7/11/21", "7/12/21", "7/13/21", "7/14/21", "7/15/21"], "max_14": 173, "max": 4791, "value": [1.0, 0.5714285714285714, 0.14285714285714285, 0.07142857142857142, 0.0, 0.5, 1.0, 1.0, 1.1428571428571428, 1.2857142857142858, 2.5, 3.7142857142857144, 3.7142857142857144, 3.7142857142857144, 3.7142857142857144, 5.642857142857143, 7.571428571428571, 7.785714285714286, 8.0, 10.642857142857142, 13.285714285714286, 13.285714285714286, 15.214285714285714, 17.142857142857142], "time": ["6/21/21", "6/22/21", "6/23/21", "6/24/21", "6/25/21", "6/26/21", "6/27/21", "6/28/21", "6/29/21", "6/30/21", "7/1/21", "7/2/21", "7/3/21", "7/4/21", "7/5/21", "7/6/21", "7/7/21", "7/8/21", "7/9/21", "7/10/21", "7/11/21", "7/12/21", "7/13/21", "7/14/21", "7/15/21", "7/16/21", "7/17/21", "7/18/21", "7/19/21"], "original_values": [4, 0, 3, 0, 0, 0, 0, -2, 0, 2, 0, 7, 0, 0, 0, 0, 19, 0, 7, 0, 0, 27, 0, 22, 0, 44, 0, 0, 54]}