{"dates": ["6/24/21", "6/25/21", "6/26/21", "6/27/21", "6/28/21", "6/29/21", "6/30/21", "7/1/21", "7/2/21", "7/3/21", "7/4/21", "7/5/21", "7/6/21", "7/7/21", "7/8/21", "7/9/21", "7/10/21", "7/11/21", "7/12/21", "7/13/21", "7/14/21", "7/15/21"], "max_14": 3871, "max": 155617, "value": [105.85714285714286, 105.85714285714286, 105.85714285714286, 105.85714285714286, 105.85714285714286, 116.42857142857143, 127.0, 127.0, 127.0, 127.0, 127.0, 127.0, 162.28571428571428, 197.57142857142858, 197.57142857142858, 197.57142857142858, 197.57142857142858, 197.57142857142858, 197.57142857142858, 276.5, 355.42857142857144, 355.42857142857144, 355.42857142857144, 355.42857142857144], "time": ["6/21/21", "6/22/21", "6/23/21", "6/24/21", "6/25/21", "6/26/21", "6/27/21", "6/28/21", "6/29/21", "6/30/21", "7/1/21", "7/2/21", "7/3/21", "7/4/21", "7/5/21", "7/6/21", "7/7/21", "7/8/21", "7/9/21", "7/10/21", "7/11/21", "7/12/21", "7/13/21", "7/14/21", "7/15/21", "7/16/21", "7/17/21", "7/18/21", "7/19/21"], "original_values": [0, 0, 0, 0, 741, 0, 0, 0, 0, 0, 0, 889, 0, 0, 0, 0, 0, 0, 1383, 0, 0, 0, 0, 0, 0, 2488, 0, 0, 0]}