{"dates": ["6/24/21", "6/25/21", "6/26/21", "6/27/21", "6/28/21", "6/29/21", "6/30/21", "7/1/21", "7/2/21", "7/3/21", "7/4/21", "7/5/21", "7/6/21", "7/7/21", "7/8/21", "7/9/21", "7/10/21", "7/11/21", "7/12/21", "7/13/21", "7/14/21", "7/15/21"], "max_14": 144, "max": 11541, "value": [3.642857142857143, 3.642857142857143, 3.5, 3.2857142857142856, 3.357142857142857, 4.357142857142857, 4.714285714285714, 4.214285714285714, 3.9285714285714284, 4.5, 5.642857142857143, 6.428571428571429, 6.428571428571429, 6.142857142857143, 6.142857142857143, 6.928571428571429, 7.357142857142857, 7.285714285714286, 7.357142857142857, 7.142857142857143, 7.142857142857143, 7.142857142857143, 10.0, 12.285714285714286], "time": ["6/21/21", "6/22/21", "6/23/21", "6/24/21", "6/25/21", "6/26/21", "6/27/21", "6/28/21", "6/29/21", "6/30/21", "7/1/21", "7/2/21", "7/3/21", "7/4/21", "7/5/21", "7/6/21", "7/7/21", "7/8/21", "7/9/21", "7/10/21", "7/11/21", "7/12/21", "7/13/21", "7/14/21", "7/15/21", "7/16/21", "7/17/21", "7/18/21", "7/19/21"], "original_values": [4, 3, 7, 7, -1, 4, 3, 1, 4, 3, 12, 8, 0, 0, 0, 13, 10, 16, 4, 0, 0, 11, 8, 14, 13, 4, 0, 0, 51]}