{"dates": ["6/24/21", "6/25/21", "6/26/21", "6/27/21", "6/28/21", "6/29/21", "6/30/21", "7/1/21", "7/2/21", "7/3/21", "7/4/21", "7/5/21", "7/6/21", "7/7/21", "7/8/21", "7/9/21", "7/10/21", "7/11/21", "7/12/21", "7/13/21", "7/14/21", "7/15/21"], "max_14": 307, "max": 44034, "value": [1.4285714285714286, 1.5714285714285714, 1.2857142857142858, 1.2142857142857142, 0.7857142857142857, 0.7142857142857143, 1.5, 1.5714285714285714, 1.4285714285714286, 4.428571428571429, 8.0, 10.071428571428571, 12.357142857142858, 13.0, 13.0, 15.642857142857142, 16.071428571428573, 15.071428571428571, 16.428571428571427, 15.214285714285714, 13.857142857142858, 15.857142857142858, 21.714285714285715, 24.714285714285715], "time": ["6/21/21", "6/22/21", "6/23/21", "6/24/21", "6/25/21", "6/26/21", "6/27/21", "6/28/21", "6/29/21", "6/30/21", "7/1/21", "7/2/21", "7/3/21", "7/4/21", "7/5/21", "7/6/21", "7/7/21", "7/8/21", "7/9/21", "7/10/21", "7/11/21", "7/12/21", "7/13/21", "7/14/21", "7/15/21", "7/16/21", "7/17/21", "7/18/21", "7/19/21"], "original_values": [0, 5, 3, 3, 0, -1, 0, 2, -1, 8, -8, 10, 0, 0, 0, 43, 14, 15, 19, 0, 0, 37, 12, 31, 17, 0, 0, 28, 91]}