{"dates": ["6/24/21", "6/25/21", "6/26/21", "6/27/21", "6/28/21", "6/29/21", "6/30/21", "7/1/21", "7/2/21", "7/3/21", "7/4/21", "7/5/21", "7/6/21", "7/7/21", "7/8/21", "7/9/21", "7/10/21", "7/11/21", "7/12/21", "7/13/21", "7/14/21", "7/15/21"], "max_14": 324, "max": 36796, "value": [11.642857142857142, 12.071428571428571, 11.571428571428571, 10.285714285714286, 9.5, 9.357142857142858, 9.214285714285714, 9.142857142857142, 9.142857142857142, 9.714285714285714, 10.571428571428571, 11.642857142857142, 12.214285714285714, 12.571428571428571, 14.142857142857142, 14.714285714285714, 16.714285714285715, 19.642857142857142, 20.785714285714285, 23.5, 24.285714285714285, 21.642857142857142, 26.142857142857142, 28.357142857142858], "time": ["6/21/21", "6/22/21", "6/23/21", "6/24/21", "6/25/21", "6/26/21", "6/27/21", "6/28/21", "6/29/21", "6/30/21", "7/1/21", "7/2/21", "7/3/21", "7/4/21", "7/5/21", "7/6/21", "7/7/21", "7/8/21", "7/9/21", "7/10/21", "7/11/21", "7/12/21", "7/13/21", "7/14/21", "7/15/21", "7/16/21", "7/17/21", "7/18/21", "7/19/21"], "original_values": [5, 17, 24, 9, 13, 11, 5, 6, 9, 14, 8, 12, 10, 5, 6, 17, 18, 19, 9, 18, 19, 0, 51, 25, 28, 38, 0, 0, 82]}