{"dates": ["6/24/21", "6/25/21", "6/26/21", "6/27/21", "6/28/21", "6/29/21", "6/30/21", "7/1/21", "7/2/21", "7/3/21", "7/4/21", "7/5/21", "7/6/21", "7/7/21", "7/8/21", "7/9/21", "7/10/21", "7/11/21", "7/12/21", "7/13/21", "7/14/21", "7/15/21"], "max_14": 55, "max": 7144, "value": [2.4285714285714284, 2.2142857142857144, 1.5, 1.0714285714285714, 1.0714285714285714, 1.2142857142857142, 1.4285714285714286, 1.4285714285714286, 1.2857142857142858, 1.4285714285714286, 1.7857142857142858, 1.9285714285714286, 1.9285714285714286, 1.8571428571428572, 1.8571428571428572, 2.4285714285714284, 3.0, 3.5714285714285716, 4.571428571428571, 4.928571428571429, 4.857142857142857, 4.857142857142857, 4.857142857142857, 4.571428571428571], "time": ["6/21/21", "6/22/21", "6/23/21", "6/24/21", "6/25/21", "6/26/21", "6/27/21", "6/28/21", "6/29/21", "6/30/21", "7/1/21", "7/2/21", "7/3/21", "7/4/21", "7/5/21", "7/6/21", "7/7/21", "7/8/21", "7/9/21", "7/10/21", "7/11/21", "7/12/21", "7/13/21", "7/14/21", "7/15/21", "7/16/21", "7/17/21", "7/18/21", "7/19/21"], "original_values": [5, 7, 3, 1, 1, 0, 0, 2, 0, 4, 0, 4, 0, 0, 0, 4, 5, 1, 3, 0, 0, 8, 4, 13, 7, 2, 0, 0, 8]}