{"dates": ["6/24/21", "6/25/21", "6/26/21", "6/27/21", "6/28/21", "6/29/21", "6/30/21", "7/1/21", "7/2/21", "7/3/21", "7/4/21", "7/5/21", "7/6/21", "7/7/21", "7/8/21", "7/9/21", "7/10/21", "7/11/21", "7/12/21", "7/13/21", "7/14/21", "7/15/21"], "max_14": 148, "max": 6370, "value": [7.285714285714286, 7.214285714285714, 7.142857142857143, 8.142857142857142, 8.928571428571429, 9.0, 8.928571428571429, 8.928571428571429, 9.214285714285714, 8.571428571428571, 6.928571428571429, 5.714285714285714, 5.928571428571429, 6.928571428571429, 8.071428571428571, 8.785714285714286, 9.285714285714286, 10.071428571428571, 10.571428571428571, 10.785714285714286, 11.214285714285714, 11.642857142857142, 11.928571428571429, 11.785714285714286], "time": ["6/21/21", "6/22/21", "6/23/21", "6/24/21", "6/25/21", "6/26/21", "6/27/21", "6/28/21", "6/29/21", "6/30/21", "7/1/21", "7/2/21", "7/3/21", "7/4/21", "7/5/21", "7/6/21", "7/7/21", "7/8/21", "7/9/21", "7/10/21", "7/11/21", "7/12/21", "7/13/21", "7/14/21", "7/15/21", "7/16/21", "7/17/21", "7/18/21", "7/19/21"], "original_values": [7, 7, 3, 11, 12, 10, 2, 4, 9, 15, 10, 14, 7, 5, 5, -1, 2, 6, 21, 14, 14, 6, 5, 7, 8, 22, 19, 15, 9]}