{"dates": ["6/24/21", "6/25/21", "6/26/21", "6/27/21", "6/28/21", "6/29/21", "6/30/21", "7/1/21", "7/2/21", "7/3/21", "7/4/21", "7/5/21", "7/6/21", "7/7/21", "7/8/21", "7/9/21", "7/10/21", "7/11/21", "7/12/21", "7/13/21", "7/14/21", "7/15/21"], "max_14": 41, "max": 2729, "value": [1.1428571428571428, 1.0, 0.7857142857142857, 0.9285714285714286, 1.2857142857142858, 1.5, 1.4285714285714286, 1.2857142857142858, 1.2857142857142858, 1.8571428571428572, 2.357142857142857, 2.142857142857143, 2.0714285714285716, 2.142857142857143, 2.142857142857143, 2.5714285714285716, 2.642857142857143, 2.2142857142857144, 2.2857142857142856, 2.2857142857142856, 2.142857142857143, 2.142857142857143, 2.5, 2.642857142857143], "time": ["6/21/21", "6/22/21", "6/23/21", "6/24/21", "6/25/21", "6/26/21", "6/27/21", "6/28/21", "6/29/21", "6/30/21", "7/1/21", "7/2/21", "7/3/21", "7/4/21", "7/5/21", "7/6/21", "7/7/21", "7/8/21", "7/9/21", "7/10/21", "7/11/21", "7/12/21", "7/13/21", "7/14/21", "7/15/21", "7/16/21", "7/17/21", "7/18/21", "7/19/21"], "original_values": [2, 1, 0, 2, 1, 2, 0, 0, 0, 3, 4, 2, 0, 0, 0, 8, 2, 2, 3, 0, 0, 6, 3, 1, 4, 1, 0, 0, 11]}