{"dates": ["6/24/21", "6/25/21", "6/26/21", "6/27/21", "6/28/21", "6/29/21", "6/30/21", "7/1/21", "7/2/21", "7/3/21", "7/4/21", "7/5/21", "7/6/21", "7/7/21", "7/8/21", "7/9/21", "7/10/21", "7/11/21", "7/12/21", "7/13/21", "7/14/21", "7/15/21"], "max_14": 37, "max": 5230, "value": [4.571428571428571, 5.857142857142857, 5.928571428571429, 4.642857142857143, 4.785714285714286, 5.142857142857143, 5.285714285714286, 5.285714285714286, 4.0, 2.9285714285714284, 3.0, 2.5, 1.9285714285714286, 1.7142857142857142, 1.7142857142857142, 2.2857142857142856, 2.5, 2.357142857142857, 2.857142857142857, 3.2142857142857144, 3.2857142857142856, 3.2857142857142856, 2.857142857142857, 2.2857142857142856], "time": ["6/21/21", "6/22/21", "6/23/21", "6/24/21", "6/25/21", "6/26/21", "6/27/21", "6/28/21", "6/29/21", "6/30/21", "7/1/21", "7/2/21", "7/3/21", "7/4/21", "7/5/21", "7/6/21", "7/7/21", "7/8/21", "7/9/21", "7/10/21", "7/11/21", "7/12/21", "7/13/21", "7/14/21", "7/15/21", "7/16/21", "7/17/21", "7/18/21", "7/19/21"], "original_values": [0, 21, 4, 2, 5, 0, 0, 18, 4, 3, 5, 7, 0, 0, 0, 7, 1, 0, 4, 0, 0, 8, 2, 4, 4, 5, 0, 0, 2]}