{"dates": ["6/24/21", "6/25/21", "6/26/21", "6/27/21", "6/28/21", "6/29/21", "6/30/21", "7/1/21", "7/2/21", "7/3/21", "7/4/21", "7/5/21", "7/6/21", "7/7/21", "7/8/21", "7/9/21", "7/10/21", "7/11/21", "7/12/21", "7/13/21", "7/14/21", "7/15/21"], "max_14": 75, "max": 13622, "value": [5.571428571428571, 6.071428571428571, 6.071428571428571, 5.571428571428571, 5.142857142857143, 4.5, 3.642857142857143, 3.5, 3.2857142857142856, 2.5714285714285716, 2.357142857142857, 2.857142857142857, 3.642857142857143, 3.857142857142857, 3.2142857142857144, 2.7142857142857144, 3.7142857142857144, 4.785714285714286, 5.428571428571429, 6.142857142857143, 7.142857142857143, 8.0, 8.0, 7.0], "time": ["6/21/21", "6/22/21", "6/23/21", "6/24/21", "6/25/21", "6/26/21", "6/27/21", "6/28/21", "6/29/21", "6/30/21", "7/1/21", "7/2/21", "7/3/21", "7/4/21", "7/5/21", "7/6/21", "7/7/21", "7/8/21", "7/9/21", "7/10/21", "7/11/21", "7/12/21", "7/13/21", "7/14/21", "7/15/21", "7/16/21", "7/17/21", "7/18/21", "7/19/21"], "original_values": [3, 7, 6, 3, 9, 9, 4, 6, 4, 2, 1, 2, 4, 7, 0, 0, 3, 7, 7, 2, 0, 0, 14, 4, 15, 9, 14, 0, 0]}