{"dates": ["6/24/21", "6/25/21", "6/26/21", "6/27/21", "6/28/21", "6/29/21", "6/30/21", "7/1/21", "7/2/21", "7/3/21", "7/4/21", "7/5/21", "7/6/21", "7/7/21", "7/8/21", "7/9/21", "7/10/21", "7/11/21", "7/12/21", "7/13/21", "7/14/21", "7/15/21"], "max_14": 269, "max": 73734, "value": [15.571428571428571, 15.928571428571429, 15.142857142857142, 13.785714285714286, 11.714285714285714, 11.214285714285714, 11.785714285714286, 11.571428571428571, 11.571428571428571, 11.214285714285714, 11.214285714285714, 12.785714285714286, 13.928571428571429, 13.571428571428571, 14.071428571428571, 15.071428571428571, 16.142857142857142, 17.714285714285715, 18.285714285714285, 18.571428571428573, 19.642857142857142, 21.071428571428573, 22.5, 21.714285714285715], "time": ["6/21/21", "6/22/21", "6/23/21", "6/24/21", "6/25/21", "6/26/21", "6/27/21", "6/28/21", "6/29/21", "6/30/21", "7/1/21", "7/2/21", "7/3/21", "7/4/21", "7/5/21", "7/6/21", "7/7/21", "7/8/21", "7/9/21", "7/10/21", "7/11/21", "7/12/21", "7/13/21", "7/14/21", "7/15/21", "7/16/21", "7/17/21", "7/18/21", "7/19/21"], "original_values": [7, 21, 21, 24, 11, 21, 8, 4, 13, 10, 6, 22, 18, 8, 4, 8, 15, 23, 21, 14, 19, 7, 20, 25, 21, 27, 23, 30, 16]}