{"dates": ["6/24/21", "6/25/21", "6/26/21", "6/27/21", "6/28/21", "6/29/21", "6/30/21", "7/1/21", "7/2/21", "7/3/21", "7/4/21", "7/5/21", "7/6/21", "7/7/21", "7/8/21", "7/9/21", "7/10/21", "7/11/21", "7/12/21", "7/13/21", "7/14/21", "7/15/21"], "max_14": 87, "max": 2420, "value": [0.7142857142857143, 1.1428571428571428, 1.7142857142857142, 1.7857142857142858, 1.7142857142857142, 1.7857142857142858, 1.8571428571428572, 1.8571428571428572, 1.3571428571428572, 1.3571428571428572, 2.0714285714285716, 2.2857142857142856, 2.5, 2.7142857142857144, 2.7142857142857144, 3.7142857142857144, 4.5, 4.571428571428571, 4.857142857142857, 5.857142857142857, 6.857142857142857, 6.857142857142857, 7.285714285714286, 7.142857142857143], "time": ["6/21/21", "6/22/21", "6/23/21", "6/24/21", "6/25/21", "6/26/21", "6/27/21", "6/28/21", "6/29/21", "6/30/21", "7/1/21", "7/2/21", "7/3/21", "7/4/21", "7/5/21", "7/6/21", "7/7/21", "7/8/21", "7/9/21", "7/10/21", "7/11/21", "7/12/21", "7/13/21", "7/14/21", "7/15/21", "7/16/21", "7/17/21", "7/18/21", "7/19/21"], "original_values": [1, 2, 4, 0, -2, 0, 0, 7, 4, 3, 0, -1, 0, 0, 0, 11, 6, 0, 2, 0, 0, 14, 8, 10, 0, 16, 0, 0, 20]}