{"dates": ["6/24/21", "6/25/21", "6/26/21", "6/27/21", "6/28/21", "6/29/21", "6/30/21", "7/1/21", "7/2/21", "7/3/21", "7/4/21", "7/5/21", "7/6/21", "7/7/21", "7/8/21", "7/9/21", "7/10/21", "7/11/21", "7/12/21", "7/13/21", "7/14/21", "7/15/21"], "max_14": 101, "max": 3414, "value": [4.714285714285714, 4.571428571428571, 4.642857142857143, 4.928571428571429, 3.2142857142857144, 1.2857142857142858, 1.1428571428571428, 1.1428571428571428, 1.1428571428571428, 3.357142857142857, 5.928571428571429, 7.285714285714286, 8.214285714285714, 8.142857142857142, 8.142857142857142, 8.571428571428571, 6.642857142857143, 4.0, 2.857142857142857, 1.8571428571428572, 1.7142857142857142, 1.7142857142857142, 3.5714285714285716, 5.357142857142857], "time": ["6/21/21", "6/22/21", "6/23/21", "6/24/21", "6/25/21", "6/26/21", "6/27/21", "6/28/21", "6/29/21", "6/30/21", "7/1/21", "7/2/21", "7/3/21", "7/4/21", "7/5/21", "7/6/21", "7/7/21", "7/8/21", "7/9/21", "7/10/21", "7/11/21", "7/12/21", "7/13/21", "7/14/21", "7/15/21", "7/16/21", "7/17/21", "7/18/21", "7/19/21"], "original_values": [2, 0, 0, 26, 5, 0, 0, 0, 3, 1, 1, 3, 0, 0, 0, 34, 6, 15, 2, 0, 0, 6, 1, 2, 3, 0, 0, 0, 32]}