{"dates": ["6/24/21", "6/25/21", "6/26/21", "6/27/21", "6/28/21", "6/29/21", "6/30/21", "7/1/21", "7/2/21", "7/3/21", "7/4/21", "7/5/21", "7/6/21", "7/7/21", "7/8/21", "7/9/21", "7/10/21", "7/11/21", "7/12/21", "7/13/21", "7/14/21", "7/15/21"], "max_14": 86, "max": 15407, "value": [1.4285714285714286, 1.7857142857142858, 1.7142857142857142, 0.5, -0.14285714285714285, 1.5714285714285714, 3.0714285714285716, 3.0, 2.642857142857143, 2.9285714285714284, 4.714285714285714, 5.785714285714286, 4.428571428571429, 3.142857142857143, 3.142857142857143, 3.642857142857143, 4.428571428571429, 4.571428571428571, 4.642857142857143, 4.571428571428571, 4.285714285714286, 4.785714285714286, 6.714285714285714, 7.571428571428571], "time": ["6/21/21", "6/22/21", "6/23/21", "6/24/21", "6/25/21", "6/26/21", "6/27/21", "6/28/21", "6/29/21", "6/30/21", "7/1/21", "7/2/21", "7/3/21", "7/4/21", "7/5/21", "7/6/21", "7/7/21", "7/8/21", "7/9/21", "7/10/21", "7/11/21", "7/12/21", "7/13/21", "7/14/21", "7/15/21", "7/16/21", "7/17/21", "7/18/21", "7/19/21"], "original_values": [0, 1, 4, 4, 0, 1, 0, 5, -5, -7, 6, 22, 0, 0, 0, 4, 9, 5, 4, 0, 0, 7, 8, 7, 8, 0, 0, 7, 27]}