{"dates": ["6/24/21", "6/25/21", "6/26/21", "6/27/21", "6/28/21", "6/29/21", "6/30/21", "7/1/21", "7/2/21", "7/3/21", "7/4/21", "7/5/21", "7/6/21", "7/7/21", "7/8/21", "7/9/21", "7/10/21", "7/11/21", "7/12/21", "7/13/21", "7/14/21", "7/15/21"], "max_14": 493, "max": 34322, "value": [0.5714285714285714, 1.5, 2.7142857142857144, 3.2142857142857144, 3.9285714285714284, 5.357142857142857, 6.285714285714286, 6.285714285714286, 10.285714285714286, 14.857142857142858, 16.071428571428573, 17.357142857142858, 19.5, 21.0, 21.0, 26.357142857142858, 32.142857142857146, 33.0, 35.92857142857143, 38.07142857142857, 37.714285714285715, 37.714285714285715, 38.214285714285715, 37.214285714285715], "time": ["6/21/21", "6/22/21", "6/23/21", "6/24/21", "6/25/21", "6/26/21", "6/27/21", "6/28/21", "6/29/21", "6/30/21", "7/1/21", "7/2/21", "7/3/21", "7/4/21", "7/5/21", "7/6/21", "7/7/21", "7/8/21", "7/9/21", "7/10/21", "7/11/21", "7/12/21", "7/13/21", "7/14/21", "7/15/21", "7/16/21", "7/17/21", "7/18/21", "7/19/21"], "original_values": [-2, 3, 0, 1, 2, 0, 0, 11, 7, 3, 8, 15, 0, 0, 67, 15, 12, 17, 36, 0, 0, 142, 21, 18, 52, 31, 0, 0, 149]}