{"dates": ["6/24/21", "6/25/21", "6/26/21", "6/27/21", "6/28/21", "6/29/21", "6/30/21", "7/1/21", "7/2/21", "7/3/21", "7/4/21", "7/5/21", "7/6/21", "7/7/21", "7/8/21", "7/9/21", "7/10/21", "7/11/21", "7/12/21", "7/13/21", "7/14/21", "7/15/21"], "max_14": 220, "max": 43084, "value": [6.857142857142857, 6.928571428571429, 7.0, 7.071428571428571, 6.714285714285714, 6.571428571428571, 6.428571428571429, 6.0, 5.357142857142857, 5.285714285714286, 6.928571428571429, 8.642857142857142, 9.714285714285714, 10.071428571428571, 9.571428571428571, 10.857142857142858, 13.142857142857142, 14.714285714285714, 16.428571428571427, 17.714285714285715, 17.857142857142858, 17.857142857142858, 18.571428571428573, 17.214285714285715], "time": ["6/21/21", "6/22/21", "6/23/21", "6/24/21", "6/25/21", "6/26/21", "6/27/21", "6/28/21", "6/29/21", "6/30/21", "7/1/21", "7/2/21", "7/3/21", "7/4/21", "7/5/21", "7/6/21", "7/7/21", "7/8/21", "7/9/21", "7/10/21", "7/11/21", "7/12/21", "7/13/21", "7/14/21", "7/15/21", "7/16/21", "7/17/21", "7/18/21", "7/19/21"], "original_values": [8, 7, 8, 7, 8, 7, 6, 3, 13, 3, 7, 6, 7, 0, 0, 15, 24, 10, 18, 0, 0, 18, 29, 32, 26, 20, 0, 0, 28]}