{"dates": ["6/24/21", "6/25/21", "6/26/21", "6/27/21", "6/28/21", "6/29/21", "6/30/21", "7/1/21", "7/2/21", "7/3/21", "7/4/21", "7/5/21", "7/6/21", "7/7/21", "7/8/21", "7/9/21", "7/10/21", "7/11/21", "7/12/21", "7/13/21", "7/14/21", "7/15/21"], "max_14": 157, "max": 8190, "value": [2.2857142857142856, 2.2857142857142856, 2.2857142857142856, 2.2857142857142856, 2.2857142857142856, 3.357142857142857, 4.428571428571429, 4.428571428571429, 4.428571428571429, 4.428571428571429, 4.428571428571429, 4.428571428571429, 6.714285714285714, 9.0, 9.0, 9.0, 9.0, 9.0, 9.0, 11.214285714285714, 13.428571428571429, 13.428571428571429, 13.428571428571429, 13.428571428571429], "time": ["6/21/21", "6/22/21", "6/23/21", "6/24/21", "6/25/21", "6/26/21", "6/27/21", "6/28/21", "6/29/21", "6/30/21", "7/1/21", "7/2/21", "7/3/21", "7/4/21", "7/5/21", "7/6/21", "7/7/21", "7/8/21", "7/9/21", "7/10/21", "7/11/21", "7/12/21", "7/13/21", "7/14/21", "7/15/21", "7/16/21", "7/17/21", "7/18/21", "7/19/21"], "original_values": [0, 0, 0, 0, 16, 0, 0, 0, 0, 0, 0, 31, 0, 0, 0, 0, 0, 0, 63, 0, 0, 0, 0, 0, 0, 94, 0, 0, 0]}