{"dates": ["6/24/21", "6/25/21", "6/26/21", "6/27/21", "6/28/21", "6/29/21", "6/30/21", "7/1/21", "7/2/21", "7/3/21", "7/4/21", "7/5/21", "7/6/21", "7/7/21", "7/8/21", "7/9/21", "7/10/21", "7/11/21", "7/12/21", "7/13/21", "7/14/21", "7/15/21"], "max_14": 253, "max": 12123, "value": [5.0, 5.0, 4.785714285714286, 4.5, 4.071428571428571, 3.5, 3.642857142857143, 4.0, 4.0, 5.071428571428571, 6.0, 7.0, 8.214285714285714, 9.928571428571429, 11.571428571428571, 11.571428571428571, 13.071428571428571, 15.5, 19.0, 21.928571428571427, 23.428571428571427, 24.571428571428573, 24.571428571428573, 21.0], "time": ["6/21/21", "6/22/21", "6/23/21", "6/24/21", "6/25/21", "6/26/21", "6/27/21", "6/28/21", "6/29/21", "6/30/21", "7/1/21", "7/2/21", "7/3/21", "7/4/21", "7/5/21", "7/6/21", "7/7/21", "7/8/21", "7/9/21", "7/10/21", "7/11/21", "7/12/21", "7/13/21", "7/14/21", "7/15/21", "7/16/21", "7/17/21", "7/18/21", "7/19/21"], "original_values": [0, 17, 4, 7, 7, 0, 0, 0, 14, 3, 2, 4, 5, 0, 0, 29, 1, 18, 5, 28, 0, 0, 50, 14, 54, 10, 44, 0, 0]}