{"dates": ["6/24/21", "6/25/21", "6/26/21", "6/27/21", "6/28/21", "6/29/21", "6/30/21", "7/1/21", "7/2/21", "7/3/21", "7/4/21", "7/5/21", "7/6/21", "7/7/21", "7/8/21", "7/9/21", "7/10/21", "7/11/21", "7/12/21", "7/13/21", "7/14/21", "7/15/21"], "max_14": 263, "max": 36995, "value": [8.857142857142858, 9.857142857142858, 11.285714285714286, 12.571428571428571, 12.785714285714286, 11.928571428571429, 11.714285714285714, 11.714285714285714, 9.571428571428571, 8.5, 8.714285714285714, 9.0, 10.642857142857142, 11.142857142857142, 11.142857142857142, 13.571428571428571, 15.285714285714286, 15.357142857142858, 16.642857142857142, 17.285714285714285, 17.428571428571427, 17.428571428571427, 19.5, 20.214285714285715], "time": ["6/21/21", "6/22/21", "6/23/21", "6/24/21", "6/25/21", "6/26/21", "6/27/21", "6/28/21", "6/29/21", "6/30/21", "7/1/21", "7/2/21", "7/3/21", "7/4/21", "7/5/21", "7/6/21", "7/7/21", "7/8/21", "7/9/21", "7/10/21", "7/11/21", "7/12/21", "7/13/21", "7/14/21", "7/15/21", "7/16/21", "7/17/21", "7/18/21", "7/19/21"], "original_values": [16, 8, 5, 20, 13, 0, 0, 30, 14, 17, 11, 10, 0, 0, 0, 29, 5, 27, 17, 0, 0, 34, 19, 16, 34, 19, 0, 0, 63]}