{"dates": ["6/24/21", "6/25/21", "6/26/21", "6/27/21", "6/28/21", "6/29/21", "6/30/21", "7/1/21", "7/2/21", "7/3/21", "7/4/21", "7/5/21", "7/6/21", "7/7/21", "7/8/21", "7/9/21", "7/10/21", "7/11/21", "7/12/21", "7/13/21", "7/14/21", "7/15/21"], "max_14": 835, "max": 25473, "value": [17.0, 17.571428571428573, 17.428571428571427, 17.285714285714285, 17.928571428571427, 20.928571428571427, 23.857142857142858, 23.857142857142858, 20.428571428571427, 23.714285714285715, 33.0, 35.0, 35.0, 35.57142857142857, 35.57142857142857, 45.92857142857143, 51.42857142857143, 49.285714285714285, 54.357142857142854, 58.142857142857146, 59.57142857142857, 59.57142857142857, 61.285714285714285, 60.0], "time": ["6/21/21", "6/22/21", "6/23/21", "6/24/21", "6/25/21", "6/26/21", "6/27/21", "6/28/21", "6/29/21", "6/30/21", "7/1/21", "7/2/21", "7/3/21", "7/4/21", "7/5/21", "7/6/21", "7/7/21", "7/8/21", "7/9/21", "7/10/21", "7/11/21", "7/12/21", "7/13/21", "7/14/21", "7/15/21", "7/16/21", "7/17/21", "7/18/21", "7/19/21"], "original_values": [40, 26, 23, 29, 1, 0, 0, 48, 16, 31, 30, 42, 0, 0, 0, 110, 67, 22, 50, 0, 0, 145, 42, 105, 55, 70, 0, 0, 169]}