{"dates": ["6/24/21", "6/25/21", "6/26/21", "6/27/21", "6/28/21", "6/29/21", "6/30/21", "7/1/21", "7/2/21", "7/3/21", "7/4/21", "7/5/21", "7/6/21", "7/7/21", "7/8/21", "7/9/21", "7/10/21", "7/11/21", "7/12/21", "7/13/21", "7/14/21", "7/15/21"], "max_14": 58, "max": 17314, "value": [4.642857142857143, 4.785714285714286, 4.571428571428571, 4.357142857142857, 4.571428571428571, 5.0, 5.357142857142857, 5.142857142857143, 4.571428571428571, 4.214285714285714, 3.857142857142857, 3.2857142857142856, 2.142857142857143, 1.2857142857142858, 1.0714285714285714, 1.4285714285714286, 2.357142857142857, 3.142857142857143, 3.7142857142857144, 4.428571428571429, 5.214285714285714, 6.214285714285714, 6.642857142857143, 5.928571428571429], "time": ["6/21/21", "6/22/21", "6/23/21", "6/24/21", "6/25/21", "6/26/21", "6/27/21", "6/28/21", "6/29/21", "6/30/21", "7/1/21", "7/2/21", "7/3/21", "7/4/21", "7/5/21", "7/6/21", "7/7/21", "7/8/21", "7/9/21", "7/10/21", "7/11/21", "7/12/21", "7/13/21", "7/14/21", "7/15/21", "7/16/21", "7/17/21", "7/18/21", "7/19/21"], "original_values": [3, 5, 8, 4, 9, 1, 5, 0, 5, 5, 10, 9, 6, -3, 0, 0, 5, 2, 1, 2, -2, 4, 9, 7, 8, 5, 9, 5, 3]}