{"dates": ["6/24/21", "6/25/21", "6/26/21", "6/27/21", "6/28/21", "6/29/21", "6/30/21", "7/1/21", "7/2/21", "7/3/21", "7/4/21", "7/5/21", "7/6/21", "7/7/21", "7/8/21", "7/9/21", "7/10/21", "7/11/21", "7/12/21", "7/13/21", "7/14/21", "7/15/21"], "max_14": 314, "max": 102273, "value": [11.857142857142858, 12.785714285714286, 13.0, 13.428571428571429, 13.214285714285714, 12.142857142857142, 11.714285714285714, 11.428571428571429, 11.857142857142858, 11.714285714285714, 11.285714285714286, 12.142857142857142, 13.357142857142858, 14.214285714285714, 14.857142857142858, 14.857142857142858, 16.214285714285715, 18.642857142857142, 20.5, 23.357142857142858, 25.785714285714285, 28.214285714285715, 30.142857142857142, 28.428571428571427], "time": ["6/21/21", "6/22/21", "6/23/21", "6/24/21", "6/25/21", "6/26/21", "6/27/21", "6/28/21", "6/29/21", "6/30/21", "7/1/21", "7/2/21", "7/3/21", "7/4/21", "7/5/21", "7/6/21", "7/7/21", "7/8/21", "7/9/21", "7/10/21", "7/11/21", "7/12/21", "7/13/21", "7/14/21", "7/15/21", "7/16/21", "7/17/21", "7/18/21", "7/19/21"], "original_values": [4, 15, 6, 20, 16, 17, 10, 7, 15, 12, 11, 10, 17, 6, 17, 3, 18, 17, 21, 18, 14, 9, 30, 25, 36, 42, 31, 35, 15]}