{"dates": ["6/24/21", "6/25/21", "6/26/21", "6/27/21", "6/28/21", "6/29/21", "6/30/21", "7/1/21", "7/2/21", "7/3/21", "7/4/21", "7/5/21", "7/6/21", "7/7/21", "7/8/21", "7/9/21", "7/10/21", "7/11/21", "7/12/21", "7/13/21", "7/14/21", "7/15/21"], "max_14": 469, "max": 31228, "value": [14.857142857142858, 15.642857142857142, 16.142857142857142, 16.214285714285715, 16.857142857142858, 16.928571428571427, 15.357142857142858, 14.0, 12.0, 12.928571428571429, 16.357142857142858, 17.571428571428573, 19.714285714285715, 21.142857142857142, 21.142857142857142, 26.857142857142858, 30.214285714285715, 28.0, 28.928571428571427, 30.428571428571427, 31.142857142857142, 31.142857142857142, 32.785714285714285, 33.0], "time": ["6/21/21", "6/22/21", "6/23/21", "6/24/21", "6/25/21", "6/26/21", "6/27/21", "6/28/21", "6/29/21", "6/30/21", "7/1/21", "7/2/21", "7/3/21", "7/4/21", "7/5/21", "7/6/21", "7/7/21", "7/8/21", "7/9/21", "7/10/21", "7/11/21", "7/12/21", "7/13/21", "7/14/21", "7/15/21", "7/16/21", "7/17/21", "7/18/21", "7/19/21"], "original_values": [17, 16, 8, 21, 23, 19, 0, 28, 12, 13, 25, 20, 0, 0, 0, 53, 20, 35, 40, 0, 0, 80, 20, 22, 46, 50, 0, 0, 103]}