{"dates": ["6/24/21", "6/25/21", "6/26/21", "6/27/21", "6/28/21", "6/29/21", "6/30/21", "7/1/21", "7/2/21", "7/3/21", "7/4/21", "7/5/21", "7/6/21", "7/7/21", "7/8/21", "7/9/21", "7/10/21", "7/11/21", "7/12/21", "7/13/21", "7/14/21", "7/15/21"], "max_14": 484, "max": 44523, "value": [4.571428571428571, 5.928571428571429, 7.0, 7.428571428571429, 8.142857142857142, 8.142857142857142, 8.142857142857142, 8.142857142857142, 11.285714285714286, 14.357142857142858, 15.214285714285714, 17.5, 20.0, 21.142857142857142, 21.142857142857142, 23.5, 26.428571428571427, 27.642857142857142, 30.214285714285715, 33.07142857142857, 34.0, 34.0, 38.642857142857146, 42.142857142857146], "time": ["6/21/21", "6/22/21", "6/23/21", "6/24/21", "6/25/21", "6/26/21", "6/27/21", "6/28/21", "6/29/21", "6/30/21", "7/1/21", "7/2/21", "7/3/21", "7/4/21", "7/5/21", "7/6/21", "7/7/21", "7/8/21", "7/9/21", "7/10/21", "7/11/21", "7/12/21", "7/13/21", "7/14/21", "7/15/21", "7/16/21", "7/17/21", "7/18/21", "7/19/21"], "original_values": [1, 13, 1, 2, 15, 0, 0, 20, 9, 11, 2, 15, 0, 0, 64, 8, 24, 21, 31, 0, 0, 97, 16, 33, 48, 44, 0, 0, 162]}