{"dates": ["6/24/21", "6/25/21", "6/26/21", "6/27/21", "6/28/21", "6/29/21", "6/30/21", "7/1/21", "7/2/21", "7/3/21", "7/4/21", "7/5/21", "7/6/21", "7/7/21", "7/8/21", "7/9/21", "7/10/21", "7/11/21", "7/12/21", "7/13/21", "7/14/21", "7/15/21"], "max_14": 1187, "max": 48530, "value": [19.142857142857142, 18.5, 17.857142857142858, 17.857142857142858, 17.857142857142858, 17.857142857142858, 17.857142857142858, 17.857142857142858, 23.357142857142858, 28.857142857142858, 28.857142857142858, 28.857142857142858, 28.857142857142858, 28.857142857142858, 28.857142857142858, 42.42857142857143, 69.71428571428571, 87.28571428571429, 100.57142857142857, 115.14285714285714, 120.28571428571429, 120.28571428571429, 116.92857142857143, 99.85714285714286], "time": ["6/21/21", "6/22/21", "6/23/21", "6/24/21", "6/25/21", "6/26/21", "6/27/21", "6/28/21", "6/29/21", "6/30/21", "7/1/21", "7/2/21", "7/3/21", "7/4/21", "7/5/21", "7/6/21", "7/7/21", "7/8/21", "7/9/21", "7/10/21", "7/11/21", "7/12/21", "7/13/21", "7/14/21", "7/15/21", "7/16/21", "7/17/21", "7/18/21", "7/19/21"], "original_values": [134, 0, 0, 0, 0, 0, 0, 125, 0, 0, 0, 0, 0, 0, 202, 0, 0, 0, 0, 0, 0, 392, 192, 54, 132, 72, 0, 0, 345]}