{"dates": ["6/24/21", "6/25/21", "6/26/21", "6/27/21", "6/28/21", "6/29/21", "6/30/21", "7/1/21", "7/2/21", "7/3/21", "7/4/21", "7/5/21", "7/6/21", "7/7/21", "7/8/21", "7/9/21", "7/10/21", "7/11/21", "7/12/21", "7/13/21", "7/14/21", "7/15/21"], "max_14": 521, "max": 14598, "value": [9.0, 9.857142857142858, 11.785714285714286, 14.142857142857142, 15.428571428571429, 15.785714285714286, 16.142857142857142, 16.142857142857142, 14.142857142857142, 13.714285714285714, 16.571428571428573, 18.357142857142858, 20.071428571428573, 21.285714285714285, 21.285714285714285, 25.642857142857142, 28.214285714285715, 26.214285714285715, 26.642857142857142, 29.071428571428573, 30.857142857142858, 30.857142857142858, 37.642857142857146, 43.142857142857146], "time": ["6/21/21", "6/22/21", "6/23/21", "6/24/21", "6/25/21", "6/26/21", "6/27/21", "6/28/21", "6/29/21", "6/30/21", "7/1/21", "7/2/21", "7/3/21", "7/4/21", "7/5/21", "7/6/21", "7/7/21", "7/8/21", "7/9/21", "7/10/21", "7/11/21", "7/12/21", "7/13/21", "7/14/21", "7/15/21", "7/16/21", "7/17/21", "7/18/21", "7/19/21"], "original_values": [16, 6, 10, 20, 11, 0, 0, 28, 21, 28, 20, 16, 0, 0, 0, 43, 46, 27, 33, 0, 0, 61, 18, 43, 36, 58, 0, 0, 156]}