{"dates": ["6/24/21", "6/25/21", "6/26/21", "6/27/21", "6/28/21", "6/29/21", "6/30/21", "7/1/21", "7/2/21", "7/3/21", "7/4/21", "7/5/21", "7/6/21", "7/7/21", "7/8/21", "7/9/21", "7/10/21", "7/11/21", "7/12/21", "7/13/21", "7/14/21", "7/15/21"], "max_14": 562, "max": 42416, "value": [10.142857142857142, 10.5, 11.0, 11.571428571428571, 12.071428571428571, 12.571428571428571, 13.0, 13.0, 11.357142857142858, 12.571428571428571, 15.357142857142858, 18.285714285714285, 22.5, 23.714285714285715, 23.714285714285715, 29.571428571428573, 34.285714285714285, 36.285714285714285, 39.0, 38.857142857142854, 39.142857142857146, 39.142857142857146, 42.0, 42.214285714285715], "time": ["6/21/21", "6/22/21", "6/23/21", "6/24/21", "6/25/21", "6/26/21", "6/27/21", "6/28/21", "6/29/21", "6/30/21", "7/1/21", "7/2/21", "7/3/21", "7/4/21", "7/5/21", "7/6/21", "7/7/21", "7/8/21", "7/9/21", "7/10/21", "7/11/21", "7/12/21", "7/13/21", "7/14/21", "7/15/21", "7/16/21", "7/17/21", "7/18/21", "7/19/21"], "original_values": [18, 11, 15, 13, 14, 0, 0, 23, 13, 21, 14, 20, 0, 0, 0, 53, 20, 56, 37, 0, 0, 82, 37, 64, 50, 41, 0, 0, 122]}