{"dates": ["6/24/21", "6/25/21", "6/26/21", "6/27/21", "6/28/21", "6/29/21", "6/30/21", "7/1/21", "7/2/21", "7/3/21", "7/4/21", "7/5/21", "7/6/21", "7/7/21", "7/8/21", "7/9/21", "7/10/21", "7/11/21", "7/12/21", "7/13/21", "7/14/21", "7/15/21"], "max_14": 232, "max": 14077, "value": [8.0, 9.357142857142858, 11.357142857142858, 12.928571428571429, 12.714285714285714, 10.857142857142858, 10.142857142857142, 10.142857142857142, 7.857142857142857, 6.785714285714286, 7.285714285714286, 7.142857142857143, 8.357142857142858, 9.0, 9.0, 10.0, 9.928571428571429, 9.785714285714286, 10.928571428571429, 11.571428571428571, 12.0, 12.0, 17.071428571428573, 21.214285714285715], "time": ["6/21/21", "6/22/21", "6/23/21", "6/24/21", "6/25/21", "6/26/21", "6/27/21", "6/28/21", "6/29/21", "6/30/21", "7/1/21", "7/2/21", "7/3/21", "7/4/21", "7/5/21", "7/6/21", "7/7/21", "7/8/21", "7/9/21", "7/10/21", "7/11/21", "7/12/21", "7/13/21", "7/14/21", "7/15/21", "7/16/21", "7/17/21", "7/18/21", "7/19/21"], "original_values": [13, 2, 7, 21, 13, 0, 0, 32, 11, 20, 5, 3, 0, 0, 0, 28, 10, 13, 12, 0, 0, 14, 13, 23, 16, 18, 0, 0, 85]}