{"dates": ["6/24/21", "6/25/21", "6/26/21", "6/27/21", "6/28/21", "6/29/21", "6/30/21", "7/1/21", "7/2/21", "7/3/21", "7/4/21", "7/5/21", "7/6/21", "7/7/21", "7/8/21", "7/9/21", "7/10/21", "7/11/21", "7/12/21", "7/13/21", "7/14/21", "7/15/21"], "max_14": 108, "max": 1913, "value": [2.7142857142857144, 3.5714285714285716, 4.357142857142857, 4.285714285714286, 4.142857142857143, 3.7857142857142856, 3.5714285714285716, 3.5714285714285716, 3.357142857142857, 3.357142857142857, 4.0, 5.571428571428571, 7.142857142857143, 7.571428571428571, 7.571428571428571, 7.714285714285714, 8.0, 8.071428571428571, 6.928571428571429, 6.428571428571429, 7.0, 7.0, 7.285714285714286, 7.142857142857143], "time": ["6/21/21", "6/22/21", "6/23/21", "6/24/21", "6/25/21", "6/26/21", "6/27/21", "6/28/21", "6/29/21", "6/30/21", "7/1/21", "7/2/21", "7/3/21", "7/4/21", "7/5/21", "7/6/21", "7/7/21", "7/8/21", "7/9/21", "7/10/21", "7/11/21", "7/12/21", "7/13/21", "7/14/21", "7/15/21", "7/16/21", "7/17/21", "7/18/21", "7/19/21"], "original_values": [2, 2, 3, 7, 5, 0, 0, 14, 1, 3, 5, 2, 0, 0, 11, 4, 9, 21, 8, 0, 0, 13, 6, 8, 6, 16, 0, 0, 17]}