{"dates": ["6/24/21", "6/25/21", "6/26/21", "6/27/21", "6/28/21", "6/29/21", "6/30/21", "7/1/21", "7/2/21", "7/3/21", "7/4/21", "7/5/21", "7/6/21", "7/7/21", "7/8/21", "7/9/21", "7/10/21", "7/11/21", "7/12/21", "7/13/21", "7/14/21", "7/15/21"], "max_14": 114, "max": 10174, "value": [2.142857142857143, 2.7142857142857144, 3.0, 2.2857142857142856, 2.0, 3.0, 3.357142857142857, 2.857142857142857, 2.2142857142857144, 2.857142857142857, 4.857142857142857, 6.357142857142857, 6.0, 6.714285714285714, 8.142857142857142, 9.071428571428571, 9.785714285714286, 9.214285714285714, 7.928571428571429, 7.0, 6.5, 6.0, 6.142857142857143, 5.357142857142857], "time": ["6/21/21", "6/22/21", "6/23/21", "6/24/21", "6/25/21", "6/26/21", "6/27/21", "6/28/21", "6/29/21", "6/30/21", "7/1/21", "7/2/21", "7/3/21", "7/4/21", "7/5/21", "7/6/21", "7/7/21", "7/8/21", "7/9/21", "7/10/21", "7/11/21", "7/12/21", "7/13/21", "7/14/21", "7/15/21", "7/16/21", "7/17/21", "7/18/21", "7/19/21"], "original_values": [1, 2, 1, 3, 4, 1, 6, 3, 4, -11, 11, 10, 0, 0, 0, 16, 5, 16, 0, 20, 0, 13, 13, 0, 3, 0, 13, 0, 15]}