{"dates": ["6/24/21", "6/25/21", "6/26/21", "6/27/21", "6/28/21", "6/29/21", "6/30/21", "7/1/21", "7/2/21", "7/3/21", "7/4/21", "7/5/21", "7/6/21", "7/7/21", "7/8/21", "7/9/21", "7/10/21", "7/11/21", "7/12/21", "7/13/21", "7/14/21", "7/15/21"], "max_14": 29, "max": 7245, "value": [4.642857142857143, 5.0, 4.785714285714286, 4.428571428571429, 4.357142857142857, 4.071428571428571, 3.642857142857143, 3.2142857142857144, 2.7857142857142856, 2.5, 2.5, 2.642857142857143, 2.9285714285714284, 2.4285714285714284, 1.9285714285714286, 2.0714285714285716, 1.9285714285714286, 1.7142857142857142, 1.4285714285714286, 1.2142857142857142, 1.3571428571428572, 1.7142857142857142, 2.0, 2.0], "time": ["6/21/21", "6/22/21", "6/23/21", "6/24/21", "6/25/21", "6/26/21", "6/27/21", "6/28/21", "6/29/21", "6/30/21", "7/1/21", "7/2/21", "7/3/21", "7/4/21", "7/5/21", "7/6/21", "7/7/21", "7/8/21", "7/9/21", "7/10/21", "7/11/21", "7/12/21", "7/13/21", "7/14/21", "7/15/21", "7/16/21", "7/17/21", "7/18/21", "7/19/21"], "original_values": [1, 9, 0, 6, 3, 13, 1, 5, 2, 2, 3, 2, 8, 0, 0, 3, 1, 6, 3, 0, 1, 1, 0, 1, 2, 4, 1, 5, 1]}