{"dates": ["6/24/21", "6/25/21", "6/26/21", "6/27/21", "6/28/21", "6/29/21", "6/30/21", "7/1/21", "7/2/21", "7/3/21", "7/4/21", "7/5/21", "7/6/21", "7/7/21", "7/8/21", "7/9/21", "7/10/21", "7/11/21", "7/12/21", "7/13/21", "7/14/21", "7/15/21"], "max_14": 533, "max": 45994, "value": [8.857142857142858, 8.928571428571429, 8.285714285714286, 8.428571428571429, 9.0, 9.785714285714286, 9.928571428571429, 9.0, 8.071428571428571, 10.785714285714286, 15.571428571428571, 18.571428571428573, 22.428571428571427, 24.428571428571427, 24.428571428571427, 30.142857142857142, 35.07142857142857, 34.5, 35.285714285714285, 32.785714285714285, 29.714285714285715, 32.714285714285715, 38.0, 37.357142857142854], "time": ["6/21/21", "6/22/21", "6/23/21", "6/24/21", "6/25/21", "6/26/21", "6/27/21", "6/28/21", "6/29/21", "6/30/21", "7/1/21", "7/2/21", "7/3/21", "7/4/21", "7/5/21", "7/6/21", "7/7/21", "7/8/21", "7/9/21", "7/10/21", "7/11/21", "7/12/21", "7/13/21", "7/14/21", "7/15/21", "7/16/21", "7/17/21", "7/18/21", "7/19/21"], "original_values": [12, 11, 15, 11, 0, 13, 0, 13, 1, 27, 7, 15, 0, 0, 0, 52, 43, 33, 43, 0, 0, 80, 41, 46, 41, 0, 0, 42, 112]}