{"dates": ["6/24/21", "6/25/21", "6/26/21", "6/27/21", "6/28/21", "6/29/21", "6/30/21", "7/1/21", "7/2/21", "7/3/21", "7/4/21", "7/5/21", "7/6/21", "7/7/21", "7/8/21", "7/9/21", "7/10/21", "7/11/21", "7/12/21", "7/13/21", "7/14/21", "7/15/21"], "max_14": 66, "max": 2749, "value": [3.0, 3.142857142857143, 3.0714285714285716, 2.7857142857142856, 2.2857142857142856, 2.142857142857143, 2.2142857142857144, 2.142857142857143, 2.2857142857142856, 2.357142857142857, 2.0, 2.0, 2.357142857142857, 2.9285714285714284, 3.4285714285714284, 3.357142857142857, 3.5714285714285716, 4.428571428571429, 4.785714285714286, 4.785714285714286, 5.285714285714286, 5.642857142857143, 5.928571428571429, 5.857142857142857], "time": ["6/21/21", "6/22/21", "6/23/21", "6/24/21", "6/25/21", "6/26/21", "6/27/21", "6/28/21", "6/29/21", "6/30/21", "7/1/21", "7/2/21", "7/3/21", "7/4/21", "7/5/21", "7/6/21", "7/7/21", "7/8/21", "7/9/21", "7/10/21", "7/11/21", "7/12/21", "7/13/21", "7/14/21", "7/15/21", "7/16/21", "7/17/21", "7/18/21", "7/19/21"], "original_values": [2, 2, 8, 6, 1, 0, 4, 0, 3, 3, 4, 1, 1, 2, 4, 0, 1, 6, 4, 6, 4, 1, 6, 7, 5, 5, 12, 3, 6]}