{"dates": ["6/24/21", "6/25/21", "6/26/21", "6/27/21", "6/28/21", "6/29/21", "6/30/21", "7/1/21", "7/2/21", "7/3/21", "7/4/21", "7/5/21", "7/6/21", "7/7/21", "7/8/21", "7/9/21", "7/10/21", "7/11/21", "7/12/21", "7/13/21", "7/14/21", "7/15/21"], "max_14": 353, "max": 16011, "value": [-6.571428571428571, -6.642857142857143, -2.0, 14.071428571428571, 24.214285714285715, 23.571428571428573, 22.285714285714285, 20.428571428571427, 20.857142857142858, 21.214285714285715, 21.142857142857142, 21.785714285714285, 20.714285714285715, 19.357142857142858, 19.714285714285715, 19.785714285714285, 22.5, 25.357142857142858, 26.071428571428573, 27.928571428571427, 30.428571428571427, 31.571428571428573, 31.071428571428573, 23.285714285714285], "time": ["6/21/21", "6/22/21", "6/23/21", "6/24/21", "6/25/21", "6/26/21", "6/27/21", "6/28/21", "6/29/21", "6/30/21", "7/1/21", "7/2/21", "7/3/21", "7/4/21", "7/5/21", "7/6/21", "7/7/21", "7/8/21", "7/9/21", "7/10/21", "7/11/21", "7/12/21", "7/13/21", "7/14/21", "7/15/21", "7/16/21", "7/17/21", "7/18/21", "7/19/21"], "original_values": [1, 0, -135, 31, 31, 26, 0, 0, 66, 24, 14, 39, 0, 0, 6, 65, 24, 23, 15, 5, 0, 7, 102, 27, 30, 34, 21, 0, 0]}