{"dates": ["6/24/21", "6/25/21", "6/26/21", "6/27/21", "6/28/21", "6/29/21", "6/30/21", "7/1/21", "7/2/21", "7/3/21", "7/4/21", "7/5/21", "7/6/21", "7/7/21", "7/8/21", "7/9/21", "7/10/21", "7/11/21", "7/12/21", "7/13/21", "7/14/21", "7/15/21"], "max_14": 66, "max": 6434, "value": [1.4285714285714286, 1.5, 1.5, 1.7142857142857142, 2.0714285714285716, 2.4285714285714284, 2.357142857142857, 2.142857142857143, 2.2857142857142856, 2.2142857142857144, 2.0, 1.9285714285714286, 2.642857142857143, 3.9285714285714284, 4.428571428571429, 4.357142857142857, 4.714285714285714, 5.357142857142857, 6.142857142857143, 6.071428571428571, 5.0, 4.714285714285714, 5.0, 4.642857142857143], "time": ["6/21/21", "6/22/21", "6/23/21", "6/24/21", "6/25/21", "6/26/21", "6/27/21", "6/28/21", "6/29/21", "6/30/21", "7/1/21", "7/2/21", "7/3/21", "7/4/21", "7/5/21", "7/6/21", "7/7/21", "7/8/21", "7/9/21", "7/10/21", "7/11/21", "7/12/21", "7/13/21", "7/14/21", "7/15/21", "7/16/21", "7/17/21", "7/18/21", "7/19/21"], "original_values": [-1, 3, 1, 0, 0, 7, 0, 0, 2, 5, 1, 4, 2, 2, 0, 1, 3, 2, 13, 11, 0, 1, 5, 8, 8, 6, 3, 4, 1]}