{"dates": ["6/24/21", "6/25/21", "6/26/21", "6/27/21", "6/28/21", "6/29/21", "6/30/21", "7/1/21", "7/2/21", "7/3/21", "7/4/21", "7/5/21", "7/6/21", "7/7/21", "7/8/21", "7/9/21", "7/10/21", "7/11/21", "7/12/21", "7/13/21", "7/14/21", "7/15/21"], "max_14": 19, "max": 3009, "value": [0.9285714285714286, 0.9285714285714286, 0.6428571428571429, 0.35714285714285715, 0.2857142857142857, 0.35714285714285715, 0.5, 0.5714285714285714, 0.6428571428571429, 0.7857142857142857, 1.0, 1.0714285714285714, 1.0, 1.0714285714285714, 1.2142857142857142, 1.2857142857142858, 1.4285714285714286, 1.5, 1.5, 1.6428571428571428, 1.5714285714285714, 1.2857142857142858, 1.2857142857142858, 1.2857142857142858], "time": ["6/21/21", "6/22/21", "6/23/21", "6/24/21", "6/25/21", "6/26/21", "6/27/21", "6/28/21", "6/29/21", "6/30/21", "7/1/21", "7/2/21", "7/3/21", "7/4/21", "7/5/21", "7/6/21", "7/7/21", "7/8/21", "7/9/21", "7/10/21", "7/11/21", "7/12/21", "7/13/21", "7/14/21", "7/15/21", "7/16/21", "7/17/21", "7/18/21", "7/19/21"], "original_values": [0, 2, 1, 3, 0, 0, 1, -1, -1, 0, 3, 1, 1, 1, 0, 0, 2, 2, 1, 2, 2, 0, 2, 1, 3, 2, 0, 0, 2]}