{"dates": ["6/24/21", "6/25/21", "6/26/21", "6/27/21", "6/28/21", "6/29/21", "6/30/21", "7/1/21", "7/2/21", "7/3/21", "7/4/21", "7/5/21", "7/6/21", "7/7/21", "7/8/21", "7/9/21", "7/10/21", "7/11/21", "7/12/21", "7/13/21", "7/14/21", "7/15/21"], "max_14": 56, "max": 775, "value": [2.9285714285714284, 2.9285714285714284, 2.857142857142857, 2.7857142857142856, 2.7857142857142856, 3.0, 2.7142857142857144, 2.5714285714285716, 2.9285714285714284, 2.9285714285714284, 3.0, 3.2857142857142856, 3.5, 3.5714285714285716, 3.2857142857142856, 2.9285714285714284, 3.2142857142857144, 3.642857142857143, 3.642857142857143, 3.4285714285714284, 4.071428571428571, 4.857142857142857, 5.0, 4.571428571428571], "time": ["6/21/21", "6/22/21", "6/23/21", "6/24/21", "6/25/21", "6/26/21", "6/27/21", "6/28/21", "6/29/21", "6/30/21", "7/1/21", "7/2/21", "7/3/21", "7/4/21", "7/5/21", "7/6/21", "7/7/21", "7/8/21", "7/9/21", "7/10/21", "7/11/21", "7/12/21", "7/13/21", "7/14/21", "7/15/21", "7/16/21", "7/17/21", "7/18/21", "7/19/21"], "original_values": [1, 4, 3, 3, 3, 6, 1, 0, 4, 2, 4, 5, 0, 5, 1, 3, 4, 6, 6, 0, 1, 0, 8, 5, 5, 4, 11, 1, 2]}