{"dates": ["6/24/21", "6/25/21", "6/26/21", "6/27/21", "6/28/21", "6/29/21", "6/30/21", "7/1/21", "7/2/21", "7/3/21", "7/4/21", "7/5/21", "7/6/21", "7/7/21", "7/8/21", "7/9/21", "7/10/21", "7/11/21", "7/12/21", "7/13/21", "7/14/21", "7/15/21"], "max_14": 106, "max": 21588, "value": [3.857142857142857, 3.857142857142857, 4.357142857142857, 4.857142857142857, 4.857142857142857, 4.857142857142857, 4.857142857142857, 4.857142857142857, 4.857142857142857, 5.0, 5.142857142857143, 5.142857142857143, 5.142857142857143, 5.142857142857143, 5.142857142857143, 5.142857142857143, 7.571428571428571, 10.0, 10.0, 10.0, 10.0, 10.0, 10.0, 5.0], "time": ["6/21/21", "6/22/21", "6/23/21", "6/24/21", "6/25/21", "6/26/21", "6/27/21", "6/28/21", "6/29/21", "6/30/21", "7/1/21", "7/2/21", "7/3/21", "7/4/21", "7/5/21", "7/6/21", "7/7/21", "7/8/21", "7/9/21", "7/10/21", "7/11/21", "7/12/21", "7/13/21", "7/14/21", "7/15/21", "7/16/21", "7/17/21", "7/18/21", "7/19/21"], "original_values": [0, 27, 0, 0, 0, 0, 0, 0, 34, 0, 0, 0, 0, 0, 0, 36, 0, 0, 0, 0, 0, 0, 70, 0, 0, 0, 0, 0, 0]}