{"dates": ["6/24/21", "6/25/21", "6/26/21", "6/27/21", "6/28/21", "6/29/21", "6/30/21", "7/1/21", "7/2/21", "7/3/21", "7/4/21", "7/5/21", "7/6/21", "7/7/21", "7/8/21", "7/9/21", "7/10/21", "7/11/21", "7/12/21", "7/13/21", "7/14/21", "7/15/21"], "max_14": 126, "max": 55573, "value": [5.142857142857143, 6.0, 6.285714285714286, 6.571428571428571, 6.928571428571429, 7.071428571428571, 6.642857142857143, 6.0, 5.642857142857143, 5.142857142857143, 4.428571428571429, 3.5714285714285716, 3.5714285714285716, 4.142857142857143, 4.071428571428571, 4.071428571428571, 4.928571428571429, 6.071428571428571, 7.714285714285714, 9.0, 10.357142857142858, 12.5, 13.571428571428571, 12.928571428571429], "time": ["6/21/21", "6/22/21", "6/23/21", "6/24/21", "6/25/21", "6/26/21", "6/27/21", "6/28/21", "6/29/21", "6/30/21", "7/1/21", "7/2/21", "7/3/21", "7/4/21", "7/5/21", "7/6/21", "7/7/21", "7/8/21", "7/9/21", "7/10/21", "7/11/21", "7/12/21", "7/13/21", "7/14/21", "7/15/21", "7/16/21", "7/17/21", "7/18/21", "7/19/21"], "original_values": [3, 6, 4, 5, 6, 8, 8, 7, 6, 8, 6, 7, 1, 6, 4, 2, 2, 0, 13, 3, 3, 7, 11, 9, 16, 15, 20, 16, 9]}