{"dates": ["6/24/21", "6/25/21", "6/26/21", "6/27/21", "6/28/21", "6/29/21", "6/30/21", "7/1/21", "7/2/21", "7/3/21", "7/4/21", "7/5/21", "7/6/21", "7/7/21", "7/8/21", "7/9/21", "7/10/21", "7/11/21", "7/12/21", "7/13/21", "7/14/21", "7/15/21"], "max_14": 1395, "max": 121007, "value": [26.642857142857142, 28.571428571428573, 26.714285714285715, -46.57142857142857, -120.14285714285714, -119.35714285714286, -114.28571428571429, -114.07142857142857, -111.64285714285714, -106.71428571428571, -30.928571428571427, 49.357142857142854, 48.57142857142857, 47.785714285714285, 62.214285714285715, 71.07142857142857, 75.14285714285714, 86.0, 94.57142857142857, 109.64285714285714, 113.78571428571429, 95.78571428571429, 107.57142857142857, 123.35714285714286], "time": ["6/21/21", "6/22/21", "6/23/21", "6/24/21", "6/25/21", "6/26/21", "6/27/21", "6/28/21", "6/29/21", "6/30/21", "7/1/21", "7/2/21", "7/3/21", "7/4/21", "7/5/21", "7/6/21", "7/7/21", "7/8/21", "7/9/21", "7/10/21", "7/11/21", "7/12/21", "7/13/21", "7/14/21", "7/15/21", "7/16/21", "7/17/21", "7/18/21", "7/19/21"], "original_values": [53, 29, 2, 39, 41, -2, 49, 31, 25, -1020, 31, 60, 50, 0, 114, 11, 55, 80, 0, 99, 153, 85, 97, 121, 134, 157, 0, 0, 403]}