{"dates": ["6/24/21", "6/25/21", "6/26/21", "6/27/21", "6/28/21", "6/29/21", "6/30/21", "7/1/21", "7/2/21", "7/3/21", "7/4/21", "7/5/21", "7/6/21", "7/7/21", "7/8/21", "7/9/21", "7/10/21", "7/11/21", "7/12/21", "7/13/21", "7/14/21", "7/15/21"], "max_14": 120, "max": 19753, "value": [10.714285714285714, 10.642857142857142, 10.071428571428571, 9.642857142857142, 9.214285714285714, 8.642857142857142, 8.142857142857142, 8.0, 8.357142857142858, 8.5, 8.5, 8.142857142857142, 7.785714285714286, 7.571428571428571, 7.214285714285714, 6.928571428571429, 7.142857142857143, 7.642857142857143, 8.285714285714286, 8.0, 8.0, 9.357142857142858, 10.142857142857142, 9.5], "time": ["6/21/21", "6/22/21", "6/23/21", "6/24/21", "6/25/21", "6/26/21", "6/27/21", "6/28/21", "6/29/21", "6/30/21", "7/1/21", "7/2/21", "7/3/21", "7/4/21", "7/5/21", "7/6/21", "7/7/21", "7/8/21", "7/9/21", "7/10/21", "7/11/21", "7/12/21", "7/13/21", "7/14/21", "7/15/21", "7/16/21", "7/17/21", "7/18/21", "7/19/21"], "original_values": [5, 13, 8, 16, 22, 10, 2, 2, 8, 7, 11, 19, 6, 4, 5, 7, 8, 5, 20, 2, 3, 2, 13, 9, 13, 8, 14, 10, 6]}