{"dates": ["6/24/21", "6/25/21", "6/26/21", "6/27/21", "6/28/21", "6/29/21", "6/30/21", "7/1/21", "7/2/21", "7/3/21", "7/4/21", "7/5/21", "7/6/21", "7/7/21", "7/8/21", "7/9/21", "7/10/21", "7/11/21", "7/12/21", "7/13/21", "7/14/21", "7/15/21"], "max_14": 89, "max": 2781, "value": [0.7142857142857143, 0.7142857142857143, 1.2142857142857142, 1.8571428571428572, 2.142857142857143, 2.2142857142857144, 2.142857142857143, 2.142857142857143, 2.142857142857143, 2.0714285714285716, 2.142857142857143, 2.4285714285714284, 2.5714285714285716, 2.5714285714285716, 2.5714285714285716, 3.2857142857142856, 3.7857142857142856, 3.9285714285714284, 4.428571428571429, 4.857142857142857, 5.142857142857143, 5.142857142857143, 6.928571428571429, 8.5], "time": ["6/21/21", "6/22/21", "6/23/21", "6/24/21", "6/25/21", "6/26/21", "6/27/21", "6/28/21", "6/29/21", "6/30/21", "7/1/21", "7/2/21", "7/3/21", "7/4/21", "7/5/21", "7/6/21", "7/7/21", "7/8/21", "7/9/21", "7/10/21", "7/11/21", "7/12/21", "7/13/21", "7/14/21", "7/15/21", "7/16/21", "7/17/21", "7/18/21", "7/19/21"], "original_values": [0, 0, 0, 2, 3, 0, 0, 0, 7, 2, 4, 2, 0, 0, 0, 6, 4, 6, 2, 0, 0, 10, 3, 9, 8, 6, 0, 0, 35]}