{"dates": ["6/24/21", "6/25/21", "6/26/21", "6/27/21", "6/28/21", "6/29/21", "6/30/21", "7/1/21", "7/2/21", "7/3/21", "7/4/21", "7/5/21", "7/6/21", "7/7/21", "7/8/21", "7/9/21", "7/10/21", "7/11/21", "7/12/21", "7/13/21", "7/14/21", "7/15/21"], "max_14": 87, "max": 4801, "value": [1.6428571428571428, 1.6428571428571428, 1.8571428571428572, 1.9285714285714286, 1.5714285714285714, 1.5, 1.5714285714285714, 1.5, 1.4285714285714286, 1.6428571428571428, 1.9285714285714286, 2.642857142857143, 3.2857142857142856, 3.2857142857142856, 3.2857142857142856, 3.857142857142857, 4.5, 4.857142857142857, 4.928571428571429, 5.5, 6.285714285714286, 6.285714285714286, 7.142857142857143, 7.428571428571429], "time": ["6/21/21", "6/22/21", "6/23/21", "6/24/21", "6/25/21", "6/26/21", "6/27/21", "6/28/21", "6/29/21", "6/30/21", "7/1/21", "7/2/21", "7/3/21", "7/4/21", "7/5/21", "7/6/21", "7/7/21", "7/8/21", "7/9/21", "7/10/21", "7/11/21", "7/12/21", "7/13/21", "7/14/21", "7/15/21", "7/16/21", "7/17/21", "7/18/21", "7/19/21"], "original_values": [1, 0, 5, 3, 2, 0, 1, 0, 4, 2, 1, 3, 0, 0, 0, 7, 3, 10, 3, 0, 0, 8, 8, 7, 7, 14, 0, 0, 20]}