{"dates": ["6/24/21", "6/25/21", "6/26/21", "6/27/21", "6/28/21", "6/29/21", "6/30/21", "7/1/21", "7/2/21", "7/3/21", "7/4/21", "7/5/21", "7/6/21", "7/7/21", "7/8/21", "7/9/21", "7/10/21", "7/11/21", "7/12/21", "7/13/21", "7/14/21", "7/15/21"], "max_14": 867, "max": 10285, "value": [28.428571428571427, 29.642857142857142, 28.928571428571427, 30.714285714285715, 32.785714285714285, 33.07142857142857, 32.285714285714285, 32.5, 36.285714285714285, 39.357142857142854, 41.42857142857143, 44.07142857142857, 49.214285714285715, 56.142857142857146, 59.42857142857143, 56.92857142857143, 57.07142857142857, 60.285714285714285, 65.35714285714286, 68.28571428571429, 66.71428571428571, 66.42857142857143, 67.78571428571429, 64.28571428571429], "time": ["6/21/21", "6/22/21", "6/23/21", "6/24/21", "6/25/21", "6/26/21", "6/27/21", "6/28/21", "6/29/21", "6/30/21", "7/1/21", "7/2/21", "7/3/21", "7/4/21", "7/5/21", "7/6/21", "7/7/21", "7/8/21", "7/9/21", "7/10/21", "7/11/21", "7/12/21", "7/13/21", "7/14/21", "7/15/21", "7/16/21", "7/17/21", "7/18/21", "7/19/21"], "original_values": [21, 31, 23, 49, 35, 28, 24, 14, 28, 51, 50, 38, 14, 41, 50, 35, 73, 65, 95, 54, 47, 9, 78, 75, 134, 67, 60, 37, 38]}