{"dates": ["6/24/21", "6/25/21", "6/26/21", "6/27/21", "6/28/21", "6/29/21", "6/30/21", "7/1/21", "7/2/21", "7/3/21", "7/4/21", "7/5/21", "7/6/21", "7/7/21", "7/8/21", "7/9/21", "7/10/21", "7/11/21", "7/12/21", "7/13/21", "7/14/21", "7/15/21"], "max_14": 331, "max": 23975, "value": [19.357142857142858, 20.142857142857142, 20.428571428571427, 19.642857142857142, 18.142857142857142, 17.214285714285715, 14.714285714285714, 11.928571428571429, 11.142857142857142, 12.071428571428571, 14.785714285714286, 17.214285714285715, 18.428571428571427, 19.0, 19.0, 22.571428571428573, 25.571428571428573, 24.0, 23.428571428571427, 23.642857142857142, 23.428571428571427, 23.428571428571427, 22.285714285714285, 19.142857142857142], "time": ["6/21/21", "6/22/21", "6/23/21", "6/24/21", "6/25/21", "6/26/21", "6/27/21", "6/28/21", "6/29/21", "6/30/21", "7/1/21", "7/2/21", "7/3/21", "7/4/21", "7/5/21", "7/6/21", "7/7/21", "7/8/21", "7/9/21", "7/10/21", "7/11/21", "7/12/21", "7/13/21", "7/14/21", "7/15/21", "7/16/21", "7/17/21", "7/18/21", "7/19/21"], "original_values": [0, 19, 29, 24, 30, 28, 11, 0, 23, 14, 18, 23, 0, 0, 0, 36, 39, 27, 31, 0, 0, 50, 28, 25, 33, 28, 0, 0, 34]}