{"dates": ["6/24/21", "6/25/21", "6/26/21", "6/27/21", "6/28/21", "6/29/21", "6/30/21", "7/1/21", "7/2/21", "7/3/21", "7/4/21", "7/5/21", "7/6/21", "7/7/21", "7/8/21", "7/9/21", "7/10/21", "7/11/21", "7/12/21", "7/13/21", "7/14/21", "7/15/21"], "max_14": 54, "max": 18537, "value": [1.4285714285714286, 1.2857142857142858, 1.2857142857142858, 1.1428571428571428, 1.0714285714285714, 1.2857142857142858, 1.2857142857142858, 1.2857142857142858, 1.1428571428571428, 1.2142857142857142, 1.3571428571428572, 0.9285714285714286, 1.9285714285714286, 3.2857142857142856, 3.2857142857142856, 3.2857142857142856, 4.214285714285714, 5.142857142857143, 5.142857142857143, 4.785714285714286, 4.428571428571429, 4.428571428571429, 4.428571428571429, 3.2142857142857144], "time": ["6/21/21", "6/22/21", "6/23/21", "6/24/21", "6/25/21", "6/26/21", "6/27/21", "6/28/21", "6/29/21", "6/30/21", "7/1/21", "7/2/21", "7/3/21", "7/4/21", "7/5/21", "7/6/21", "7/7/21", "7/8/21", "7/9/21", "7/10/21", "7/11/21", "7/12/21", "7/13/21", "7/14/21", "7/15/21", "7/16/21", "7/17/21", "7/18/21", "7/19/21"], "original_values": [4, -1, 5, 2, 0, 0, 0, 2, 1, 1, 5, 0, 0, 0, 0, 4, 0, 0, 19, 0, 0, 0, 17, 0, 0, 14, 0, 0, 0]}