{"dates": ["6/24/21", "6/25/21", "6/26/21", "6/27/21", "6/28/21", "6/29/21", "6/30/21", "7/1/21", "7/2/21", "7/3/21", "7/4/21", "7/5/21", "7/6/21", "7/7/21", "7/8/21", "7/9/21", "7/10/21", "7/11/21", "7/12/21", "7/13/21", "7/14/21", "7/15/21"], "max_14": 152, "max": 5124, "value": [4.285714285714286, 4.071428571428571, 3.5714285714285716, 3.2142857142857144, 3.7857142857142856, 4.785714285714286, 4.857142857142857, 4.571428571428571, 4.142857142857143, 3.7142857142857144, 4.285714285714286, 5.357142857142857, 5.5, 6.214285714285714, 7.285714285714286, 8.142857142857142, 10.285714285714286, 11.0, 9.0, 7.928571428571429, 8.357142857142858, 8.428571428571429, 10.571428571428571, 10.857142857142858], "time": ["6/21/21", "6/22/21", "6/23/21", "6/24/21", "6/25/21", "6/26/21", "6/27/21", "6/28/21", "6/29/21", "6/30/21", "7/1/21", "7/2/21", "7/3/21", "7/4/21", "7/5/21", "7/6/21", "7/7/21", "7/8/21", "7/9/21", "7/10/21", "7/11/21", "7/12/21", "7/13/21", "7/14/21", "7/15/21", "7/16/21", "7/17/21", "7/18/21", "7/19/21"], "original_values": [9, 12, 1, 4, 0, 4, 0, 6, 8, 0, 13, 5, 0, 0, 0, 8, 8, 20, 0, 15, 0, 12, 26, 0, 0, 5, 16, 0, 42]}