{"dates": ["6/24/21", "6/25/21", "6/26/21", "6/27/21", "6/28/21", "6/29/21", "6/30/21", "7/1/21", "7/2/21", "7/3/21", "7/4/21", "7/5/21", "7/6/21", "7/7/21", "7/8/21", "7/9/21", "7/10/21", "7/11/21", "7/12/21", "7/13/21", "7/14/21", "7/15/21"], "max_14": 1925, "max": 114637, "value": [111.71428571428571, 111.14285714285714, 109.35714285714286, 83.28571428571429, 59.642857142857146, 62.357142857142854, 58.57142857142857, 53.285714285714285, 45.142857142857146, 52.857142857142854, 71.85714285714286, 75.07142857142857, 76.07142857142857, 77.0, 77.0, 103.42857142857143, 119.35714285714286, 114.57142857142857, 123.35714285714286, 132.07142857142858, 137.71428571428572, 137.71428571428572, 141.42857142857142, 137.71428571428572], "time": ["6/21/21", "6/22/21", "6/23/21", "6/24/21", "6/25/21", "6/26/21", "6/27/21", "6/28/21", "6/29/21", "6/30/21", "7/1/21", "7/2/21", "7/3/21", "7/4/21", "7/5/21", "7/6/21", "7/7/21", "7/8/21", "7/9/21", "7/10/21", "7/11/21", "7/12/21", "7/13/21", "7/14/21", "7/15/21", "7/16/21", "7/17/21", "7/18/21", "7/19/21"], "original_values": [122, 46, 395, 85, 60, 74, 0, 114, 29, 47, 102, 81, 0, 0, 0, 251, 91, 103, 94, 0, 0, 370, 104, 171, 146, 173, 0, 0, 422]}