{"dates": ["6/24/21", "6/25/21", "6/26/21", "6/27/21", "6/28/21", "6/29/21", "6/30/21", "7/1/21", "7/2/21", "7/3/21", "7/4/21", "7/5/21", "7/6/21", "7/7/21", "7/8/21", "7/9/21", "7/10/21", "7/11/21", "7/12/21", "7/13/21", "7/14/21", "7/15/21"], "max_14": 393, "max": 53090, "value": [8.714285714285714, 9.785714285714286, 9.857142857142858, 9.428571428571429, 9.071428571428571, 9.071428571428571, 9.5, 9.0, 8.857142857142858, 9.357142857142858, 9.071428571428571, 10.071428571428571, 11.071428571428571, 13.571428571428571, 17.857142857142858, 19.428571428571427, 20.571428571428573, 23.5, 26.357142857142858, 29.357142857142858, 30.928571428571427, 31.785714285714285, 34.857142857142854, 34.92857142857143], "time": ["6/21/21", "6/22/21", "6/23/21", "6/24/21", "6/25/21", "6/26/21", "6/27/21", "6/28/21", "6/29/21", "6/30/21", "7/1/21", "7/2/21", "7/3/21", "7/4/21", "7/5/21", "7/6/21", "7/7/21", "7/8/21", "7/9/21", "7/10/21", "7/11/21", "7/12/21", "7/13/21", "7/14/21", "7/15/21", "7/16/21", "7/17/21", "7/18/21", "7/19/21"], "original_values": [3, 14, 12, 8, 13, 4, 14, 4, 14, 6, 9, 12, 11, 0, 16, 9, 7, 22, 13, 45, 26, 12, 29, 28, 41, 36, 44, 39, 42]}