{"dates": ["6/24/21", "6/25/21", "6/26/21", "6/27/21", "6/28/21", "6/29/21", "6/30/21", "7/1/21", "7/2/21", "7/3/21", "7/4/21", "7/5/21", "7/6/21", "7/7/21", "7/8/21", "7/9/21", "7/10/21", "7/11/21", "7/12/21", "7/13/21", "7/14/21", "7/15/21"], "max_14": 935, "max": 29296, "value": [23.285714285714285, 23.285714285714285, 23.285714285714285, 23.285714285714285, 23.285714285714285, 27.0, 30.714285714285715, 30.714285714285715, 30.714285714285715, 30.714285714285715, 30.714285714285715, 30.714285714285715, 36.214285714285715, 41.714285714285715, 41.714285714285715, 41.714285714285715, 41.714285714285715, 41.714285714285715, 41.714285714285715, 66.78571428571429, 91.85714285714286, 91.85714285714286, 91.85714285714286, 91.85714285714286], "time": ["6/21/21", "6/22/21", "6/23/21", "6/24/21", "6/25/21", "6/26/21", "6/27/21", "6/28/21", "6/29/21", "6/30/21", "7/1/21", "7/2/21", "7/3/21", "7/4/21", "7/5/21", "7/6/21", "7/7/21", "7/8/21", "7/9/21", "7/10/21", "7/11/21", "7/12/21", "7/13/21", "7/14/21", "7/15/21", "7/16/21", "7/17/21", "7/18/21", "7/19/21"], "original_values": [0, 0, 0, 0, 163, 0, 0, 0, 0, 0, 0, 215, 0, 0, 0, 0, 0, 0, 292, 0, 0, 0, 0, 0, 0, 643, 0, 0, 0]}