{"dates": ["6/24/21", "6/25/21", "6/26/21", "6/27/21", "6/28/21", "6/29/21", "6/30/21", "7/1/21", "7/2/21", "7/3/21", "7/4/21", "7/5/21", "7/6/21", "7/7/21", "7/8/21", "7/9/21", "7/10/21", "7/11/21", "7/12/21", "7/13/21", "7/14/21", "7/15/21"], "max_14": 65, "max": 5776, "value": [2.2857142857142856, 2.2857142857142856, 2.2857142857142856, 3.142857142857143, 4.0, 4.0, 4.0, 4.0, 4.0, 4.0, 3.857142857142857, 3.7142857142857144, 3.7142857142857144, 3.7142857142857144, 3.7142857142857144, 3.7142857142857144, 3.7142857142857144, 4.642857142857143, 5.571428571428571, 5.571428571428571, 5.571428571428571, 5.571428571428571, 5.571428571428571, 5.571428571428571], "time": ["6/21/21", "6/22/21", "6/23/21", "6/24/21", "6/25/21", "6/26/21", "6/27/21", "6/28/21", "6/29/21", "6/30/21", "7/1/21", "7/2/21", "7/3/21", "7/4/21", "7/5/21", "7/6/21", "7/7/21", "7/8/21", "7/9/21", "7/10/21", "7/11/21", "7/12/21", "7/13/21", "7/14/21", "7/15/21", "7/16/21", "7/17/21", "7/18/21", "7/19/21"], "original_values": [0, 0, 16, 0, 0, 0, 0, 0, 0, 28, 0, 0, 0, 0, 0, 0, 26, 0, 0, 0, 0, 0, 0, 39, 0, 0, 0, 0, 0]}