{"dates": ["6/24/21", "6/25/21", "6/26/21", "6/27/21", "6/28/21", "6/29/21", "6/30/21", "7/1/21", "7/2/21", "7/3/21", "7/4/21", "7/5/21", "7/6/21", "7/7/21", "7/8/21", "7/9/21", "7/10/21", "7/11/21", "7/12/21", "7/13/21", "7/14/21", "7/15/21"], "max_14": 373, "max": 77569, "value": [9.928571428571429, 9.785714285714286, 9.0, 10.071428571428571, 12.714285714285714, 14.142857142857142, 12.928571428571429, 12.214285714285714, 13.071428571428571, 13.357142857142858, 11.928571428571429, 10.5, 11.285714285714286, 14.071428571428571, 15.857142857142858, 16.214285714285715, 18.785714285714285, 21.928571428571427, 24.642857142857142, 28.071428571428573, 27.785714285714285, 24.857142857142858, 30.285714285714285, 34.214285714285715], "time": ["6/21/21", "6/22/21", "6/23/21", "6/24/21", "6/25/21", "6/26/21", "6/27/21", "6/28/21", "6/29/21", "6/30/21", "7/1/21", "7/2/21", "7/3/21", "7/4/21", "7/5/21", "7/6/21", "7/7/21", "7/8/21", "7/9/21", "7/10/21", "7/11/21", "7/12/21", "7/13/21", "7/14/21", "7/15/21", "7/16/21", "7/17/21", "7/18/21", "7/19/21"], "original_values": [13, 7, 12, 6, 9, 19, 7, 4, 5, 29, 26, 9, 2, 14, 9, 4, 10, 25, 21, 29, 12, 16, 33, 25, 48, 46, 0, 0, 104]}