{"dates": ["6/24/21", "6/25/21", "6/26/21", "6/27/21", "6/28/21", "6/29/21", "6/30/21", "7/1/21", "7/2/21", "7/3/21", "7/4/21", "7/5/21", "7/6/21", "7/7/21", "7/8/21", "7/9/21", "7/10/21", "7/11/21", "7/12/21", "7/13/21", "7/14/21", "7/15/21"], "max_14": 86, "max": 20276, "value": [4.285714285714286, 4.714285714285714, 4.428571428571429, 4.214285714285714, 4.214285714285714, 4.142857142857143, 4.214285714285714, 3.857142857142857, 4.0, 4.785714285714286, 4.928571428571429, 5.0, 5.142857142857143, 5.214285714285714, 5.357142857142857, 5.142857142857143, 4.714285714285714, 4.857142857142857, 5.214285714285714, 5.571428571428571, 6.142857142857143, 6.785714285714286, 7.285714285714286, 7.071428571428571], "time": ["6/21/21", "6/22/21", "6/23/21", "6/24/21", "6/25/21", "6/26/21", "6/27/21", "6/28/21", "6/29/21", "6/30/21", "7/1/21", "7/2/21", "7/3/21", "7/4/21", "7/5/21", "7/6/21", "7/7/21", "7/8/21", "7/9/21", "7/10/21", "7/11/21", "7/12/21", "7/13/21", "7/14/21", "7/15/21", "7/16/21", "7/17/21", "7/18/21", "7/19/21"], "original_values": [1, 8, 5, 6, 4, 3, 6, 1, 4, 6, 5, 4, 4, 0, 9, 7, 5, 7, 4, 5, 1, 5, 5, 9, 8, 8, 9, 6, 7]}