{"dates": ["6/24/21", "6/25/21", "6/26/21", "6/27/21", "6/28/21", "6/29/21", "6/30/21", "7/1/21", "7/2/21", "7/3/21", "7/4/21", "7/5/21", "7/6/21", "7/7/21", "7/8/21", "7/9/21", "7/10/21", "7/11/21", "7/12/21", "7/13/21", "7/14/21", "7/15/21"], "max_14": 189, "max": 5992, "value": [4.714285714285714, 4.357142857142857, 3.9285714285714284, 3.7857142857142856, 4.285714285714286, 4.642857142857143, 4.428571428571429, 4.428571428571429, 4.0, 4.428571428571429, 5.928571428571429, 6.071428571428571, 6.214285714285714, 6.857142857142857, 6.857142857142857, 9.214285714285714, 11.428571428571429, 11.5, 12.214285714285714, 13.285714285714286, 13.857142857142858, 13.857142857142858, 14.642857142857142, 14.571428571428571], "time": ["6/21/21", "6/22/21", "6/23/21", "6/24/21", "6/25/21", "6/26/21", "6/27/21", "6/28/21", "6/29/21", "6/30/21", "7/1/21", "7/2/21", "7/3/21", "7/4/21", "7/5/21", "7/6/21", "7/7/21", "7/8/21", "7/9/21", "7/10/21", "7/11/21", "7/12/21", "7/13/21", "7/14/21", "7/15/21", "7/16/21", "7/17/21", "7/18/21", "7/19/21"], "original_values": [11, 3, 7, 7, 5, 0, 0, 6, 2, 6, 15, 2, 0, 0, 0, 14, 15, 8, 11, 0, 0, 33, 12, 18, 15, 19, 0, 0, 44]}