{"dates": ["6/24/21", "6/25/21", "6/26/21", "6/27/21", "6/28/21", "6/29/21", "6/30/21", "7/1/21", "7/2/21", "7/3/21", "7/4/21", "7/5/21", "7/6/21", "7/7/21", "7/8/21", "7/9/21", "7/10/21", "7/11/21", "7/12/21", "7/13/21", "7/14/21", "7/15/21"], "max_14": 226, "max": 44681, "value": [7.642857142857143, 8.785714285714286, 8.857142857142858, 7.714285714285714, 7.857142857142857, 9.214285714285714, 10.071428571428571, 10.428571428571429, 10.071428571428571, 9.714285714285714, 10.285714285714286, 10.5, 11.571428571428571, 12.214285714285714, 12.071428571428571, 12.785714285714286, 14.214285714285714, 15.571428571428571, 15.928571428571429, 15.714285714285714, 16.928571428571427, 18.785714285714285, 19.142857142857142, 17.571428571428573], "time": ["6/21/21", "6/22/21", "6/23/21", "6/24/21", "6/25/21", "6/26/21", "6/27/21", "6/28/21", "6/29/21", "6/30/21", "7/1/21", "7/2/21", "7/3/21", "7/4/21", "7/5/21", "7/6/21", "7/7/21", "7/8/21", "7/9/21", "7/10/21", "7/11/21", "7/12/21", "7/13/21", "7/14/21", "7/15/21", "7/16/21", "7/17/21", "7/18/21", "7/19/21"], "original_values": [3, 13, 13, 6, 6, 10, 5, 14, 3, 7, 14, 17, 11, 9, 5, 7, 11, 13, 33, 4, 14, 10, 22, 15, 14, 29, 25, 19, 10]}