{"dates": ["6/24/21", "6/25/21", "6/26/21", "6/27/21", "6/28/21", "6/29/21", "6/30/21", "7/1/21", "7/2/21", "7/3/21", "7/4/21", "7/5/21", "7/6/21", "7/7/21", "7/8/21", "7/9/21", "7/10/21", "7/11/21", "7/12/21", "7/13/21", "7/14/21", "7/15/21"], "max_14": 179, "max": 44177, "value": [4.785714285714286, 5.142857142857143, 4.928571428571429, 4.785714285714286, 4.428571428571429, 4.142857142857143, 4.642857142857143, 4.714285714285714, 4.5, 5.0, 5.214285714285714, 5.642857142857143, 6.428571428571429, 7.0, 8.142857142857142, 9.214285714285714, 9.714285714285714, 10.142857142857142, 11.285714285714286, 12.714285714285714, 14.714285714285714, 16.142857142857142, 16.071428571428573, 15.357142857142858], "time": ["6/21/21", "6/22/21", "6/23/21", "6/24/21", "6/25/21", "6/26/21", "6/27/21", "6/28/21", "6/29/21", "6/30/21", "7/1/21", "7/2/21", "7/3/21", "7/4/21", "7/5/21", "7/6/21", "7/7/21", "7/8/21", "7/9/21", "7/10/21", "7/11/21", "7/12/21", "7/13/21", "7/14/21", "7/15/21", "7/16/21", "7/17/21", "7/18/21", "7/19/21"], "original_values": [3, 4, 6, 10, 6, 2, 5, 3, 1, 7, 4, 8, 7, 1, 4, 7, 4, 13, 10, 13, 11, 9, 9, 8, 25, 18, 33, 11, 8]}