{"dates": ["6/24/21", "6/25/21", "6/26/21", "6/27/21", "6/28/21", "6/29/21", "6/30/21", "7/1/21", "7/2/21", "7/3/21", "7/4/21", "7/5/21", "7/6/21", "7/7/21", "7/8/21", "7/9/21", "7/10/21", "7/11/21", "7/12/21", "7/13/21", "7/14/21", "7/15/21"], "max_14": 288, "max": 4001, "value": [4.5, 4.857142857142857, 4.857142857142857, 7.357142857142857, 10.0, 11.357142857142858, 12.214285714285714, 12.285714285714286, 12.785714285714286, 12.785714285714286, 10.142857142857142, 7.785714285714286, 8.285714285714286, 10.357142857142858, 12.428571428571429, 12.571428571428571, 15.0, 21.785714285714285, 27.142857142857142, 27.785714285714285, 27.071428571428573, 26.5, 27.428571428571427, 25.928571428571427], "time": ["6/21/21", "6/22/21", "6/23/21", "6/24/21", "6/25/21", "6/26/21", "6/27/21", "6/28/21", "6/29/21", "6/30/21", "7/1/21", "7/2/21", "7/3/21", "7/4/21", "7/5/21", "7/6/21", "7/7/21", "7/8/21", "7/9/21", "7/10/21", "7/11/21", "7/12/21", "7/13/21", "7/14/21", "7/15/21", "7/16/21", "7/17/21", "7/18/21", "7/19/21"], "original_values": [2, 4, 4, 11, 4, 4, 5, 2, 4, 39, 13, 21, -1, 11, 3, 3, 3, 16, 25, 24, 15, 1, 39, 62, 32, 18, 21, 10, 19]}