{"dates": ["6/24/21", "6/25/21", "6/26/21", "6/27/21", "6/28/21", "6/29/21", "6/30/21", "7/1/21", "7/2/21", "7/3/21", "7/4/21", "7/5/21", "7/6/21", "7/7/21", "7/8/21", "7/9/21", "7/10/21", "7/11/21", "7/12/21", "7/13/21", "7/14/21", "7/15/21"], "max_14": 101, "max": 12808, "value": [3.142857142857143, 2.642857142857143, 1.8571428571428572, 2.357142857142857, 2.7142857142857144, 2.0, 0.9285714285714286, 0.14285714285714285, -0.14285714285714285, 0.35714285714285715, 1.2857142857142858, 2.2857142857142856, 3.4285714285714284, 3.7142857142857144, 3.7142857142857144, 5.357142857142857, 8.357142857142858, 9.714285714285714, 8.142857142857142, 7.357142857142857, 8.142857142857142, 8.142857142857142, 7.785714285714286, 5.571428571428571], "time": ["6/21/21", "6/22/21", "6/23/21", "6/24/21", "6/25/21", "6/26/21", "6/27/21", "6/28/21", "6/29/21", "6/30/21", "7/1/21", "7/2/21", "7/3/21", "7/4/21", "7/5/21", "7/6/21", "7/7/21", "7/8/21", "7/9/21", "7/10/21", "7/11/21", "7/12/21", "7/13/21", "7/14/21", "7/15/21", "7/16/21", "7/17/21", "7/18/21", "7/19/21"], "original_values": [11, 0, -2, 2, 0, 11, 0, 4, -4, 9, -4, -4, 0, 0, 0, 7, 11, 8, 0, 0, 0, 23, 26, 11, -14, 11, 0, 0, 18]}