{"dates": ["6/24/21", "6/25/21", "6/26/21", "6/27/21", "6/28/21", "6/29/21", "6/30/21", "7/1/21", "7/2/21", "7/3/21", "7/4/21", "7/5/21", "7/6/21", "7/7/21", "7/8/21", "7/9/21", "7/10/21", "7/11/21", "7/12/21", "7/13/21", "7/14/21", "7/15/21"], "max_14": 603, "max": 31763, "value": [33.57142857142857, 34.285714285714285, 30.357142857142858, 16.571428571428573, 8.285714285714286, 8.642857142857142, 8.142857142857142, 8.142857142857142, 6.285714285714286, 3.857142857142857, 19.071428571428573, 32.92857142857143, 33.92857142857143, 38.07142857142857, 39.285714285714285, 39.285714285714285, 47.285714285714285, 47.42857142857143, 43.642857142857146, 47.357142857142854, 46.92857142857143, 46.857142857142854, 46.857142857142854, 38.857142857142854], "time": ["6/21/21", "6/22/21", "6/23/21", "6/24/21", "6/25/21", "6/26/21", "6/27/21", "6/28/21", "6/29/21", "6/30/21", "7/1/21", "7/2/21", "7/3/21", "7/4/21", "7/5/21", "7/6/21", "7/7/21", "7/8/21", "7/9/21", "7/10/21", "7/11/21", "7/12/21", "7/13/21", "7/14/21", "7/15/21", "7/16/21", "7/17/21", "7/18/21", "7/19/21"], "original_values": [16, 73, 17, 52, 33, 44, 0, 26, 8, -111, 64, 26, 44, 0, 0, 0, 110, 37, 67, 61, 0, 0, 112, 0, 94, 62, 60, 0, 0]}