{"dates": ["6/24/21", "6/25/21", "6/26/21", "6/27/21", "6/28/21", "6/29/21", "6/30/21", "7/1/21", "7/2/21", "7/3/21", "7/4/21", "7/5/21", "7/6/21", "7/7/21", "7/8/21", "7/9/21", "7/10/21", "7/11/21", "7/12/21", "7/13/21", "7/14/21", "7/15/21"], "max_14": 88, "max": 1936, "value": [1.7857142857142858, 1.8571428571428572, 1.7142857142857142, 1.3571428571428572, 1.6428571428571428, 2.0, 1.9285714285714286, 2.142857142857143, 2.2857142857142856, 2.2142857142857144, 2.5714285714285716, 3.2142857142857144, 3.7142857142857144, 4.214285714285714, 4.642857142857143, 4.857142857142857, 4.785714285714286, 4.428571428571429, 4.071428571428571, 4.071428571428571, 6.071428571428571, 7.785714285714286, 7.642857142857143, 7.714285714285714], "time": ["6/21/21", "6/22/21", "6/23/21", "6/24/21", "6/25/21", "6/26/21", "6/27/21", "6/28/21", "6/29/21", "6/30/21", "7/1/21", "7/2/21", "7/3/21", "7/4/21", "7/5/21", "7/6/21", "7/7/21", "7/8/21", "7/9/21", "7/10/21", "7/11/21", "7/12/21", "7/13/21", "7/14/21", "7/15/21", "7/16/21", "7/17/21", "7/18/21", "7/19/21"], "original_values": [0, 4, 4, -1, 4, 1, 1, 0, 2, 1, 6, 2, 2, 3, 0, 1, 7, 9, 6, 5, 6, 0, 0, 3, 8, 7, 32, 3, 1]}