{"dates": ["6/24/21", "6/25/21", "6/26/21", "6/27/21", "6/28/21", "6/29/21", "6/30/21", "7/1/21", "7/2/21", "7/3/21", "7/4/21", "7/5/21", "7/6/21", "7/7/21", "7/8/21", "7/9/21", "7/10/21", "7/11/21", "7/12/21", "7/13/21", "7/14/21", "7/15/21"], "max_14": 65, "max": 3982, "value": [2.142857142857143, 2.142857142857143, 2.0714285714285716, 2.0714285714285716, 2.5, 3.0, 3.142857142857143, 3.142857142857143, 2.7142857142857144, 2.857142857142857, 3.5714285714285716, 3.5714285714285716, 3.2857142857142856, 3.142857142857143, 3.142857142857143, 4.142857142857143, 5.071428571428571, 4.785714285714286, 4.642857142857143, 4.857142857142857, 5.0, 5.0, 4.571428571428571, 3.5714285714285716], "time": ["6/21/21", "6/22/21", "6/23/21", "6/24/21", "6/25/21", "6/26/21", "6/27/21", "6/28/21", "6/29/21", "6/30/21", "7/1/21", "7/2/21", "7/3/21", "7/4/21", "7/5/21", "7/6/21", "7/7/21", "7/8/21", "7/9/21", "7/10/21", "7/11/21", "7/12/21", "7/13/21", "7/14/21", "7/15/21", "7/16/21", "7/17/21", "7/18/21", "7/19/21"], "original_values": [6, 2, 3, 1, 3, 0, 0, 6, 1, 4, 6, 5, 0, 0, 0, 9, 6, 4, 3, 0, 0, 14, 8, 3, 5, 5, 0, 0, 8]}