{"dates": ["6/24/21", "6/25/21", "6/26/21", "6/27/21", "6/28/21", "6/29/21", "6/30/21", "7/1/21", "7/2/21", "7/3/21", "7/4/21", "7/5/21", "7/6/21", "7/7/21", "7/8/21", "7/9/21", "7/10/21", "7/11/21", "7/12/21", "7/13/21", "7/14/21", "7/15/21"], "max_14": 992, "max": 82320, "value": [21.142857142857142, 22.714285714285715, 24.285714285714285, 26.785714285714285, 29.285714285714285, 27.285714285714285, 25.285714285714285, 25.285714285714285, 20.642857142857142, 16.0, 23.5, 31.0, 36.42857142857143, 44.357142857142854, 46.857142857142854, 52.142857142857146, 57.42857142857143, 54.07142857142857, 57.5, 62.642857142857146, 65.78571428571429, 76.35714285714286, 83.21428571428571, 84.28571428571429], "time": ["6/21/21", "6/22/21", "6/23/21", "6/24/21", "6/25/21", "6/26/21", "6/27/21", "6/28/21", "6/29/21", "6/30/21", "7/1/21", "7/2/21", "7/3/21", "7/4/21", "7/5/21", "7/6/21", "7/7/21", "7/8/21", "7/9/21", "7/10/21", "7/11/21", "7/12/21", "7/13/21", "7/14/21", "7/15/21", "7/16/21", "7/17/21", "7/18/21", "7/19/21"], "original_values": [43, 0, 39, 0, 66, 0, 0, 65, 0, 74, 0, 38, 0, 0, 0, 0, 179, 0, 114, 35, 0, 74, 0, 132, 95, 91, 102, 81, 89]}