{"dates": ["6/24/21", "6/25/21", "6/26/21", "6/27/21", "6/28/21", "6/29/21", "6/30/21", "7/1/21", "7/2/21", "7/3/21", "7/4/21", "7/5/21", "7/6/21", "7/7/21", "7/8/21", "7/9/21", "7/10/21", "7/11/21", "7/12/21", "7/13/21", "7/14/21", "7/15/21"], "max_14": 102, "max": 6489, "value": [1.2857142857142858, 1.8571428571428572, 2.5, 2.7857142857142856, 3.2142857142857144, 3.5, 3.5714285714285716, 3.5714285714285716, 2.7857142857142856, 2.2142857142857144, 2.2857142857142856, 2.142857142857143, 1.8571428571428572, 1.5714285714285714, 1.5714285714285714, 3.0, 4.5, 5.5, 7.071428571428571, 8.571428571428571, 9.428571428571429, 9.428571428571429, 9.785714285714286, 9.785714285714286], "time": ["6/21/21", "6/22/21", "6/23/21", "6/24/21", "6/25/21", "6/26/21", "6/27/21", "6/28/21", "6/29/21", "6/30/21", "7/1/21", "7/2/21", "7/3/21", "7/4/21", "7/5/21", "7/6/21", "7/7/21", "7/8/21", "7/9/21", "7/10/21", "7/11/21", "7/12/21", "7/13/21", "7/14/21", "7/15/21", "7/16/21", "7/17/21", "7/18/21", "7/19/21"], "original_values": [3, 0, 1, 1, 4, 0, 0, 11, 1, 4, 4, 5, 0, 0, 0, 4, 2, 4, 1, 0, 0, 20, 5, 15, 13, 13, 0, 0, 25]}