{"dates": ["6/24/21", "6/25/21", "6/26/21", "6/27/21", "6/28/21", "6/29/21", "6/30/21", "7/1/21", "7/2/21", "7/3/21", "7/4/21", "7/5/21", "7/6/21", "7/7/21", "7/8/21", "7/9/21", "7/10/21", "7/11/21", "7/12/21", "7/13/21", "7/14/21", "7/15/21"], "max_14": 2072, "max": 48307, "value": [42.857142857142854, 42.857142857142854, 42.857142857142854, 42.857142857142854, 42.857142857142854, 50.0, 57.142857142857146, 57.142857142857146, 57.142857142857146, 57.142857142857146, 57.142857142857146, 57.142857142857146, 79.85714285714286, 102.57142857142857, 102.57142857142857, 102.57142857142857, 102.57142857142857, 102.57142857142857, 102.57142857142857, 148.0, 193.42857142857142, 193.42857142857142, 193.42857142857142, 193.42857142857142], "time": ["6/21/21", "6/22/21", "6/23/21", "6/24/21", "6/25/21", "6/26/21", "6/27/21", "6/28/21", "6/29/21", "6/30/21", "7/1/21", "7/2/21", "7/3/21", "7/4/21", "7/5/21", "7/6/21", "7/7/21", "7/8/21", "7/9/21", "7/10/21", "7/11/21", "7/12/21", "7/13/21", "7/14/21", "7/15/21", "7/16/21", "7/17/21", "7/18/21", "7/19/21"], "original_values": [0, 0, 0, 0, 300, 0, 0, 0, 0, 0, 0, 400, 0, 0, 0, 0, 0, 0, 718, 0, 0, 0, 0, 0, 0, 1354, 0, 0, 0]}