{"dates": ["6/24/21", "6/25/21", "6/26/21", "6/27/21", "6/28/21", "6/29/21", "6/30/21", "7/1/21", "7/2/21", "7/3/21", "7/4/21", "7/5/21", "7/6/21", "7/7/21", "7/8/21", "7/9/21", "7/10/21", "7/11/21", "7/12/21", "7/13/21", "7/14/21", "7/15/21"], "max_14": 106, "max": 36021, "value": [4.857142857142857, 4.571428571428571, 4.428571428571429, 4.5, 4.0, 3.9285714285714284, 4.357142857142857, 4.857142857142857, 5.214285714285714, 5.0, 5.071428571428571, 5.285714285714286, 5.285714285714286, 4.928571428571429, 4.5, 4.5, 4.928571428571429, 5.642857142857143, 6.642857142857143, 7.857142857142857, 8.785714285714286, 9.5, 10.214285714285714, 9.928571428571429], "time": ["6/21/21", "6/22/21", "6/23/21", "6/24/21", "6/25/21", "6/26/21", "6/27/21", "6/28/21", "6/29/21", "6/30/21", "7/1/21", "7/2/21", "7/3/21", "7/4/21", "7/5/21", "7/6/21", "7/7/21", "7/8/21", "7/9/21", "7/10/21", "7/11/21", "7/12/21", "7/13/21", "7/14/21", "7/15/21", "7/16/21", "7/17/21", "7/18/21", "7/19/21"], "original_values": [8, 4, 2, 10, 2, 8, 0, 4, 6, 1, 4, 7, 9, 6, 3, 4, 4, 4, 7, 4, 5, 4, 9, 9, 13, 15, 9, 10, 9]}