{"dates": ["6/24/21", "6/25/21", "6/26/21", "6/27/21", "6/28/21", "6/29/21", "6/30/21", "7/1/21", "7/2/21", "7/3/21", "7/4/21", "7/5/21", "7/6/21", "7/7/21", "7/8/21", "7/9/21", "7/10/21", "7/11/21", "7/12/21", "7/13/21", "7/14/21", "7/15/21"], "max_14": 603, "max": 10857, "value": [14.285714285714286, 15.357142857142858, 16.0, 15.357142857142858, 15.357142857142858, 17.214285714285715, 18.857142857142858, 18.857142857142858, 15.5, 15.642857142857142, 19.714285714285715, 20.785714285714285, 20.785714285714285, 20.285714285714285, 20.285714285714285, 25.714285714285715, 32.214285714285715, 34.714285714285715, 38.42857142857143, 42.42857142857143, 44.142857142857146, 44.142857142857146, 49.57142857142857, 49.142857142857146], "time": ["6/21/21", "6/22/21", "6/23/21", "6/24/21", "6/25/21", "6/26/21", "6/27/21", "6/28/21", "6/29/21", "6/30/21", "7/1/21", "7/2/21", "7/3/21", "7/4/21", "7/5/21", "7/6/21", "7/7/21", "7/8/21", "7/9/21", "7/10/21", "7/11/21", "7/12/21", "7/13/21", "7/14/21", "7/15/21", "7/16/21", "7/17/21", "7/18/21", "7/19/21"], "original_values": [32, 24, 27, 8, 9, 0, 0, 47, 18, 24, 11, 32, 0, 0, 0, 67, 32, 18, 25, 0, 0, 76, 82, 52, 50, 49, 0, 0, 152]}