{"dates": ["6/24/21", "6/25/21", "6/26/21", "6/27/21", "6/28/21", "6/29/21", "6/30/21", "7/1/21", "7/2/21", "7/3/21", "7/4/21", "7/5/21", "7/6/21", "7/7/21", "7/8/21", "7/9/21", "7/10/21", "7/11/21", "7/12/21", "7/13/21", "7/14/21", "7/15/21"], "max_14": 177, "max": 10194, "value": [5.428571428571429, 4.714285714285714, 4.0, 4.285714285714286, 4.857142857142857, 5.285714285714286, 5.428571428571429, 5.428571428571429, 5.0, 4.071428571428571, 4.071428571428571, 6.071428571428571, 8.785714285714286, 10.0, 10.0, 11.785714285714286, 14.428571428571429, 14.785714285714286, 12.928571428571429, 11.214285714285714, 10.857142857142858, 10.857142857142858, 11.285714285714286, 10.642857142857142], "time": ["6/21/21", "6/22/21", "6/23/21", "6/24/21", "6/25/21", "6/26/21", "6/27/21", "6/28/21", "6/29/21", "6/30/21", "7/1/21", "7/2/21", "7/3/21", "7/4/21", "7/5/21", "7/6/21", "7/7/21", "7/8/21", "7/9/21", "7/10/21", "7/11/21", "7/12/21", "7/13/21", "7/14/21", "7/15/21", "7/16/21", "7/17/21", "7/18/21", "7/19/21"], "original_values": [16, 10, 5, 3, 4, 0, 0, 6, 10, 9, 7, 6, 0, 0, 0, 3, 16, 28, 23, 0, 0, 25, 15, 9, 9, 18, 0, 0, 31]}