{"dates": ["6/24/21", "6/25/21", "6/26/21", "6/27/21", "6/28/21", "6/29/21", "6/30/21", "7/1/21", "7/2/21", "7/3/21", "7/4/21", "7/5/21", "7/6/21", "7/7/21", "7/8/21", "7/9/21", "7/10/21", "7/11/21", "7/12/21", "7/13/21", "7/14/21", "7/15/21"], "max_14": 150, "max": 47236, "value": [5.714285714285714, 6.214285714285714, 5.785714285714286, 5.142857142857143, 5.428571428571429, 8.071428571428571, 10.142857142857142, 9.928571428571429, 10.142857142857142, 10.571428571428571, 11.357142857142858, 12.142857142857142, 10.714285714285714, 9.285714285714286, 9.785714285714286, 10.0, 10.357142857142858, 10.642857142857142, 10.714285714285714, 10.571428571428571, 10.714285714285714, 11.0, 11.142857142857142, 10.571428571428571], "time": ["6/21/21", "6/22/21", "6/23/21", "6/24/21", "6/25/21", "6/26/21", "6/27/21", "6/28/21", "6/29/21", "6/30/21", "7/1/21", "7/2/21", "7/3/21", "7/4/21", "7/5/21", "7/6/21", "7/7/21", "7/8/21", "7/9/21", "7/10/21", "7/11/21", "7/12/21", "7/13/21", "7/14/21", "7/15/21", "7/16/21", "7/17/21", "7/18/21", "7/19/21"], "original_values": [0, 12, 5, 1, 8, 12, 4, 3, 3, 5, 5, 41, 8, 5, 5, 7, 12, 9, 17, 12, 8, 5, 12, 11, 11, 13, 18, 6, 9]}