{"dates": ["6/24/21", "6/25/21", "6/26/21", "6/27/21", "6/28/21", "6/29/21", "6/30/21", "7/1/21", "7/2/21", "7/3/21", "7/4/21", "7/5/21", "7/6/21", "7/7/21", "7/8/21", "7/9/21", "7/10/21", "7/11/21", "7/12/21", "7/13/21", "7/14/21", "7/15/21"], "max_14": 373, "max": 77454, "value": [9.142857142857142, 8.428571428571429, 8.5, 7.857142857142857, 9.214285714285714, 13.071428571428571, 14.142857142857142, 14.142857142857142, 11.642857142857142, 11.571428571428571, 14.5, 11.714285714285714, 9.785714285714286, 11.142857142857142, 11.142857142857142, 15.5, 17.785714285714285, 16.0, 20.142857142857142, 23.5, 23.0, 23.0, 28.214285714285715, 32.42857142857143], "time": ["6/21/21", "6/22/21", "6/23/21", "6/24/21", "6/25/21", "6/26/21", "6/27/21", "6/28/21", "6/29/21", "6/30/21", "7/1/21", "7/2/21", "7/3/21", "7/4/21", "7/5/21", "7/6/21", "7/7/21", "7/8/21", "7/9/21", "7/10/21", "7/11/21", "7/12/21", "7/13/21", "7/14/21", "7/15/21", "7/16/21", "7/17/21", "7/18/21", "7/19/21"], "original_values": [45, -2, 24, 0, -3, 0, 0, 35, 9, 4, 39, 12, 0, 0, 0, 43, 11, -7, 31, 0, 0, 61, 14, 15, 47, 24, 0, 0, 134]}