{"dates": ["6/24/21", "6/25/21", "6/26/21", "6/27/21", "6/28/21", "6/29/21", "6/30/21", "7/1/21", "7/2/21", "7/3/21", "7/4/21", "7/5/21", "7/6/21", "7/7/21", "7/8/21", "7/9/21", "7/10/21", "7/11/21", "7/12/21", "7/13/21", "7/14/21", "7/15/21"], "max_14": 291, "max": 4048, "value": [14.071428571428571, 14.0, 14.0, 15.071428571428571, 14.928571428571429, 13.857142857142858, 13.142857142857142, 13.857142857142858, 15.214285714285714, 13.857142857142858, 11.714285714285714, 12.214285714285714, 15.142857142857142, 18.642857142857142, 20.0, 19.642857142857142, 21.285714285714285, 23.5, 22.785714285714285, 20.857142857142858, 20.5, 20.928571428571427, 21.5, 20.071428571428573], "time": ["6/21/21", "6/22/21", "6/23/21", "6/24/21", "6/25/21", "6/26/21", "6/27/21", "6/28/21", "6/29/21", "6/30/21", "7/1/21", "7/2/21", "7/3/21", "7/4/21", "7/5/21", "7/6/21", "7/7/21", "7/8/21", "7/9/21", "7/10/21", "7/11/21", "7/12/21", "7/13/21", "7/14/21", "7/15/21", "7/16/21", "7/17/21", "7/18/21", "7/19/21"], "original_values": [13, 19, 11, 26, 18, 8, 7, 5, 27, 18, 17, 12, 4, 21, 10, 3, 12, 30, 40, 25, 19, 7, 29, 17, 15, 28, 32, 18, 16]}