{"dates": ["6/24/21", "6/25/21", "6/26/21", "6/27/21", "6/28/21", "6/29/21", "6/30/21", "7/1/21", "7/2/21", "7/3/21", "7/4/21", "7/5/21", "7/6/21", "7/7/21", "7/8/21", "7/9/21", "7/10/21", "7/11/21", "7/12/21", "7/13/21", "7/14/21", "7/15/21"], "max_14": 1363, "max": 47099, "value": [32.714285714285715, 34.785714285714285, 36.07142857142857, 41.357142857142854, 43.5, 42.57142857142857, 40.285714285714285, 38.785714285714285, 43.285714285714285, 46.285714285714285, 44.714285714285715, 46.285714285714285, 56.357142857142854, 69.28571428571429, 75.28571428571429, 72.14285714285714, 74.35714285714286, 85.85714285714286, 98.14285714285714, 103.07142857142857, 105.5, 113.07142857142857, 121.35714285714286, 118.28571428571429], "time": ["6/21/21", "6/22/21", "6/23/21", "6/24/21", "6/25/21", "6/26/21", "6/27/21", "6/28/21", "6/29/21", "6/30/21", "7/1/21", "7/2/21", "7/3/21", "7/4/21", "7/5/21", "7/6/21", "7/7/21", "7/8/21", "7/9/21", "7/10/21", "7/11/21", "7/12/21", "7/13/21", "7/14/21", "7/15/21", "7/16/21", "7/17/21", "7/18/21", "7/19/21"], "original_values": [28, 8, 31, 54, 52, 36, 40, 17, 37, 76, 39, 54, 2, 53, 67, 29, 62, 75, 159, 78, 61, 15, 112, 140, 169, 134, 137, 108, 84]}