{"dates": ["6/24/21", "6/25/21", "6/26/21", "6/27/21", "6/28/21", "6/29/21", "6/30/21", "7/1/21", "7/2/21", "7/3/21", "7/4/21", "7/5/21", "7/6/21", "7/7/21", "7/8/21", "7/9/21", "7/10/21", "7/11/21", "7/12/21", "7/13/21", "7/14/21", "7/15/21"], "max_14": 195, "max": 2838, "value": [4.857142857142857, 5.357142857142857, 5.857142857142857, 5.642857142857143, 5.428571428571429, 6.071428571428571, 6.714285714285714, 6.714285714285714, 5.928571428571429, 5.142857142857143, 8.285714285714286, 11.428571428571429, 11.857142857142858, 12.285714285714286, 12.285714285714286, 13.642857142857142, 15.0, 11.0, 9.928571428571429, 13.214285714285714, 13.571428571428571, 13.571428571428571, 13.214285714285714, 12.857142857142858], "time": ["6/21/21", "6/22/21", "6/23/21", "6/24/21", "6/25/21", "6/26/21", "6/27/21", "6/28/21", "6/29/21", "6/30/21", "7/1/21", "7/2/21", "7/3/21", "7/4/21", "7/5/21", "7/6/21", "7/7/21", "7/8/21", "7/9/21", "7/10/21", "7/11/21", "7/12/21", "7/13/21", "7/14/21", "7/15/21", "7/16/21", "7/17/21", "7/18/21", "7/19/21"], "original_values": [4, 0, 15, 0, 15, 0, 0, 11, 0, 12, 0, 24, 0, 0, 0, 0, 56, 0, 30, 0, 0, 19, 0, 0, 41, 35, 0, 0, 14]}