{"dates": ["6/24/21", "6/25/21", "6/26/21", "6/27/21", "6/28/21", "6/29/21", "6/30/21", "7/1/21", "7/2/21", "7/3/21", "7/4/21", "7/5/21", "7/6/21", "7/7/21", "7/8/21", "7/9/21", "7/10/21", "7/11/21", "7/12/21", "7/13/21", "7/14/21", "7/15/21"], "max_14": 204, "max": 12888, "value": [4.071428571428571, 4.428571428571429, 4.071428571428571, 2.5714285714285716, 1.2142857142857142, 1.5, 0.9285714285714286, -0.5, -1.5, 2.2142857142857144, 8.428571428571429, 10.642857142857142, 11.0, 11.428571428571429, 11.428571428571429, 13.571428571428571, 11.857142857142858, 8.142857142857142, 8.642857142857142, 8.785714285714286, 8.571428571428571, 8.571428571428571, 11.0, 13.285714285714286], "time": ["6/21/21", "6/22/21", "6/23/21", "6/24/21", "6/25/21", "6/26/21", "6/27/21", "6/28/21", "6/29/21", "6/30/21", "7/1/21", "7/2/21", "7/3/21", "7/4/21", "7/5/21", "7/6/21", "7/7/21", "7/8/21", "7/9/21", "7/10/21", "7/11/21", "7/12/21", "7/13/21", "7/14/21", "7/15/21", "7/16/21", "7/17/21", "7/18/21", "7/19/21"], "original_values": [9, 0, -6, 4, 7, 9, 11, 3, 1, -28, 7, 8, 0, 0, 0, 56, 4, 6, 14, 0, 0, 30, 2, 6, 11, 11, 0, 0, 64]}