{"dates": ["6/24/21", "6/25/21", "6/26/21", "6/27/21", "6/28/21", "6/29/21", "6/30/21", "7/1/21", "7/2/21", "7/3/21", "7/4/21", "7/5/21", "7/6/21", "7/7/21", "7/8/21", "7/9/21", "7/10/21", "7/11/21", "7/12/21", "7/13/21", "7/14/21", "7/15/21"], "max_14": 226, "max": 17818, "value": [5.285714285714286, 5.285714285714286, 5.857142857142857, 6.714285714285714, 7.357142857142857, 7.642857142857143, 8.142857142857142, 8.714285714285714, 8.714285714285714, 7.714285714285714, 7.857142857142857, 10.142857142857142, 11.428571428571429, 12.142857142857142, 12.714285714285714, 12.714285714285714, 15.785714285714286, 17.0, 16.642857142857142, 18.357142857142858, 19.071428571428573, 19.571428571428573, 19.571428571428573, 16.5], "time": ["6/21/21", "6/22/21", "6/23/21", "6/24/21", "6/25/21", "6/26/21", "6/27/21", "6/28/21", "6/29/21", "6/30/21", "7/1/21", "7/2/21", "7/3/21", "7/4/21", "7/5/21", "7/6/21", "7/7/21", "7/8/21", "7/9/21", "7/10/21", "7/11/21", "7/12/21", "7/13/21", "7/14/21", "7/15/21", "7/16/21", "7/17/21", "7/18/21", "7/19/21"], "original_values": [0, 6, 6, 6, 14, 5, 0, 0, 14, 10, 11, 13, 13, 0, 0, 0, 26, 27, 15, 21, 0, 0, 43, 0, 48, 18, 28, 0, 0]}