{"dates": ["6/24/21", "6/25/21", "6/26/21", "6/27/21", "6/28/21", "6/29/21", "6/30/21", "7/1/21", "7/2/21", "7/3/21", "7/4/21", "7/5/21", "7/6/21", "7/7/21", "7/8/21", "7/9/21", "7/10/21", "7/11/21", "7/12/21", "7/13/21", "7/14/21", "7/15/21"], "max_14": 67, "max": 16472, "value": [1.7857142857142858, 1.7857142857142858, 1.7857142857142858, 1.7142857142857142, 1.6428571428571428, 1.7857142857142858, 1.9285714285714286, 1.9285714285714286, 1.7142857142857142, 1.7857142857142858, 2.7142857142857144, 3.642857142857143, 3.642857142857143, 3.357142857142857, 3.2857142857142856, 3.5714285714285716, 4.214285714285714, 4.071428571428571, 4.0, 5.071428571428571, 5.714285714285714, 5.714285714285714, 5.714285714285714, 5.0], "time": ["6/21/21", "6/22/21", "6/23/21", "6/24/21", "6/25/21", "6/26/21", "6/27/21", "6/28/21", "6/29/21", "6/30/21", "7/1/21", "7/2/21", "7/3/21", "7/4/21", "7/5/21", "7/6/21", "7/7/21", "7/8/21", "7/9/21", "7/10/21", "7/11/21", "7/12/21", "7/13/21", "7/14/21", "7/15/21", "7/16/21", "7/17/21", "7/18/21", "7/19/21"], "original_values": [3, 1, 2, 2, 4, 0, 1, 2, 2, 0, 3, 5, 1, 0, 0, 5, 10, 6, 2, 0, 0, 4, 10, 3, 12, 11, 0, 0, 4]}