{"dates": ["6/24/21", "6/25/21", "6/26/21", "6/27/21", "6/28/21", "6/29/21", "6/30/21", "7/1/21", "7/2/21", "7/3/21", "7/4/21", "7/5/21", "7/6/21", "7/7/21", "7/8/21", "7/9/21", "7/10/21", "7/11/21", "7/12/21", "7/13/21", "7/14/21", "7/15/21"], "max_14": 35, "max": 3975, "value": [1.0, 1.2142857142857142, 1.2857142857142858, 1.3571428571428572, 1.0714285714285714, 0.7857142857142857, 0.7857142857142857, 0.7142857142857143, 0.6428571428571429, 0.7857142857142857, 0.8571428571428571, 0.9285714285714286, 1.4285714285714286, 1.7857142857142858, 1.7857142857142858, 1.8571428571428572, 1.7857142857142858, 1.7857142857142858, 2.0, 2.0714285714285716, 2.2142857142857144, 2.4285714285714284, 2.7857142857142856, 3.0], "time": ["6/21/21", "6/22/21", "6/23/21", "6/24/21", "6/25/21", "6/26/21", "6/27/21", "6/28/21", "6/29/21", "6/30/21", "7/1/21", "7/2/21", "7/3/21", "7/4/21", "7/5/21", "7/6/21", "7/7/21", "7/8/21", "7/9/21", "7/10/21", "7/11/21", "7/12/21", "7/13/21", "7/14/21", "7/15/21", "7/16/21", "7/17/21", "7/18/21", "7/19/21"], "original_values": [0, 0, 1, 4, -1, 2, 2, 1, 0, 2, -1, 0, 1, 2, 0, 3, 0, 2, 4, 2, 1, 2, 0, 3, 2, 5, 3, 3, 5]}