{"dates": ["6/24/21", "6/25/21", "6/26/21", "6/27/21", "6/28/21", "6/29/21", "6/30/21", "7/1/21", "7/2/21", "7/3/21", "7/4/21", "7/5/21", "7/6/21", "7/7/21", "7/8/21", "7/9/21", "7/10/21", "7/11/21", "7/12/21", "7/13/21", "7/14/21", "7/15/21"], "max_14": 191, "max": 3484, "value": [5.642857142857143, 6.642857142857143, 6.571428571428571, 6.285714285714286, 5.857142857142857, 5.928571428571429, 6.071428571428571, 5.5, 5.428571428571429, 5.642857142857143, 5.571428571428571, 6.0, 6.571428571428571, 7.785714285714286, 9.142857142857142, 10.071428571428571, 11.071428571428571, 11.214285714285714, 11.642857142857142, 13.571428571428571, 14.857142857142858, 15.285714285714286, 16.142857142857142, 16.071428571428573], "time": ["6/21/21", "6/22/21", "6/23/21", "6/24/21", "6/25/21", "6/26/21", "6/27/21", "6/28/21", "6/29/21", "6/30/21", "7/1/21", "7/2/21", "7/3/21", "7/4/21", "7/5/21", "7/6/21", "7/7/21", "7/8/21", "7/9/21", "7/10/21", "7/11/21", "7/12/21", "7/13/21", "7/14/21", "7/15/21", "7/16/21", "7/17/21", "7/18/21", "7/19/21"], "original_values": [1, 5, 11, 6, 2, 8, 13, 2, 3, 9, 2, 7, 5, 8, 6, 2, 9, 8, 9, 20, 12, 15, 7, 6, 17, 27, 20, 18, 21]}