{"dates": ["6/24/21", "6/25/21", "6/26/21", "6/27/21", "6/28/21", "6/29/21", "6/30/21", "7/1/21", "7/2/21", "7/3/21", "7/4/21", "7/5/21", "7/6/21", "7/7/21", "7/8/21", "7/9/21", "7/10/21", "7/11/21", "7/12/21", "7/13/21", "7/14/21", "7/15/21"], "max_14": 60, "max": 2250, "value": [14.285714285714286, 14.285714285714286, 15.428571428571429, 16.928571428571427, 17.071428571428573, 16.142857142857142, 13.928571428571429, 12.428571428571429, 12.428571428571429, 11.357142857142858, 9.142857142857142, 6.571428571428571, 4.214285714285714, 3.642857142857143, 4.0, 4.0, 4.5, 4.642857142857143, 4.428571428571429, 4.357142857142857, 4.357142857142857, 4.571428571428571, 4.571428571428571, 3.9285714285714284], "time": ["6/21/21", "6/22/21", "6/23/21", "6/24/21", "6/25/21", "6/26/21", "6/27/21", "6/28/21", "6/29/21", "6/30/21", "7/1/21", "7/2/21", "7/3/21", "7/4/21", "7/5/21", "7/6/21", "7/7/21", "7/8/21", "7/9/21", "7/10/21", "7/11/21", "7/12/21", "7/13/21", "7/14/21", "7/15/21", "7/16/21", "7/17/21", "7/18/21", "7/19/21"], "original_values": [0, 1, 19, 27, 31, 22, 0, 0, 17, 24, 24, 21, 1, 0, 0, 2, 8, 4, 8, 6, 0, 0, 9, 3, 6, 5, 9, 0, 0]}