{"dates": ["6/24/21", "6/25/21", "6/26/21", "6/27/21", "6/28/21", "6/29/21", "6/30/21", "7/1/21", "7/2/21", "7/3/21", "7/4/21", "7/5/21", "7/6/21", "7/7/21", "7/8/21", "7/9/21", "7/10/21", "7/11/21", "7/12/21", "7/13/21", "7/14/21", "7/15/21"], "max_14": 290, "max": 88751, "value": [9.071428571428571, 9.142857142857142, 8.857142857142858, 7.928571428571429, 7.357142857142857, 8.571428571428571, 9.785714285714286, 11.0, 12.214285714285714, 12.285714285714286, 12.071428571428571, 13.571428571428571, 14.214285714285714, 13.428571428571429, 13.785714285714286, 15.428571428571429, 17.071428571428573, 18.357142857142858, 16.785714285714285, 15.857142857142858, 19.357142857142858, 22.357142857142858, 24.071428571428573, 24.285714285714285], "time": ["6/21/21", "6/22/21", "6/23/21", "6/24/21", "6/25/21", "6/26/21", "6/27/21", "6/28/21", "6/29/21", "6/30/21", "7/1/21", "7/2/21", "7/3/21", "7/4/21", "7/5/21", "7/6/21", "7/7/21", "7/8/21", "7/9/21", "7/10/21", "7/11/21", "7/12/21", "7/13/21", "7/14/21", "7/15/21", "7/16/21", "7/17/21", "7/18/21", "7/19/21"], "original_values": [8, 5, 21, 7, 11, 8, 7, 2, 7, 6, 14, 21, 15, 17, 9, 1, 9, 32, 12, 13, 24, 25, 8, 20, -1, 32, 42, 37, 36]}