{"dates": ["6/24/21", "6/25/21", "6/26/21", "6/27/21", "6/28/21", "6/29/21", "6/30/21", "7/1/21", "7/2/21", "7/3/21", "7/4/21", "7/5/21", "7/6/21", "7/7/21", "7/8/21", "7/9/21", "7/10/21", "7/11/21", "7/12/21", "7/13/21", "7/14/21", "7/15/21"], "max_14": 266, "max": 4813, "value": [8.928571428571429, 9.428571428571429, 10.214285714285714, 10.5, 11.285714285714286, 12.642857142857142, 12.0, 10.785714285714286, 10.0, 13.357142857142858, 17.5, 18.428571428571427, 19.714285714285715, 20.571428571428573, 20.571428571428573, 22.428571428571427, 20.214285714285715, 16.285714285714285, 14.5, 12.571428571428571, 12.571428571428571, 12.571428571428571, 13.142857142857142, 13.0], "time": ["6/21/21", "6/22/21", "6/23/21", "6/24/21", "6/25/21", "6/26/21", "6/27/21", "6/28/21", "6/29/21", "6/30/21", "7/1/21", "7/2/21", "7/3/21", "7/4/21", "7/5/21", "7/6/21", "7/7/21", "7/8/21", "7/9/21", "7/10/21", "7/11/21", "7/12/21", "7/13/21", "7/14/21", "7/15/21", "7/16/21", "7/17/21", "7/18/21", "7/19/21"], "original_values": [4, 5, 16, 18, 6, 10, 7, 4, 16, 9, 36, 7, 0, 0, 0, 67, 16, 42, 19, 0, 0, 26, 10, 18, 15, 19, 0, 0, 34]}