{"dates": ["6/24/21", "6/25/21", "6/26/21", "6/27/21", "6/28/21", "6/29/21", "6/30/21", "7/1/21", "7/2/21", "7/3/21", "7/4/21", "7/5/21", "7/6/21", "7/7/21", "7/8/21", "7/9/21", "7/10/21", "7/11/21", "7/12/21", "7/13/21", "7/14/21", "7/15/21"], "max_14": 326, "max": 22722, "value": [9.142857142857142, 9.285714285714286, 10.142857142857142, 10.071428571428571, 9.214285714285714, 10.0, 10.857142857142858, 10.857142857142858, 9.142857142857142, 9.071428571428571, 10.928571428571429, 11.142857142857142, 10.642857142857142, 10.142857142857142, 10.142857142857142, 14.785714285714286, 18.214285714285715, 17.571428571428573, 19.928571428571427, 23.571428571428573, 25.428571428571427, 25.428571428571427, 26.285714285714285, 25.785714285714285], "time": ["6/21/21", "6/22/21", "6/23/21", "6/24/21", "6/25/21", "6/26/21", "6/27/21", "6/28/21", "6/29/21", "6/30/21", "7/1/21", "7/2/21", "7/3/21", "7/4/21", "7/5/21", "7/6/21", "7/7/21", "7/8/21", "7/9/21", "7/10/21", "7/11/21", "7/12/21", "7/13/21", "7/14/21", "7/15/21", "7/16/21", "7/17/21", "7/18/21", "7/19/21"], "original_values": [22, 3, 22, 11, 6, 0, 0, 24, 13, 11, 10, 18, 0, 0, 0, 36, 14, 10, 11, 0, 0, 65, 19, 22, 35, 37, 0, 0, 77]}