{"dates": ["6/24/21", "6/25/21", "6/26/21", "6/27/21", "6/28/21", "6/29/21", "6/30/21", "7/1/21", "7/2/21", "7/3/21", "7/4/21", "7/5/21", "7/6/21", "7/7/21", "7/8/21", "7/9/21", "7/10/21", "7/11/21", "7/12/21", "7/13/21", "7/14/21", "7/15/21"], "max_14": 704, "max": 6919, "value": [27.857142857142858, 30.428571428571427, 30.5, 30.0, 28.214285714285715, 27.428571428571427, 26.285714285714285, 24.571428571428573, 26.928571428571427, 29.142857142857142, 30.928571428571427, 32.42857142857143, 34.642857142857146, 41.0, 46.0, 43.857142857142854, 45.357142857142854, 50.142857142857146, 54.785714285714285, 58.42857142857143, 57.142857142857146, 56.142857142857146, 57.714285714285715, 53.642857142857146], "time": ["6/21/21", "6/22/21", "6/23/21", "6/24/21", "6/25/21", "6/26/21", "6/27/21", "6/28/21", "6/29/21", "6/30/21", "7/1/21", "7/2/21", "7/3/21", "7/4/21", "7/5/21", "7/6/21", "7/7/21", "7/8/21", "7/9/21", "7/10/21", "7/11/21", "7/12/21", "7/13/21", "7/14/21", "7/15/21", "7/16/21", "7/17/21", "7/18/21", "7/19/21"], "original_values": [12, 25, 32, 57, 25, 28, 32, 16, 22, 28, 36, 35, 2, 34, 47, 22, 53, 32, 70, 56, 50, 1, 89, 53, 97, 56, 52, 40, 33]}