{"dates": ["6/24/21", "6/25/21", "6/26/21", "6/27/21", "6/28/21", "6/29/21", "6/30/21", "7/1/21", "7/2/21", "7/3/21", "7/4/21", "7/5/21", "7/6/21", "7/7/21", "7/8/21", "7/9/21", "7/10/21", "7/11/21", "7/12/21", "7/13/21", "7/14/21", "7/15/21"], "max_14": 84, "max": 15744, "value": [2.5, 2.7142857142857144, 2.9285714285714284, 3.142857142857143, 3.5, 4.0, 4.214285714285714, 4.071428571428571, 3.9285714285714284, 4.071428571428571, 4.214285714285714, 4.5, 4.714285714285714, 4.785714285714286, 5.285714285714286, 5.714285714285714, 5.428571428571429, 5.571428571428571, 5.642857142857143, 5.5, 5.571428571428571, 5.642857142857143, 6.071428571428571, 6.142857142857143], "time": ["6/21/21", "6/22/21", "6/23/21", "6/24/21", "6/25/21", "6/26/21", "6/27/21", "6/28/21", "6/29/21", "6/30/21", "7/1/21", "7/2/21", "7/3/21", "7/4/21", "7/5/21", "7/6/21", "7/7/21", "7/8/21", "7/9/21", "7/10/21", "7/11/21", "7/12/21", "7/13/21", "7/14/21", "7/15/21", "7/16/21", "7/17/21", "7/18/21", "7/19/21"], "original_values": [1, 2, 3, 2, 5, 3, 3, 1, 5, 3, 7, 7, 4, 0, 2, 6, 4, 10, 7, 5, 6, 2, 2, 10, 5, 10, 3, 9, 5]}