{"dates": ["6/24/21", "6/25/21", "6/26/21", "6/27/21", "6/28/21", "6/29/21", "6/30/21", "7/1/21", "7/2/21", "7/3/21", "7/4/21", "7/5/21", "7/6/21", "7/7/21", "7/8/21", "7/9/21", "7/10/21", "7/11/21", "7/12/21", "7/13/21", "7/14/21", "7/15/21"], "max_14": 335, "max": 13463, "value": [7.428571428571429, 7.428571428571429, 7.428571428571429, 7.428571428571429, 7.428571428571429, 10.5, 13.571428571428571, 13.571428571428571, 13.571428571428571, 13.571428571428571, 13.571428571428571, 13.571428571428571, 15.571428571428571, 17.571428571428573, 17.571428571428573, 17.571428571428573, 17.571428571428573, 17.571428571428573, 17.571428571428573, 23.928571428571427, 30.285714285714285, 30.285714285714285, 30.285714285714285, 30.285714285714285], "time": ["6/21/21", "6/22/21", "6/23/21", "6/24/21", "6/25/21", "6/26/21", "6/27/21", "6/28/21", "6/29/21", "6/30/21", "7/1/21", "7/2/21", "7/3/21", "7/4/21", "7/5/21", "7/6/21", "7/7/21", "7/8/21", "7/9/21", "7/10/21", "7/11/21", "7/12/21", "7/13/21", "7/14/21", "7/15/21", "7/16/21", "7/17/21", "7/18/21", "7/19/21"], "original_values": [0, 0, 0, 0, 52, 0, 0, 0, 0, 0, 0, 95, 0, 0, 0, 0, 0, 0, 123, 0, 0, 0, 0, 0, 0, 212, 0, 0, 0]}