{"dates": ["6/24/21", "6/25/21", "6/26/21", "6/27/21", "6/28/21", "6/29/21", "6/30/21", "7/1/21", "7/2/21", "7/3/21", "7/4/21", "7/5/21", "7/6/21", "7/7/21", "7/8/21", "7/9/21", "7/10/21", "7/11/21", "7/12/21", "7/13/21", "7/14/21", "7/15/21"], "max_14": 2594, "max": 559767, "value": [73.42857142857143, 69.28571428571429, 65.71428571428571, 64.92857142857143, 67.14285714285714, 68.07142857142857, 65.42857142857143, 65.42857142857143, 53.285714285714285, 59.642857142857146, 81.14285714285714, 86.07142857142857, 97.5, 107.0, 107.0, 133.0, 143.5, 133.5, 143.85714285714286, 146.21428571428572, 143.71428571428572, 143.71428571428572, 177.64285714285714, 203.85714285714286], "time": ["6/21/21", "6/22/21", "6/23/21", "6/24/21", "6/25/21", "6/26/21", "6/27/21", "6/28/21", "6/29/21", "6/30/21", "7/1/21", "7/2/21", "7/3/21", "7/4/21", "7/5/21", "7/6/21", "7/7/21", "7/8/21", "7/9/21", "7/10/21", "7/11/21", "7/12/21", "7/13/21", "7/14/21", "7/15/21", "7/16/21", "7/17/21", "7/18/21", "7/19/21"], "original_values": [228, 58, 69, 73, 86, 0, 0, 170, 66, 50, 123, 49, 0, 0, 0, 325, 92, 150, 182, 0, 0, 364, 108, 169, 218, 147, 0, 0, 839]}