{"dates": ["6/24/21", "6/25/21", "6/26/21", "6/27/21", "6/28/21", "6/29/21", "6/30/21", "7/1/21", "7/2/21", "7/3/21", "7/4/21", "7/5/21", "7/6/21", "7/7/21", "7/8/21", "7/9/21", "7/10/21", "7/11/21", "7/12/21", "7/13/21", "7/14/21", "7/15/21"], "max_14": 52, "max": 1040, "value": [1.4285714285714286, 1.4285714285714286, 1.3571428571428572, 1.1428571428571428, 1.0714285714285714, 1.5, 1.8571428571428572, 1.8571428571428572, 2.2142857142857144, 2.5714285714285716, 2.7142857142857144, 3.0714285714285716, 3.2142857142857144, 3.142857142857143, 3.142857142857143, 3.9285714285714284, 4.928571428571429, 5.357142857142857, 5.214285714285714, 4.642857142857143, 4.428571428571429, 4.428571428571429, 3.5714285714285716, 2.2142857142857144], "time": ["6/21/21", "6/22/21", "6/23/21", "6/24/21", "6/25/21", "6/26/21", "6/27/21", "6/28/21", "6/29/21", "6/30/21", "7/1/21", "7/2/21", "7/3/21", "7/4/21", "7/5/21", "7/6/21", "7/7/21", "7/8/21", "7/9/21", "7/10/21", "7/11/21", "7/12/21", "7/13/21", "7/14/21", "7/15/21", "7/16/21", "7/17/21", "7/18/21", "7/19/21"], "original_values": [0, 5, 3, 2, 0, 0, 0, 0, 4, 1, 3, 5, 0, 0, 5, 4, 3, 6, 4, 0, 0, 16, 7, 6, 1, 1, 0, 0, 4]}