{"dates": ["6/24/21", "6/25/21", "6/26/21", "6/27/21", "6/28/21", "6/29/21", "6/30/21", "7/1/21", "7/2/21", "7/3/21", "7/4/21", "7/5/21", "7/6/21", "7/7/21", "7/8/21", "7/9/21", "7/10/21", "7/11/21", "7/12/21", "7/13/21", "7/14/21", "7/15/21"], "max_14": 55, "max": 11073, "value": [1.4285714285714286, 1.5714285714285714, 1.9285714285714286, 2.0, 2.0, 1.8571428571428572, 1.5714285714285714, 1.5714285714285714, 1.3571428571428572, 1.6428571428571428, 2.5, 3.0, 3.7857142857142856, 4.428571428571429, 4.428571428571429, 4.714285714285714, 4.285714285714286, 3.5714285714285716, 3.2857142857142856, 2.357142857142857, 1.7142857142857142, 1.7142857142857142, 2.2857142857142856, 2.7142857142857144], "time": ["6/21/21", "6/22/21", "6/23/21", "6/24/21", "6/25/21", "6/26/21", "6/27/21", "6/28/21", "6/29/21", "6/30/21", "7/1/21", "7/2/21", "7/3/21", "7/4/21", "7/5/21", "7/6/21", "7/7/21", "7/8/21", "7/9/21", "7/10/21", "7/11/21", "7/12/21", "7/13/21", "7/14/21", "7/15/21", "7/16/21", "7/17/21", "7/18/21", "7/19/21"], "original_values": [1, 2, 0, 2, 5, 0, 0, 3, 5, -2, 4, 1, 0, 0, 0, 12, 3, 6, 10, 0, 0, 4, 2, 3, 2, 1, 0, 0, 12]}