{"dates": ["6/24/21", "6/25/21", "6/26/21", "6/27/21", "6/28/21", "6/29/21", "6/30/21", "7/1/21", "7/2/21", "7/3/21", "7/4/21", "7/5/21", "7/6/21", "7/7/21", "7/8/21", "7/9/21", "7/10/21", "7/11/21", "7/12/21", "7/13/21", "7/14/21", "7/15/21"], "max_14": 76, "max": 3118, "value": [2.142857142857143, 1.7857142857142858, 1.8571428571428572, 2.5, 2.5714285714285716, 2.5, 2.5714285714285716, 2.5714285714285716, 2.5, 2.357142857142857, 2.0714285714285716, 2.4285714285714284, 3.142857142857143, 3.2857142857142856, 3.2857142857142856, 3.857142857142857, 4.142857142857143, 4.5, 4.928571428571429, 4.571428571428571, 4.428571428571429, 4.428571428571429, 5.428571428571429, 6.285714285714286], "time": ["6/21/21", "6/22/21", "6/23/21", "6/24/21", "6/25/21", "6/26/21", "6/27/21", "6/28/21", "6/29/21", "6/30/21", "7/1/21", "7/2/21", "7/3/21", "7/4/21", "7/5/21", "7/6/21", "7/7/21", "7/8/21", "7/9/21", "7/10/21", "7/11/21", "7/12/21", "7/13/21", "7/14/21", "7/15/21", "7/16/21", "7/17/21", "7/18/21", "7/19/21"], "original_values": [6, 1, 2, 2, 4, 0, 0, 1, 7, 5, 0, 5, 0, 0, 0, 6, 2, 8, 7, 0, 0, 8, 2, 11, 5, 5, 0, 0, 22]}