{"dates": ["6/24/21", "6/25/21", "6/26/21", "6/27/21", "6/28/21", "6/29/21", "6/30/21", "7/1/21", "7/2/21", "7/3/21", "7/4/21", "7/5/21", "7/6/21", "7/7/21", "7/8/21", "7/9/21", "7/10/21", "7/11/21", "7/12/21", "7/13/21", "7/14/21", "7/15/21"], "max_14": 472, "max": 4023, "value": [15.714285714285714, 18.142857142857142, 18.071428571428573, 16.5, 18.428571428571427, 19.142857142857142, 18.857142857142858, 18.857142857142858, 20.0, 20.571428571428573, 19.285714285714285, 22.571428571428573, 28.571428571428573, 30.571428571428573, 30.571428571428573, 31.785714285714285, 35.42857142857143, 40.0, 37.357142857142854, 33.07142857142857, 33.57142857142857, 33.57142857142857, 34.0, 32.0], "time": ["6/21/21", "6/22/21", "6/23/21", "6/24/21", "6/25/21", "6/26/21", "6/27/21", "6/28/21", "6/29/21", "6/30/21", "7/1/21", "7/2/21", "7/3/21", "7/4/21", "7/5/21", "7/6/21", "7/7/21", "7/8/21", "7/9/21", "7/10/21", "7/11/21", "7/12/21", "7/13/21", "7/14/21", "7/15/21", "7/16/21", "7/17/21", "7/18/21", "7/19/21"], "original_values": [1, 43, 21, 24, 21, 0, 0, 35, 8, 34, 38, 17, 0, 0, 51, 0, 24, 94, 45, 0, 0, 68, 34, 54, 27, 52, 0, 0, 74]}