{"dates": ["6/24/21", "6/25/21", "6/26/21", "6/27/21", "6/28/21", "6/29/21", "6/30/21", "7/1/21", "7/2/21", "7/3/21", "7/4/21", "7/5/21", "7/6/21", "7/7/21", "7/8/21", "7/9/21", "7/10/21", "7/11/21", "7/12/21", "7/13/21", "7/14/21", "7/15/21"], "max_14": 464, "max": 15545, "value": [12.0, 12.0, 12.0, 12.0, 12.0, 14.0, 16.0, 16.0, 16.0, 16.0, 16.0, 16.0, 20.142857142857142, 24.285714285714285, 24.285714285714285, 24.285714285714285, 24.285714285714285, 24.285714285714285, 24.285714285714285, 33.142857142857146, 42.0, 42.0, 42.0, 42.0], "time": ["6/21/21", "6/22/21", "6/23/21", "6/24/21", "6/25/21", "6/26/21", "6/27/21", "6/28/21", "6/29/21", "6/30/21", "7/1/21", "7/2/21", "7/3/21", "7/4/21", "7/5/21", "7/6/21", "7/7/21", "7/8/21", "7/9/21", "7/10/21", "7/11/21", "7/12/21", "7/13/21", "7/14/21", "7/15/21", "7/16/21", "7/17/21", "7/18/21", "7/19/21"], "original_values": [0, 0, 0, 0, 84, 0, 0, 0, 0, 0, 0, 112, 0, 0, 0, 0, 0, 0, 170, 0, 0, 0, 0, 0, 0, 294, 0, 0, 0]}