{"dates": ["6/24/21", "6/25/21", "6/26/21", "6/27/21", "6/28/21", "6/29/21", "6/30/21", "7/1/21", "7/2/21", "7/3/21", "7/4/21", "7/5/21", "7/6/21", "7/7/21", "7/8/21", "7/9/21", "7/10/21", "7/11/21", "7/12/21", "7/13/21", "7/14/21", "7/15/21"], "max_14": 124, "max": 6685, "value": [3.7142857142857144, 3.7857142857142856, 4.071428571428571, 4.5, 4.214285714285714, 3.142857142857143, 2.5714285714285716, 2.5714285714285716, 2.0714285714285716, 2.0714285714285716, 2.642857142857143, 3.0714285714285716, 3.7142857142857144, 4.0, 4.0, 5.071428571428571, 5.5, 5.642857142857143, 6.785714285714286, 7.428571428571429, 7.714285714285714, 7.714285714285714, 9.642857142857142, 11.5], "time": ["6/21/21", "6/22/21", "6/23/21", "6/24/21", "6/25/21", "6/26/21", "6/27/21", "6/28/21", "6/29/21", "6/30/21", "7/1/21", "7/2/21", "7/3/21", "7/4/21", "7/5/21", "7/6/21", "7/7/21", "7/8/21", "7/9/21", "7/10/21", "7/11/21", "7/12/21", "7/13/21", "7/14/21", "7/15/21", "7/16/21", "7/17/21", "7/18/21", "7/19/21"], "original_values": [6, 0, 1, 9, 10, 0, 0, 7, 3, 4, 2, 2, 0, 0, 0, 10, 5, 7, 6, 0, 0, 15, 1, 16, 12, 10, 0, 0, 42]}