{"dates": ["6/24/21", "6/25/21", "6/26/21", "6/27/21", "6/28/21", "6/29/21", "6/30/21", "7/1/21", "7/2/21", "7/3/21", "7/4/21", "7/5/21", "7/6/21", "7/7/21", "7/8/21", "7/9/21", "7/10/21", "7/11/21", "7/12/21", "7/13/21", "7/14/21", "7/15/21"], "max_14": 2725, "max": 111553, "value": [70.57142857142857, 80.78571428571429, 87.35714285714286, 92.21428571428571, 95.21428571428571, 101.28571428571429, 106.14285714285714, 99.42857142857143, 76.14285714285714, 84.28571428571429, 113.21428571428571, 117.92857142857143, 122.85714285714286, 127.28571428571429, 127.28571428571429, 166.21428571428572, 185.92857142857142, 172.35714285714286, 179.28571428571428, 174.85714285714286, 169.14285714285714, 169.14285714285714, 176.64285714285714, 171.92857142857142], "time": ["6/21/21", "6/22/21", "6/23/21", "6/24/21", "6/25/21", "6/26/21", "6/27/21", "6/28/21", "6/29/21", "6/30/21", "7/1/21", "7/2/21", "7/3/21", "7/4/21", "7/5/21", "7/6/21", "7/7/21", "7/8/21", "7/9/21", "7/10/21", "7/11/21", "7/12/21", "7/13/21", "7/14/21", "7/15/21", "7/16/21", "7/17/21", "7/18/21", "7/19/21"], "original_values": [183, 51, 41, 100, 72, 0, 94, 232, 94, 66, 117, 140, 0, 0, 0, 440, 125, 124, 202, 0, 0, 545, 171, 204, 142, 122, 0, 0, 650]}