{"dates": ["6/24/21", "6/25/21", "6/26/21", "6/27/21", "6/28/21", "6/29/21", "6/30/21", "7/1/21", "7/2/21", "7/3/21", "7/4/21", "7/5/21", "7/6/21", "7/7/21", "7/8/21", "7/9/21", "7/10/21", "7/11/21", "7/12/21", "7/13/21", "7/14/21", "7/15/21"], "max_14": 823, "max": 56488, "value": [24.142857142857142, 24.142857142857142, 18.0, 18.428571428571427, 25.0, 25.928571428571427, 30.142857142857142, 33.42857142857143, 33.42857142857143, 33.42857142857143, 35.142857142857146, 36.857142857142854, 38.285714285714285, 40.92857142857143, 42.142857142857146, 42.142857142857146, 54.785714285714285, 67.5, 67.57142857142857, 68.42857142857143, 72.35714285714286, 75.42857142857143, 75.42857142857143, 62.785714285714285], "time": ["6/21/21", "6/22/21", "6/23/21", "6/24/21", "6/25/21", "6/26/21", "6/27/21", "6/28/21", "6/29/21", "6/30/21", "7/1/21", "7/2/21", "7/3/21", "7/4/21", "7/5/21", "7/6/21", "7/7/21", "7/8/21", "7/9/21", "7/10/21", "7/11/21", "7/12/21", "7/13/21", "7/14/21", "7/15/21", "7/16/21", "7/17/21", "7/18/21", "7/19/21"], "original_values": [0, 86, 57, 0, 0, 26, 0, 0, 0, 149, 0, 13, 72, 0, 0, 0, 173, 0, 33, 89, 0, 0, 177, 174, 0, 45, 132, 0, 0]}