{"dates": ["6/24/21", "6/25/21", "6/26/21", "6/27/21", "6/28/21", "6/29/21", "6/30/21", "7/1/21", "7/2/21", "7/3/21", "7/4/21", "7/5/21", "7/6/21", "7/7/21", "7/8/21", "7/9/21", "7/10/21", "7/11/21", "7/12/21", "7/13/21", "7/14/21", "7/15/21"], "max_14": 52, "max": 10784, "value": [1.1428571428571428, 1.2857142857142858, 1.0714285714285714, 1.0, 1.3571428571428572, 1.3571428571428572, 1.1428571428571428, 1.0, 0.9285714285714286, 1.0, 3.857142857142857, 6.571428571428571, 6.5, 6.357142857142857, 6.285714285714286, 6.214285714285714, 6.071428571428571, 3.7142857142857144, 1.4285714285714286, 1.3571428571428572, 1.2857142857142858, 1.2857142857142858, 1.2857142857142858, 1.2857142857142858], "time": ["6/21/21", "6/22/21", "6/23/21", "6/24/21", "6/25/21", "6/26/21", "6/27/21", "6/28/21", "6/29/21", "6/30/21", "7/1/21", "7/2/21", "7/3/21", "7/4/21", "7/5/21", "7/6/21", "7/7/21", "7/8/21", "7/9/21", "7/10/21", "7/11/21", "7/12/21", "7/13/21", "7/14/21", "7/15/21", "7/16/21", "7/17/21", "7/18/21", "7/19/21"], "original_values": [0, 4, -1, -1, 3, 3, 0, 2, -1, 3, 0, 2, 1, 0, 1, 1, 41, 0, 1, 0, 0, 0, 0, 9, 0, 0, 0, 0, 0]}