{"dates": ["6/24/21", "6/25/21", "6/26/21", "6/27/21", "6/28/21", "6/29/21", "6/30/21", "7/1/21", "7/2/21", "7/3/21", "7/4/21", "7/5/21", "7/6/21", "7/7/21", "7/8/21", "7/9/21", "7/10/21", "7/11/21", "7/12/21", "7/13/21", "7/14/21", "7/15/21"], "max_14": 2660, "max": 34661, "value": [98.71428571428571, 104.64285714285714, 105.78571428571429, 115.14285714285714, 122.78571428571429, 125.0, 123.64285714285714, 124.5, 138.28571428571428, 147.85714285714286, 148.92857142857142, 152.0, 156.0, 170.78571428571428, 184.78571428571428, 173.78571428571428, 170.71428571428572, 184.78571428571428, 200.5, 213.71428571428572, 212.57142857142858, 207.21428571428572, 211.92857142857142, 202.21428571428572], "time": ["6/21/21", "6/22/21", "6/23/21", "6/24/21", "6/25/21", "6/26/21", "6/27/21", "6/28/21", "6/29/21", "6/30/21", "7/1/21", "7/2/21", "7/3/21", "7/4/21", "7/5/21", "7/6/21", "7/7/21", "7/8/21", "7/9/21", "7/10/21", "7/11/21", "7/12/21", "7/13/21", "7/14/21", "7/15/21", "7/16/21", "7/17/21", "7/18/21", "7/19/21"], "original_values": [63, 72, 96, 182, 140, 93, 90, 56, 95, 204, 181, 172, 42, 153, 186, 99, 215, 213, 196, 225, 166, 19, 223, 288, 360, 234, 171, 145, 106]}