{"dates": ["6/24/21", "6/25/21", "6/26/21", "6/27/21", "6/28/21", "6/29/21", "6/30/21", "7/1/21", "7/2/21", "7/3/21", "7/4/21", "7/5/21", "7/6/21", "7/7/21", "7/8/21", "7/9/21", "7/10/21", "7/11/21", "7/12/21", "7/13/21", "7/14/21", "7/15/21"], "max_14": 533, "max": 11174, "value": [5.142857142857143, 7.357142857142857, 10.0, 11.857142857142858, 13.785714285714286, 15.428571428571429, 16.571428571428573, 16.571428571428573, 17.428571428571427, 19.214285714285715, 22.785714285714285, 26.785714285714285, 30.357142857142858, 32.57142857142857, 32.57142857142857, 36.0, 39.5, 39.57142857142857, 38.92857142857143, 37.142857142857146, 36.0, 36.0, 36.357142857142854, 34.642857142857146], "time": ["6/21/21", "6/22/21", "6/23/21", "6/24/21", "6/25/21", "6/26/21", "6/27/21", "6/28/21", "6/29/21", "6/30/21", "7/1/21", "7/2/21", "7/3/21", "7/4/21", "7/5/21", "7/6/21", "7/7/21", "7/8/21", "7/9/21", "7/10/21", "7/11/21", "7/12/21", "7/13/21", "7/14/21", "7/15/21", "7/16/21", "7/17/21", "7/18/21", "7/19/21"], "original_values": [2, 9, 16, 7, 2, 0, 0, 33, 15, 36, 14, 18, 0, 0, 45, 28, 73, 33, 49, 0, 0, 93, 29, 73, 24, 33, 0, 0, 98]}