{"dates": ["6/24/21", "6/25/21", "6/26/21", "6/27/21", "6/28/21", "6/29/21", "6/30/21", "7/1/21", "7/2/21", "7/3/21", "7/4/21", "7/5/21", "7/6/21", "7/7/21", "7/8/21", "7/9/21", "7/10/21", "7/11/21", "7/12/21", "7/13/21", "7/14/21", "7/15/21"], "max_14": 465, "max": 76174, "value": [13.571428571428571, 13.642857142857142, 14.142857142857142, 14.142857142857142, 13.5, 13.714285714285714, 14.142857142857142, 14.142857142857142, 11.214285714285714, 8.0, 7.285714285714286, 6.857142857142857, 7.071428571428571, 7.285714285714286, 7.285714285714286, 11.214285714285714, 16.214285714285715, 19.5, 25.857142857142858, 32.5, 35.0, 35.0, 43.142857142857146, 49.785714285714285], "time": ["6/21/21", "6/22/21", "6/23/21", "6/24/21", "6/25/21", "6/26/21", "6/27/21", "6/28/21", "6/29/21", "6/30/21", "7/1/21", "7/2/21", "7/3/21", "7/4/21", "7/5/21", "7/6/21", "7/7/21", "7/8/21", "7/9/21", "7/10/21", "7/11/21", "7/12/21", "7/13/21", "7/14/21", "7/15/21", "7/16/21", "7/17/21", "7/18/21", "7/19/21"], "original_values": [45, 4, 17, 19, 10, 0, 0, 46, 10, 11, 16, 16, 0, 0, 5, 6, 5, 16, 19, 0, 0, 60, 21, 36, 74, 54, 0, 0, 174]}