{"dates": ["6/24/21", "6/25/21", "6/26/21", "6/27/21", "6/28/21", "6/29/21", "6/30/21", "7/1/21", "7/2/21", "7/3/21", "7/4/21", "7/5/21", "7/6/21", "7/7/21", "7/8/21", "7/9/21", "7/10/21", "7/11/21", "7/12/21", "7/13/21", "7/14/21", "7/15/21"], "max_14": 1035, "max": 41366, "value": [37.714285714285715, 39.714285714285715, 40.92857142857143, 41.357142857142854, 42.714285714285715, 43.142857142857146, 40.357142857142854, 37.285714285714285, 32.5, 32.357142857142854, 37.214285714285715, 37.214285714285715, 36.07142857142857, 35.142857142857146, 35.142857142857146, 53.07142857142857, 70.28571428571429, 71.35714285714286, 77.35714285714286, 84.92857142857143, 88.28571428571429, 88.28571428571429, 82.57142857142857, 69.92857142857143], "time": ["6/21/21", "6/22/21", "6/23/21", "6/24/21", "6/25/21", "6/26/21", "6/27/21", "6/28/21", "6/29/21", "6/30/21", "7/1/21", "7/2/21", "7/3/21", "7/4/21", "7/5/21", "7/6/21", "7/7/21", "7/8/21", "7/9/21", "7/10/21", "7/11/21", "7/12/21", "7/13/21", "7/14/21", "7/15/21", "7/16/21", "7/17/21", "7/18/21", "7/19/21"], "original_values": [39, 53, 36, 51, 42, 43, 0, 67, 42, 53, 53, 46, 0, 0, 0, 107, 56, 50, 33, 0, 0, 251, 97, 81, 109, 80, 0, 0, 171]}