{"dates": ["6/24/21", "6/25/21", "6/26/21", "6/27/21", "6/28/21", "6/29/21", "6/30/21", "7/1/21", "7/2/21", "7/3/21", "7/4/21", "7/5/21", "7/6/21", "7/7/21", "7/8/21", "7/9/21", "7/10/21", "7/11/21", "7/12/21", "7/13/21", "7/14/21", "7/15/21"], "max_14": 333, "max": 18235, "value": [9.571428571428571, 10.785714285714286, 11.642857142857142, 11.142857142857142, 10.5, 9.285714285714286, 8.571428571428571, 8.571428571428571, 6.5, 6.5, 8.428571428571429, 9.714285714285714, 12.357142857142858, 13.571428571428571, 13.571428571428571, 16.0, 16.714285714285715, 17.571428571428573, 21.714285714285715, 22.928571428571427, 22.571428571428573, 22.571428571428573, 25.857142857142858, 28.5], "time": ["6/21/21", "6/22/21", "6/23/21", "6/24/21", "6/25/21", "6/26/21", "6/27/21", "6/28/21", "6/29/21", "6/30/21", "7/1/21", "7/2/21", "7/3/21", "7/4/21", "7/5/21", "7/6/21", "7/7/21", "7/8/21", "7/9/21", "7/10/21", "7/11/21", "7/12/21", "7/13/21", "7/14/21", "7/15/21", "7/16/21", "7/17/21", "7/18/21", "7/19/21"], "original_values": [12, 9, 5, 20, 21, 0, 0, 29, 4, 3, 13, 11, 0, 0, 0, 33, 1, 33, 28, 0, 0, 34, 9, 37, 55, 23, 0, 0, 80]}