{"dates": ["6/24/21", "6/25/21", "6/26/21", "6/27/21", "6/28/21", "6/29/21", "6/30/21", "7/1/21", "7/2/21", "7/3/21", "7/4/21", "7/5/21", "7/6/21", "7/7/21", "7/8/21", "7/9/21", "7/10/21", "7/11/21", "7/12/21", "7/13/21", "7/14/21", "7/15/21"], "max_14": 187, "max": 3305, "value": [6.928571428571429, 7.142857142857143, 6.714285714285714, 6.285714285714286, 6.5, 7.142857142857143, 6.857142857142857, 7.285714285714286, 9.0, 10.0, 10.214285714285714, 10.5, 10.857142857142858, 12.0, 12.357142857142858, 10.785714285714286, 10.857142857142858, 12.785714285714286, 13.571428571428571, 13.928571428571429, 14.857142857142858, 15.428571428571429, 16.214285714285715, 15.5], "time": ["6/21/21", "6/22/21", "6/23/21", "6/24/21", "6/25/21", "6/26/21", "6/27/21", "6/28/21", "6/29/21", "6/30/21", "7/1/21", "7/2/21", "7/3/21", "7/4/21", "7/5/21", "7/6/21", "7/7/21", "7/8/21", "7/9/21", "7/10/21", "7/11/21", "7/12/21", "7/13/21", "7/14/21", "7/15/21", "7/16/21", "7/17/21", "7/18/21", "7/19/21"], "original_values": [6, 5, 11, 9, 7, 7, 7, 2, 3, 7, 16, 9, 1, 19, 14, 5, 8, 19, 11, 15, 10, 1, 19, 21, 17, 18, 21, 12, 10]}