{"dates": ["6/24/21", "6/25/21", "6/26/21", "6/27/21", "6/28/21", "6/29/21", "6/30/21", "7/1/21", "7/2/21", "7/3/21", "7/4/21", "7/5/21", "7/6/21", "7/7/21", "7/8/21", "7/9/21", "7/10/21", "7/11/21", "7/12/21", "7/13/21", "7/14/21", "7/15/21"], "max_14": 269, "max": 26062, "value": [4.0, 4.5, 5.785714285714286, 7.285714285714286, 8.571428571428571, 10.142857142857142, 11.142857142857142, 11.142857142857142, 9.5, 10.142857142857142, 12.857142857142858, 13.642857142857142, 14.5, 15.0, 15.0, 17.928571428571427, 18.071428571428573, 15.428571428571429, 16.071428571428573, 16.357142857142858, 16.142857142857142, 16.142857142857142, 16.857142857142858, 17.0], "time": ["6/21/21", "6/22/21", "6/23/21", "6/24/21", "6/25/21", "6/26/21", "6/27/21", "6/28/21", "6/29/21", "6/30/21", "7/1/21", "7/2/21", "7/3/21", "7/4/21", "7/5/21", "7/6/21", "7/7/21", "7/8/21", "7/9/21", "7/10/21", "7/11/21", "7/12/21", "7/13/21", "7/14/21", "7/15/21", "7/16/21", "7/17/21", "7/18/21", "7/19/21"], "original_values": [16, 4, 6, 0, 2, 0, 0, 23, 15, 16, 8, 16, 0, 0, 0, 47, 22, 13, 23, 0, 0, 41, 8, 24, 20, 20, 0, 0, 51]}