{"dates": ["6/24/21", "6/25/21", "6/26/21", "6/27/21", "6/28/21", "6/29/21", "6/30/21", "7/1/21", "7/2/21", "7/3/21", "7/4/21", "7/5/21", "7/6/21", "7/7/21", "7/8/21", "7/9/21", "7/10/21", "7/11/21", "7/12/21", "7/13/21", "7/14/21", "7/15/21"], "max_14": 295, "max": 49829, "value": [3.142857142857143, 3.142857142857143, 3.7142857142857144, 4.857142857142857, 6.071428571428571, 6.642857142857143, 6.857142857142857, 7.142857142857143, 7.142857142857143, 6.428571428571429, 8.214285714285714, 11.142857142857142, 12.357142857142858, 14.214285714285714, 15.285714285714286, 15.285714285714286, 19.571428571428573, 21.785714285714285, 20.857142857142858, 23.857142857142858, 26.285714285714285, 26.857142857142858, 26.857142857142858, 22.571428571428573], "time": ["6/21/21", "6/22/21", "6/23/21", "6/24/21", "6/25/21", "6/26/21", "6/27/21", "6/28/21", "6/29/21", "6/30/21", "7/1/21", "7/2/21", "7/3/21", "7/4/21", "7/5/21", "7/6/21", "7/7/21", "7/8/21", "7/9/21", "7/10/21", "7/11/21", "7/12/21", "7/13/21", "7/14/21", "7/15/21", "7/16/21", "7/17/21", "7/18/21", "7/19/21"], "original_values": [0, 2, 1, 4, 6, 9, 0, 0, 10, 9, 13, 5, 13, 0, 0, 0, 44, 19, 16, 28, 0, 0, 60, 15, 35, 42, 36, 0, 0]}