{"dates": ["6/24/21", "6/25/21", "6/26/21", "6/27/21", "6/28/21", "6/29/21", "6/30/21", "7/1/21", "7/2/21", "7/3/21", "7/4/21", "7/5/21", "7/6/21", "7/7/21", "7/8/21", "7/9/21", "7/10/21", "7/11/21", "7/12/21", "7/13/21", "7/14/21", "7/15/21"], "max_14": 117, "max": 4576, "value": [0.8571428571428571, 1.2142857142857142, 1.8571428571428572, 2.5714285714285716, 3.2857142857142856, 4.0, 4.428571428571429, 4.428571428571429, 3.9285714285714284, 4.928571428571429, 6.5, 6.857142857142857, 7.142857142857143, 7.142857142857143, 7.142857142857143, 8.5, 8.642857142857142, 7.571428571428571, 7.642857142857143, 7.142857142857143, 6.714285714285714, 6.714285714285714, 6.785714285714286, 6.214285714285714], "time": ["6/21/21", "6/22/21", "6/23/21", "6/24/21", "6/25/21", "6/26/21", "6/27/21", "6/28/21", "6/29/21", "6/30/21", "7/1/21", "7/2/21", "7/3/21", "7/4/21", "7/5/21", "7/6/21", "7/7/21", "7/8/21", "7/9/21", "7/10/21", "7/11/21", "7/12/21", "7/13/21", "7/14/21", "7/15/21", "7/16/21", "7/17/21", "7/18/21", "7/19/21"], "original_values": [2, 1, 0, -1, 4, 0, 0, 7, 5, 6, 3, 10, 0, 0, 0, 26, 7, 7, 10, 0, 0, 19, 9, 9, 6, 4, 0, 0, 20]}