{"dates": ["6/24/21", "6/25/21", "6/26/21", "6/27/21", "6/28/21", "6/29/21", "6/30/21", "7/1/21", "7/2/21", "7/3/21", "7/4/21", "7/5/21", "7/6/21", "7/7/21", "7/8/21", "7/9/21", "7/10/21", "7/11/21", "7/12/21", "7/13/21", "7/14/21", "7/15/21"], "max_14": 687, "max": 34089, "value": [10.0, 10.0, 10.0, 10.0, 10.0, 16.5, 23.0, 23.0, 23.0, 23.0, 23.0, 23.0, 30.142857142857142, 37.285714285714285, 37.285714285714285, 37.285714285714285, 37.285714285714285, 37.285714285714285, 37.285714285714285, 49.07142857142857, 60.857142857142854, 60.857142857142854, 60.857142857142854, 60.857142857142854], "time": ["6/21/21", "6/22/21", "6/23/21", "6/24/21", "6/25/21", "6/26/21", "6/27/21", "6/28/21", "6/29/21", "6/30/21", "7/1/21", "7/2/21", "7/3/21", "7/4/21", "7/5/21", "7/6/21", "7/7/21", "7/8/21", "7/9/21", "7/10/21", "7/11/21", "7/12/21", "7/13/21", "7/14/21", "7/15/21", "7/16/21", "7/17/21", "7/18/21", "7/19/21"], "original_values": [0, 0, 0, 0, 70, 0, 0, 0, 0, 0, 0, 161, 0, 0, 0, 0, 0, 0, 261, 0, 0, 0, 0, 0, 0, 426, 0, 0, 0]}