{"dates": ["6/24/21", "6/25/21", "6/26/21", "6/27/21", "6/28/21", "6/29/21", "6/30/21", "7/1/21", "7/2/21", "7/3/21", "7/4/21", "7/5/21", "7/6/21", "7/7/21", "7/8/21", "7/9/21", "7/10/21", "7/11/21", "7/12/21", "7/13/21", "7/14/21", "7/15/21"], "max_14": 60, "max": 3772, "value": [2.857142857142857, 2.7857142857142856, 2.7857142857142856, 2.7142857142857144, 2.5, 2.5, 2.4285714285714284, 2.2857142857142856, 2.0, 1.8571428571428572, 1.6428571428571428, 1.7142857142857142, 2.4285714285714284, 2.7142857142857144, 2.7142857142857144, 3.357142857142857, 4.214285714285714, 5.0, 5.285714285714286, 4.714285714285714, 4.428571428571429, 4.428571428571429, 4.5, 4.0], "time": ["6/21/21", "6/22/21", "6/23/21", "6/24/21", "6/25/21", "6/26/21", "6/27/21", "6/28/21", "6/29/21", "6/30/21", "7/1/21", "7/2/21", "7/3/21", "7/4/21", "7/5/21", "7/6/21", "7/7/21", "7/8/21", "7/9/21", "7/10/21", "7/11/21", "7/12/21", "7/13/21", "7/14/21", "7/15/21", "7/16/21", "7/17/21", "7/18/21", "7/19/21"], "original_values": [5, 2, 7, 3, 1, 2, 0, 4, 3, 5, 2, 2, 0, 0, 0, 5, 0, 8, 6, 0, 0, 9, 8, 8, 4, 2, 0, 0, 10]}