{"dates": ["6/24/21", "6/25/21", "6/26/21", "6/27/21", "6/28/21", "6/29/21", "6/30/21", "7/1/21", "7/2/21", "7/3/21", "7/4/21", "7/5/21", "7/6/21", "7/7/21", "7/8/21", "7/9/21", "7/10/21", "7/11/21", "7/12/21", "7/13/21", "7/14/21", "7/15/21"], "max_14": 566, "max": 125842, "value": [20.785714285714285, 22.857142857142858, 23.357142857142858, 24.428571428571427, 24.785714285714285, 23.785714285714285, 24.214285714285715, 23.357142857142858, 19.357142857142858, 17.857142857142858, 20.928571428571427, 24.214285714285715, 26.214285714285715, 24.928571428571427, 22.571428571428573, 26.571428571428573, 35.714285714285715, 41.142857142857146, 42.285714285714285, 45.0, 46.857142857142854, 46.857142857142854, 48.57142857142857, 42.642857142857146], "time": ["6/21/21", "6/22/21", "6/23/21", "6/24/21", "6/25/21", "6/26/21", "6/27/21", "6/28/21", "6/29/21", "6/30/21", "7/1/21", "7/2/21", "7/3/21", "7/4/21", "7/5/21", "7/6/21", "7/7/21", "7/8/21", "7/9/21", "7/10/21", "7/11/21", "7/12/21", "7/13/21", "7/14/21", "7/15/21", "7/16/21", "7/17/21", "7/18/21", "7/19/21"], "original_values": [27, 22, 11, 24, 29, 20, 25, 31, 25, 23, 17, 22, 33, 0, 0, 35, 56, 30, 37, 0, 0, 56, 107, 60, 42, 63, 0, 0, 80]}