{"dates": ["6/24/21", "6/25/21", "6/26/21", "6/27/21", "6/28/21", "6/29/21", "6/30/21", "7/1/21", "7/2/21", "7/3/21", "7/4/21", "7/5/21", "7/6/21", "7/7/21", "7/8/21", "7/9/21", "7/10/21", "7/11/21", "7/12/21", "7/13/21", "7/14/21", "7/15/21"], "max_14": 216, "max": 16967, "value": [11.0, 10.714285714285714, 10.928571428571429, 11.785714285714286, 13.0, 14.928571428571429, 15.642857142857142, 15.5, 14.857142857142858, 13.785714285714286, 12.357142857142858, 11.285714285714286, 10.714285714285714, 10.142857142857142, 10.571428571428571, 11.857142857142858, 12.071428571428571, 12.571428571428571, 13.642857142857142, 14.428571428571429, 14.142857142857142, 14.785714285714286, 17.357142857142858, 17.571428571428573], "time": ["6/21/21", "6/22/21", "6/23/21", "6/24/21", "6/25/21", "6/26/21", "6/27/21", "6/28/21", "6/29/21", "6/30/21", "7/1/21", "7/2/21", "7/3/21", "7/4/21", "7/5/21", "7/6/21", "7/7/21", "7/8/21", "7/9/21", "7/10/21", "7/11/21", "7/12/21", "7/13/21", "7/14/21", "7/15/21", "7/16/21", "7/17/21", "7/18/21", "7/19/21"], "original_values": [16, 13, 18, 5, 6, 17, 4, 8, 24, 19, 21, 17, 16, 3, 0, 17, 6, 19, 11, 14, 11, 10, 10, 20, 20, 21, 0, 34, 23]}