{"dates": ["6/24/21", "6/25/21", "6/26/21", "6/27/21", "6/28/21", "6/29/21", "6/30/21", "7/1/21", "7/2/21", "7/3/21", "7/4/21", "7/5/21", "7/6/21", "7/7/21", "7/8/21", "7/9/21", "7/10/21", "7/11/21", "7/12/21", "7/13/21", "7/14/21", "7/15/21"], "max_14": 62, "max": 505, "value": [0.2857142857142857, 0.14285714285714285, 0.0, 0.07142857142857142, 0.14285714285714285, 0.2857142857142857, 0.42857142857142855, 0.42857142857142855, 0.42857142857142855, 0.42857142857142855, 0.5714285714285714, 0.7142857142857143, 1.2142857142857142, 1.7142857142857142, 1.7142857142857142, 2.0714285714285716, 2.4285714285714284, 2.7857142857142856, 3.142857142857143, 3.9285714285714284, 4.714285714285714, 4.714285714285714, 5.571428571428571, 6.428571428571429], "time": ["6/21/21", "6/22/21", "6/23/21", "6/24/21", "6/25/21", "6/26/21", "6/27/21", "6/28/21", "6/29/21", "6/30/21", "7/1/21", "7/2/21", "7/3/21", "7/4/21", "7/5/21", "7/6/21", "7/7/21", "7/8/21", "7/9/21", "7/10/21", "7/11/21", "7/12/21", "7/13/21", "7/14/21", "7/15/21", "7/16/21", "7/17/21", "7/18/21", "7/19/21"], "original_values": [2, 0, 0, 0, 0, 0, 0, 0, 0, 1, 0, 2, 0, 0, 0, 0, 3, 0, 9, 0, 0, 5, 0, 8, 0, 20, 0, 0, 17]}