{"dates": ["6/24/21", "6/25/21", "6/26/21", "6/27/21", "6/28/21", "6/29/21", "6/30/21", "7/1/21", "7/2/21", "7/3/21", "7/4/21", "7/5/21", "7/6/21", "7/7/21", "7/8/21", "7/9/21", "7/10/21", "7/11/21", "7/12/21", "7/13/21", "7/14/21", "7/15/21"], "max_14": 783, "max": 202363, "value": [23.142857142857142, 25.285714285714285, 25.714285714285715, 25.071428571428573, 23.857142857142858, 24.5, 26.214285714285715, 26.785714285714285, 26.357142857142858, 26.142857142857142, 27.571428571428573, 29.214285714285715, 31.142857142857142, 33.5, 35.285714285714285, 37.42857142857143, 40.857142857142854, 45.214285714285715, 51.07142857142857, 56.142857142857146, 59.07142857142857, 63.642857142857146, 69.92857142857143, 69.42857142857143], "time": ["6/21/21", "6/22/21", "6/23/21", "6/24/21", "6/25/21", "6/26/21", "6/27/21", "6/28/21", "6/29/21", "6/30/21", "7/1/21", "7/2/21", "7/3/21", "7/4/21", "7/5/21", "7/6/21", "7/7/21", "7/8/21", "7/9/21", "7/10/21", "7/11/21", "7/12/21", "7/13/21", "7/14/21", "7/15/21", "7/16/21", "7/17/21", "7/18/21", "7/19/21"], "original_values": [26, 18, 24, 31, 18, 32, 26, 30, 20, 13, 25, 33, 41, 25, 25, 22, 31, 30, 55, 52, 39, 41, 54, 60, 83, 73, 75, 80, 88]}