{"dates": ["6/24/21", "6/25/21", "6/26/21", "6/27/21", "6/28/21", "6/29/21", "6/30/21", "7/1/21", "7/2/21", "7/3/21", "7/4/21", "7/5/21", "7/6/21", "7/7/21", "7/8/21", "7/9/21", "7/10/21", "7/11/21", "7/12/21", "7/13/21", "7/14/21", "7/15/21"], "max_14": 161, "max": 6525, "value": [7.857142857142857, 8.142857142857142, 8.285714285714286, 7.785714285714286, 7.357142857142857, 7.642857142857143, 8.142857142857142, 8.785714285714286, 9.071428571428571, 8.785714285714286, 9.0, 9.142857142857142, 8.785714285714286, 9.0, 9.642857142857142, 9.857142857142858, 10.142857142857142, 10.428571428571429, 10.928571428571429, 11.428571428571429, 11.785714285714286, 12.285714285714286, 12.785714285714286, 12.5], "time": ["6/21/21", "6/22/21", "6/23/21", "6/24/21", "6/25/21", "6/26/21", "6/27/21", "6/28/21", "6/29/21", "6/30/21", "7/1/21", "7/2/21", "7/3/21", "7/4/21", "7/5/21", "7/6/21", "7/7/21", "7/8/21", "7/9/21", "7/10/21", "7/11/21", "7/12/21", "7/13/21", "7/14/21", "7/15/21", "7/16/21", "7/17/21", "7/18/21", "7/19/21"], "original_values": [2, 8, 16, 15, 11, 2, 2, 4, 8, 9, 16, 14, 6, 7, 3, 5, 15, 12, 13, 10, 12, 1, 11, 13, 21, 11, 17, 12, 8]}