{"dates": ["6/24/21", "6/25/21", "6/26/21", "6/27/21", "6/28/21", "6/29/21", "6/30/21", "7/1/21", "7/2/21", "7/3/21", "7/4/21", "7/5/21", "7/6/21", "7/7/21", "7/8/21", "7/9/21", "7/10/21", "7/11/21", "7/12/21", "7/13/21", "7/14/21", "7/15/21"], "max_14": 202, "max": 34433, "value": [7.714285714285714, 6.857142857142857, 5.785714285714286, 6.142857142857143, 6.785714285714286, 8.5, 10.142857142857142, 10.142857142857142, 8.571428571428571, 9.214285714285714, 11.285714285714286, 11.857142857142858, 11.071428571428571, 9.571428571428571, 9.571428571428571, 12.0, 12.785714285714286, 11.357142857142858, 11.071428571428571, 10.928571428571429, 11.285714285714286, 11.285714285714286, 12.857142857142858, 13.857142857142858], "time": ["6/21/21", "6/22/21", "6/23/21", "6/24/21", "6/25/21", "6/26/21", "6/27/21", "6/28/21", "6/29/21", "6/30/21", "7/1/21", "7/2/21", "7/3/21", "7/4/21", "7/5/21", "7/6/21", "7/7/21", "7/8/21", "7/9/21", "7/10/21", "7/11/21", "7/12/21", "7/13/21", "7/14/21", "7/15/21", "7/16/21", "7/17/21", "7/18/21", "7/19/21"], "original_values": [34, 3, 3, 11, 3, 0, 0, 22, 0, 11, 12, 26, 0, 0, 0, 31, 9, 22, 5, 0, 0, 34, 8, 12, 15, 10, 0, 0, 56]}