{"dates": ["6/24/21", "6/25/21", "6/26/21", "6/27/21", "6/28/21", "6/29/21", "6/30/21", "7/1/21", "7/2/21", "7/3/21", "7/4/21", "7/5/21", "7/6/21", "7/7/21", "7/8/21", "7/9/21", "7/10/21", "7/11/21", "7/12/21", "7/13/21", "7/14/21", "7/15/21"], "max_14": 3595, "max": 286287, "value": [80.14285714285714, 86.78571428571429, 87.0, 89.85714285714286, 84.07142857142857, 76.21428571428571, 69.0, 54.57142857142857, 43.57142857142857, 43.714285714285715, 80.71428571428571, 127.64285714285714, 151.35714285714286, 160.85714285714286, 160.85714285714286, 220.07142857142858, 294.07142857142856, 270.2142857142857, 267.2857142857143, 327.7857142857143, 352.57142857142856, 352.57142857142856, 293.42857142857144, 209.35714285714286], "time": ["6/21/21", "6/22/21", "6/23/21", "6/24/21", "6/25/21", "6/26/21", "6/27/21", "6/28/21", "6/29/21", "6/30/21", "7/1/21", "7/2/21", "7/3/21", "7/4/21", "7/5/21", "7/6/21", "7/7/21", "7/8/21", "7/9/21", "7/10/21", "7/11/21", "7/12/21", "7/13/21", "7/14/21", "7/15/21", "7/16/21", "7/17/21", "7/18/21", "7/19/21"], "original_values": [61, 76, 50, 116, 104, 106, 96, 58, 82, 84, 1, 109, 0, 0, 0, 142, 542, 200, 242, 0, 0, 829, 349, 1, 700, 589, 0, 0, 1]}