{"dates": ["6/24/21", "6/25/21", "6/26/21", "6/27/21", "6/28/21", "6/29/21", "6/30/21", "7/1/21", "7/2/21", "7/3/21", "7/4/21", "7/5/21", "7/6/21", "7/7/21", "7/8/21", "7/9/21", "7/10/21", "7/11/21", "7/12/21", "7/13/21", "7/14/21", "7/15/21"], "max_14": 604, "max": 11187, "value": [31.857142857142858, 34.5, 37.0, 38.642857142857146, 40.357142857142854, 40.0, 39.714285714285715, 39.714285714285715, 32.57142857142857, 31.785714285714285, 37.92857142857143, 39.57142857142857, 41.07142857142857, 40.714285714285715, 40.714285714285715, 47.0, 47.142857142857146, 40.0, 38.714285714285715, 36.785714285714285, 35.142857142857146, 35.142857142857146, 34.07142857142857, 29.785714285714285], "time": ["6/21/21", "6/22/21", "6/23/21", "6/24/21", "6/25/21", "6/26/21", "6/27/21", "6/28/21", "6/29/21", "6/30/21", "7/1/21", "7/2/21", "7/3/21", "7/4/21", "7/5/21", "7/6/21", "7/7/21", "7/8/21", "7/9/21", "7/10/21", "7/11/21", "7/12/21", "7/13/21", "7/14/21", "7/15/21", "7/16/21", "7/17/21", "7/18/21", "7/19/21"], "original_values": [63, 44, 27, 35, 54, 0, 0, 100, 42, 52, 34, 50, 0, 0, 0, 131, 49, 60, 45, 0, 0, 88, 45, 35, 56, 22, 0, 0, 73]}