{"dates": ["6/24/21", "6/25/21", "6/26/21", "6/27/21", "6/28/21", "6/29/21", "6/30/21", "7/1/21", "7/2/21", "7/3/21", "7/4/21", "7/5/21", "7/6/21", "7/7/21", "7/8/21", "7/9/21", "7/10/21", "7/11/21", "7/12/21", "7/13/21", "7/14/21", "7/15/21"], "max_14": 139, "max": 23439, "value": [2.5714285714285716, 1.7857142857142858, 1.3571428571428572, 1.6428571428571428, 1.7142857142857142, 1.6428571428571428, 1.4285714285714286, 1.4285714285714286, 1.2142857142857142, 0.6428571428571429, 0.42857142857142855, 0.6428571428571429, 1.7142857142857142, 2.7142857142857144, 2.7142857142857144, 4.071428571428571, 6.071428571428571, 7.142857142857143, 8.928571428571429, 10.428571428571429, 10.571428571428571, 10.571428571428571, 12.5, 13.785714285714286], "time": ["6/21/21", "6/22/21", "6/23/21", "6/24/21", "6/25/21", "6/26/21", "6/27/21", "6/28/21", "6/29/21", "6/30/21", "7/1/21", "7/2/21", "7/3/21", "7/4/21", "7/5/21", "7/6/21", "7/7/21", "7/8/21", "7/9/21", "7/10/21", "7/11/21", "7/12/21", "7/13/21", "7/14/21", "7/15/21", "7/16/21", "7/17/21", "7/18/21", "7/19/21"], "original_values": [13, 0, 2, 1, 2, 0, 0, 2, 5, 1, 3, -1, 0, 0, -1, 0, 3, 4, 13, 0, 0, 18, 9, 9, 23, 15, 0, 0, 45]}