{"dates": ["6/24/21", "6/25/21", "6/26/21", "6/27/21", "6/28/21", "6/29/21", "6/30/21", "7/1/21", "7/2/21", "7/3/21", "7/4/21", "7/5/21", "7/6/21", "7/7/21", "7/8/21", "7/9/21", "7/10/21", "7/11/21", "7/12/21", "7/13/21", "7/14/21", "7/15/21"], "max_14": 312, "max": 17344, "value": [1.7142857142857142, 1.9285714285714286, 1.0714285714285714, -1.0, -3.9285714285714284, -7.714285714285714, -12.357142857142858, -14.928571428571429, -14.928571428571429, -16.0, -5.642857142857143, 11.571428571428571, 20.428571428571427, 26.071428571428573, 28.857142857142858, 29.071428571428573, 31.857142857142858, 26.0, 13.357142857142858, 10.214285714285714, 11.0, 10.5, 11.214285714285714, 11.142857142857142], "time": ["6/21/21", "6/22/21", "6/23/21", "6/24/21", "6/25/21", "6/26/21", "6/27/21", "6/28/21", "6/29/21", "6/30/21", "7/1/21", "7/2/21", "7/3/21", "7/4/21", "7/5/21", "7/6/21", "7/7/21", "7/8/21", "7/9/21", "7/10/21", "7/11/21", "7/12/21", "7/13/21", "7/14/21", "7/15/21", "7/16/21", "7/17/21", "7/18/21", "7/19/21"], "original_values": [3, 5, 3, 8, -11, 4, 0, 6, -10, -11, -19, -37, -35, 3, 3, -22, 146, 65, 3, 4, 3, 6, 14, 28, 6, 18, 0, 0, 19]}