{"dates": ["6/24/21", "6/25/21", "6/26/21", "6/27/21", "6/28/21", "6/29/21", "6/30/21", "7/1/21", "7/2/21", "7/3/21", "7/4/21", "7/5/21", "7/6/21", "7/7/21", "7/8/21", "7/9/21", "7/10/21", "7/11/21", "7/12/21", "7/13/21", "7/14/21", "7/15/21"], "max_14": 125, "max": 10546, "value": [7.0, 6.714285714285714, 6.285714285714286, 6.214285714285714, 6.714285714285714, 7.214285714285714, 7.285714285714286, 7.285714285714286, 6.428571428571429, 6.714285714285714, 7.642857142857143, 7.071428571428571, 5.928571428571429, 5.142857142857143, 5.142857142857143, 6.642857142857143, 7.428571428571429, 7.642857142857143, 8.785714285714286, 9.428571428571429, 9.857142857142858, 9.857142857142858, 9.785714285714286, 9.0], "time": ["6/21/21", "6/22/21", "6/23/21", "6/24/21", "6/25/21", "6/26/21", "6/27/21", "6/28/21", "6/29/21", "6/30/21", "7/1/21", "7/2/21", "7/3/21", "7/4/21", "7/5/21", "7/6/21", "7/7/21", "7/8/21", "7/9/21", "7/10/21", "7/11/21", "7/12/21", "7/13/21", "7/14/21", "7/15/21", "7/16/21", "7/17/21", "7/18/21", "7/19/21"], "original_values": [16, 6, 6, 7, 14, 0, 0, 12, 4, 7, 13, 15, 0, 0, 0, 20, 4, 8, 4, 0, 0, 21, 10, 17, 11, 10, 0, 0, 20]}