{"dates": ["6/24/21", "6/25/21", "6/26/21", "6/27/21", "6/28/21", "6/29/21", "6/30/21", "7/1/21", "7/2/21", "7/3/21", "7/4/21", "7/5/21", "7/6/21", "7/7/21", "7/8/21", "7/9/21", "7/10/21", "7/11/21", "7/12/21", "7/13/21", "7/14/21", "7/15/21"], "max_14": 937, "max": 15387, "value": [19.714285714285715, 19.5, 19.928571428571427, 20.642857142857142, 21.142857142857142, 22.214285714285715, 22.857142857142858, 22.857142857142858, 19.642857142857142, 23.5, 33.0, 41.0, 48.357142857142854, 50.142857142857146, 50.142857142857146, 58.285714285714285, 61.42857142857143, 61.0, 63.57142857142857, 62.0, 62.42857142857143, 62.42857142857143, 64.92857142857143, 64.14285714285714], "time": ["6/21/21", "6/22/21", "6/23/21", "6/24/21", "6/25/21", "6/26/21", "6/27/21", "6/28/21", "6/29/21", "6/30/21", "7/1/21", "7/2/21", "7/3/21", "7/4/21", "7/5/21", "7/6/21", "7/7/21", "7/8/21", "7/9/21", "7/10/21", "7/11/21", "7/12/21", "7/13/21", "7/14/21", "7/15/21", "7/16/21", "7/17/21", "7/18/21", "7/19/21"], "original_values": [48, 8, 58, 13, 11, 0, 0, 45, 17, 59, 19, 20, 0, 0, 0, 116, 93, 97, 45, 0, 0, 114, 46, 157, 69, 51, 0, 0, 149]}