{"dates": ["6/24/21", "6/25/21", "6/26/21", "6/27/21", "6/28/21", "6/29/21", "6/30/21", "7/1/21", "7/2/21", "7/3/21", "7/4/21", "7/5/21", "7/6/21", "7/7/21", "7/8/21", "7/9/21", "7/10/21", "7/11/21", "7/12/21", "7/13/21", "7/14/21", "7/15/21"], "max_14": 114, "max": 12728, "value": [0.5714285714285714, 2.7857142857142856, 4.857142857142857, 2.357142857142857, -0.07142857142857142, -1.0, -2.2857142857142856, -2.7142857142857144, -4.928571428571429, -7.0, -3.5, -0.07142857142857142, 0.7857142857142857, 1.7142857142857142, 1.7142857142857142, 3.2142857142857144, 5.642857142857143, 7.785714285714286, 10.142857142857142, 10.357142857142858, 9.428571428571429, 9.428571428571429, 10.428571428571429, 10.5], "time": ["6/21/21", "6/22/21", "6/23/21", "6/24/21", "6/25/21", "6/26/21", "6/27/21", "6/28/21", "6/29/21", "6/30/21", "7/1/21", "7/2/21", "7/3/21", "7/4/21", "7/5/21", "7/6/21", "7/7/21", "7/8/21", "7/9/21", "7/10/21", "7/11/21", "7/12/21", "7/13/21", "7/14/21", "7/15/21", "7/16/21", "7/17/21", "7/18/21", "7/19/21"], "original_values": [0, 0, -14, -1, 14, 4, 2, 29, 0, -49, 0, 0, 0, 0, 0, 0, 0, -1, 13, 0, 0, 21, 13, 17, 15, 0, 0, 0, 35]}