{"dates": ["6/24/21", "6/25/21", "6/26/21", "6/27/21", "6/28/21", "6/29/21", "6/30/21", "7/1/21", "7/2/21", "7/3/21", "7/4/21", "7/5/21", "7/6/21", "7/7/21", "7/8/21", "7/9/21", "7/10/21", "7/11/21", "7/12/21", "7/13/21", "7/14/21", "7/15/21"], "max_14": 262, "max": 50675, "value": [9.571428571428571, 10.642857142857142, 11.285714285714286, 11.571428571428571, 11.571428571428571, 10.714285714285714, 9.642857142857142, 8.428571428571429, 6.571428571428571, 4.785714285714286, 5.285714285714286, 6.285714285714286, 6.0, 7.5, 10.142857142857142, 13.071428571428571, 16.071428571428573, 17.071428571428573, 18.857142857142858, 22.214285714285715, 23.285714285714285, 23.571428571428573, 23.357142857142858, 21.214285714285715], "time": ["6/21/21", "6/22/21", "6/23/21", "6/24/21", "6/25/21", "6/26/21", "6/27/21", "6/28/21", "6/29/21", "6/30/21", "7/1/21", "7/2/21", "7/3/21", "7/4/21", "7/5/21", "7/6/21", "7/7/21", "7/8/21", "7/9/21", "7/10/21", "7/11/21", "7/12/21", "7/13/21", "7/14/21", "7/15/21", "7/16/21", "7/17/21", "7/18/21", "7/19/21"], "original_values": [3, 11, 4, 18, 21, 7, 6, 12, 11, 8, 14, 13, 0, -4, -4, 2, 24, 12, 11, 23, 10, 23, 17, 23, 38, 32, 17, 20, 10]}