{"dates": ["6/24/21", "6/25/21", "6/26/21", "6/27/21", "6/28/21", "6/29/21", "6/30/21", "7/1/21", "7/2/21", "7/3/21", "7/4/21", "7/5/21", "7/6/21", "7/7/21", "7/8/21", "7/9/21", "7/10/21", "7/11/21", "7/12/21", "7/13/21", "7/14/21", "7/15/21"], "max_14": 183, "max": 16536, "value": [13.714285714285714, 14.071428571428571, 14.357142857142858, 14.357142857142858, 14.357142857142858, 14.357142857142858, 13.214285714285714, 13.0, 13.071428571428571, 12.071428571428571, 14.642857142857142, 16.428571428571427, 16.928571428571427, 18.071428571428573, 16.428571428571427, 15.285714285714286, 14.357142857142858, 14.928571428571429, 16.285714285714285, 13.642857142857142, 11.0, 11.0, 11.0, 11.0], "time": ["6/21/21", "6/22/21", "6/23/21", "6/24/21", "6/25/21", "6/26/21", "6/27/21", "6/28/21", "6/29/21", "6/30/21", "7/1/21", "7/2/21", "7/3/21", "7/4/21", "7/5/21", "7/6/21", "7/7/21", "7/8/21", "7/9/21", "7/10/21", "7/11/21", "7/12/21", "7/13/21", "7/14/21", "7/15/21", "7/16/21", "7/17/21", "7/18/21", "7/19/21"], "original_values": [10, 13, 20, 13, 17, 20, 6, 9, 18, 15, 18, 12, 9, 14, 2, 11, 58, 0, 37, 0, 0, 0, 0, 77, 0, 0, 0, 0, 0]}