{"dates": ["6/24/21", "6/25/21", "6/26/21", "6/27/21", "6/28/21", "6/29/21", "6/30/21", "7/1/21", "7/2/21", "7/3/21", "7/4/21", "7/5/21", "7/6/21", "7/7/21", "7/8/21", "7/9/21", "7/10/21", "7/11/21", "7/12/21", "7/13/21", "7/14/21", "7/15/21"], "max_14": 147, "max": 8490, "value": [2.7857142857142856, 2.7857142857142856, 2.7857142857142856, 3.2142857142857144, 3.4285714285714284, 4.071428571428571, 4.571428571428571, 4.214285714285714, 4.071428571428571, 4.642857142857143, 5.785714285714286, 6.785714285714286, 6.928571428571429, 6.571428571428571, 6.571428571428571, 8.357142857142858, 9.785714285714286, 9.142857142857142, 8.714285714285714, 9.285714285714286, 10.0, 10.0, 10.428571428571429, 10.285714285714286], "time": ["6/21/21", "6/22/21", "6/23/21", "6/24/21", "6/25/21", "6/26/21", "6/27/21", "6/28/21", "6/29/21", "6/30/21", "7/1/21", "7/2/21", "7/3/21", "7/4/21", "7/5/21", "7/6/21", "7/7/21", "7/8/21", "7/9/21", "7/10/21", "7/11/21", "7/12/21", "7/13/21", "7/14/21", "7/15/21", "7/16/21", "7/17/21", "7/18/21", "7/19/21"], "original_values": [2, 3, 3, 5, 2, 4, 1, 1, 4, 8, 3, 13, 0, 0, 0, 13, 15, 10, 8, 0, 0, 25, 8, 11, 8, 18, 0, 0, 31]}