{"dates": ["6/24/21", "6/25/21", "6/26/21", "6/27/21", "6/28/21", "6/29/21", "6/30/21", "7/1/21", "7/2/21", "7/3/21", "7/4/21", "7/5/21", "7/6/21", "7/7/21", "7/8/21", "7/9/21", "7/10/21", "7/11/21", "7/12/21", "7/13/21", "7/14/21", "7/15/21"], "max_14": 144, "max": 17319, "value": [1.5714285714285714, 2.642857142857143, 3.7857142857142856, 3.5, 3.9285714285714284, 5.428571428571429, 6.142857142857143, 6.142857142857143, 6.285714285714286, 6.285714285714286, 6.214285714285714, 5.857142857142857, 6.071428571428571, 6.714285714285714, 6.714285714285714, 7.714285714285714, 8.642857142857142, 9.142857142857142, 10.571428571428571, 11.142857142857142, 10.857142857142858, 10.857142857142858, 11.357142857142858, 11.714285714285714], "time": ["6/21/21", "6/22/21", "6/23/21", "6/24/21", "6/25/21", "6/26/21", "6/27/21", "6/28/21", "6/29/21", "6/30/21", "7/1/21", "7/2/21", "7/3/21", "7/4/21", "7/5/21", "7/6/21", "7/7/21", "7/8/21", "7/9/21", "7/10/21", "7/11/21", "7/12/21", "7/13/21", "7/14/21", "7/15/21", "7/16/21", "7/17/21", "7/18/21", "7/19/21"], "original_values": [4, 4, 4, 4, -5, 0, 0, 19, 5, -1, 15, 5, 0, 0, 21, 3, 0, 9, 14, 0, 0, 35, 2, 8, 21, 10, 0, 0, 42]}