{"dates": ["6/24/21", "6/25/21", "6/26/21", "6/27/21", "6/28/21", "6/29/21", "6/30/21", "7/1/21", "7/2/21", "7/3/21", "7/4/21", "7/5/21", "7/6/21", "7/7/21", "7/8/21", "7/9/21", "7/10/21", "7/11/21", "7/12/21", "7/13/21", "7/14/21", "7/15/21"], "max_14": 162, "max": 25335, "value": [7.142857142857143, 7.5, 7.642857142857143, 7.785714285714286, 7.642857142857143, 6.5, 5.214285714285714, 4.571428571428571, 4.071428571428571, 4.0, 3.857142857142857, 4.5, 5.642857142857143, 5.857142857142857, 5.857142857142857, 7.785714285714286, 9.714285714285714, 10.357142857142858, 11.285714285714286, 12.285714285714286, 13.0, 13.0, 13.214285714285714, 12.5], "time": ["6/21/21", "6/22/21", "6/23/21", "6/24/21", "6/25/21", "6/26/21", "6/27/21", "6/28/21", "6/29/21", "6/30/21", "7/1/21", "7/2/21", "7/3/21", "7/4/21", "7/5/21", "7/6/21", "7/7/21", "7/8/21", "7/9/21", "7/10/21", "7/11/21", "7/12/21", "7/13/21", "7/14/21", "7/15/21", "7/16/21", "7/17/21", "7/18/21", "7/19/21"], "original_values": [2, 10, 9, 5, 17, 5, 4, 3, 11, 10, 2, 4, 0, 0, 0, 13, 6, 15, 7, 0, 0, 27, 13, 15, 19, 17, 0, 0, 30]}