{"dates": ["6/24/21", "6/25/21", "6/26/21", "6/27/21", "6/28/21", "6/29/21", "6/30/21", "7/1/21", "7/2/21", "7/3/21", "7/4/21", "7/5/21", "7/6/21", "7/7/21", "7/8/21", "7/9/21", "7/10/21", "7/11/21", "7/12/21", "7/13/21", "7/14/21", "7/15/21"], "max_14": 278, "max": 77734, "value": [6.428571428571429, 7.0, 6.785714285714286, 7.214285714285714, 8.0, 8.5, 8.5, 7.571428571428571, 6.714285714285714, 7.571428571428571, 8.357142857142858, 8.928571428571429, 10.357142857142858, 11.0, 11.0, 13.857142857142858, 16.785714285714285, 17.214285714285715, 17.214285714285715, 17.571428571428573, 18.285714285714285, 18.285714285714285, 20.642857142857142, 21.214285714285715], "time": ["6/21/21", "6/22/21", "6/23/21", "6/24/21", "6/25/21", "6/26/21", "6/27/21", "6/28/21", "6/29/21", "6/30/21", "7/1/21", "7/2/21", "7/3/21", "7/4/21", "7/5/21", "7/6/21", "7/7/21", "7/8/21", "7/9/21", "7/10/21", "7/11/21", "7/12/21", "7/13/21", "7/14/21", "7/15/21", "7/16/21", "7/17/21", "7/18/21", "7/19/21"], "original_values": [4, 11, 9, 7, 6, 3, 10, 2, 10, 16, 11, 9, 0, 0, 0, 24, 13, 22, 18, 0, 0, 40, 25, 18, 17, 28, 0, 0, 73]}