{"dates": ["6/24/21", "6/25/21", "6/26/21", "6/27/21", "6/28/21", "6/29/21", "6/30/21", "7/1/21", "7/2/21", "7/3/21", "7/4/21", "7/5/21", "7/6/21", "7/7/21", "7/8/21", "7/9/21", "7/10/21", "7/11/21", "7/12/21", "7/13/21", "7/14/21", "7/15/21"], "max_14": 3388, "max": 277126, "value": [43.285714285714285, 48.07142857142857, 53.357142857142854, 57.857142857142854, 64.21428571428571, 69.92857142857143, 73.28571428571429, 73.28571428571429, 58.857142857142854, 68.64285714285714, 87.21428571428571, 76.21428571428571, 63.57142857142857, 56.285714285714285, 56.285714285714285, 56.285714285714285, 115.71428571428571, 175.14285714285714, 175.14285714285714, 175.14285714285714, 175.14285714285714, 175.14285714285714, 301.42857142857144, 340.14285714285717], "time": ["6/21/21", "6/22/21", "6/23/21", "6/24/21", "6/25/21", "6/26/21", "6/27/21", "6/28/21", "6/29/21", "6/30/21", "7/1/21", "7/2/21", "7/3/21", "7/4/21", "7/5/21", "7/6/21", "7/7/21", "7/8/21", "7/9/21", "7/10/21", "7/11/21", "7/12/21", "7/13/21", "7/14/21", "7/15/21", "7/16/21", "7/17/21", "7/18/21", "7/19/21"], "original_values": [135, 48, 23, 42, 55, 0, 0, 202, 55, 79, 75, 102, 0, 0, 0, 394, 0, 0, 0, 0, 0, 0, 1226, 0, 0, 0, 0, 0, 1768]}