{"dates": ["6/24/21", "6/25/21", "6/26/21", "6/27/21", "6/28/21", "6/29/21", "6/30/21", "7/1/21", "7/2/21", "7/3/21", "7/4/21", "7/5/21", "7/6/21", "7/7/21", "7/8/21", "7/9/21", "7/10/21", "7/11/21", "7/12/21", "7/13/21", "7/14/21", "7/15/21"], "max_14": 501, "max": 11537, "value": [8.142857142857142, 8.428571428571429, 9.5, 10.928571428571429, 11.857142857142858, 14.857142857142858, 17.571428571428573, 17.571428571428573, 15.142857142857142, 14.5, 17.0, 18.928571428571427, 19.642857142857142, 19.142857142857142, 19.142857142857142, 24.071428571428573, 28.142857142857142, 29.142857142857142, 31.714285714285715, 32.92857142857143, 33.42857142857143, 33.42857142857143, 38.0, 40.42857142857143], "time": ["6/21/21", "6/22/21", "6/23/21", "6/24/21", "6/25/21", "6/26/21", "6/27/21", "6/28/21", "6/29/21", "6/30/21", "7/1/21", "7/2/21", "7/3/21", "7/4/21", "7/5/21", "7/6/21", "7/7/21", "7/8/21", "7/9/21", "7/10/21", "7/11/21", "7/12/21", "7/13/21", "7/14/21", "7/15/21", "7/16/21", "7/17/21", "7/18/21", "7/19/21"], "original_values": [30, 6, 10, 6, 5, 0, 0, 34, 17, 19, 10, 43, 0, 0, 0, 42, 29, 27, 36, 0, 0, 69, 30, 55, 37, 43, 0, 0, 133]}