{"dates": ["6/24/21", "6/25/21", "6/26/21", "6/27/21", "6/28/21", "6/29/21", "6/30/21", "7/1/21", "7/2/21", "7/3/21", "7/4/21", "7/5/21", "7/6/21", "7/7/21", "7/8/21", "7/9/21", "7/10/21", "7/11/21", "7/12/21", "7/13/21", "7/14/21", "7/15/21"], "max_14": 833, "max": 22876, "value": [11.0, 11.5, 12.0, 13.571428571428571, 15.142857142857142, 14.571428571428571, 14.0, 14.0, 11.142857142857142, 8.285714285714286, 13.214285714285714, 18.142857142857142, 21.714285714285715, 28.642857142857142, 32.0, 37.0, 42.0, 43.142857142857146, 50.857142857142854, 58.857142857142854, 63.5, 71.57142857142857, 76.71428571428571, 77.0], "time": ["6/21/21", "6/22/21", "6/23/21", "6/24/21", "6/25/21", "6/26/21", "6/27/21", "6/28/21", "6/29/21", "6/30/21", "7/1/21", "7/2/21", "7/3/21", "7/4/21", "7/5/21", "7/6/21", "7/7/21", "7/8/21", "7/9/21", "7/10/21", "7/11/21", "7/12/21", "7/13/21", "7/14/21", "7/15/21", "7/16/21", "7/17/21", "7/18/21", "7/19/21"], "original_values": [33, 0, 20, 0, 24, 0, 0, 40, 0, 42, 0, 16, 0, 0, 0, 0, 111, 0, 66, 47, 0, 70, 0, 127, 92, 86, 92, 68, 74]}