{"dates": ["6/24/21", "6/25/21", "6/26/21", "6/27/21", "6/28/21", "6/29/21", "6/30/21", "7/1/21", "7/2/21", "7/3/21", "7/4/21", "7/5/21", "7/6/21", "7/7/21", "7/8/21", "7/9/21", "7/10/21", "7/11/21", "7/12/21", "7/13/21", "7/14/21", "7/15/21"], "max_14": 60, "max": 3427, "value": [4.285714285714286, 4.857142857142857, 5.785714285714286, 5.857142857142857, 5.642857142857143, 5.428571428571429, 5.142857142857143, 5.142857142857143, 4.571428571428571, 3.0714285714285716, 2.857142857142857, 3.4285714285714284, 3.0, 2.7142857142857144, 2.7142857142857144, 3.0, 4.428571428571429, 5.357142857142857, 5.071428571428571, 5.214285714285714, 5.428571428571429, 5.428571428571429, 5.357142857142857, 3.9285714285714284], "time": ["6/21/21", "6/22/21", "6/23/21", "6/24/21", "6/25/21", "6/26/21", "6/27/21", "6/28/21", "6/29/21", "6/30/21", "7/1/21", "7/2/21", "7/3/21", "7/4/21", "7/5/21", "7/6/21", "7/7/21", "7/8/21", "7/9/21", "7/10/21", "7/11/21", "7/12/21", "7/13/21", "7/14/21", "7/15/21", "7/16/21", "7/17/21", "7/18/21", "7/19/21"], "original_values": [0, 11, 6, 4, 9, 0, 0, 8, 16, 2, 5, 5, 0, 0, 0, 3, 12, 3, 1, 0, 0, 4, 19, 9, 2, 4, 0, 0, 3]}