{"dates": ["6/24/21", "6/25/21", "6/26/21", "6/27/21", "6/28/21", "6/29/21", "6/30/21", "7/1/21", "7/2/21", "7/3/21", "7/4/21", "7/5/21", "7/6/21", "7/7/21", "7/8/21", "7/9/21", "7/10/21", "7/11/21", "7/12/21", "7/13/21", "7/14/21", "7/15/21"], "max_14": 50, "max": 4733, "value": [-13.285714285714286, -13.285714285714286, -11.785714285714286, -2.0714285714285716, 6.357142857142857, 6.714285714285714, 6.214285714285714, 5.571428571428571, 5.357142857142857, 4.571428571428571, 3.4285714285714284, 2.857142857142857, 2.357142857142857, 2.0714285714285716, 2.2857142857142856, 2.5, 2.357142857142857, 2.857142857142857, 4.071428571428571, 4.642857142857143, 4.428571428571429, 4.0, 4.0, 3.4285714285714284], "time": ["6/21/21", "6/22/21", "6/23/21", "6/24/21", "6/25/21", "6/26/21", "6/27/21", "6/28/21", "6/29/21", "6/30/21", "7/1/21", "7/2/21", "7/3/21", "7/4/21", "7/5/21", "7/6/21", "7/7/21", "7/8/21", "7/9/21", "7/10/21", "7/11/21", "7/12/21", "7/13/21", "7/14/21", "7/15/21", "7/16/21", "7/17/21", "7/18/21", "7/19/21"], "original_values": [0, 0, -109, 3, 4, 9, 0, 0, 21, 6, 6, 6, 0, 0, -3, 13, -2, 6, -1, 3, 0, 0, 8, 10, 11, 2, -3, 0, 0]}