{"dates": ["6/24/21", "6/25/21", "6/26/21", "6/27/21", "6/28/21", "6/29/21", "6/30/21", "7/1/21", "7/2/21", "7/3/21", "7/4/21", "7/5/21", "7/6/21", "7/7/21", "7/8/21", "7/9/21", "7/10/21", "7/11/21", "7/12/21", "7/13/21", "7/14/21", "7/15/21"], "max_14": 3745, "max": 267435, "value": [98.0, 104.64285714285714, 103.28571428571429, 100.85714285714286, 94.0, 83.57142857142857, 81.42857142857143, 77.28571428571429, 61.92857142857143, 50.07142857142857, 56.5, 65.07142857142857, 72.78571428571429, 79.0, 86.92857142857143, 105.28571428571429, 121.78571428571429, 126.71428571428571, 145.14285714285714, 188.71428571428572, 212.71428571428572, 273.7857142857143, 377.07142857142856, 408.42857142857144], "time": ["6/21/21", "6/22/21", "6/23/21", "6/24/21", "6/25/21", "6/26/21", "6/27/21", "6/28/21", "6/29/21", "6/30/21", "7/1/21", "7/2/21", "7/3/21", "7/4/21", "7/5/21", "7/6/21", "7/7/21", "7/8/21", "7/9/21", "7/10/21", "7/11/21", "7/12/21", "7/13/21", "7/14/21", "7/15/21", "7/16/21", "7/17/21", "7/18/21", "7/19/21"], "original_values": [122, 130, 72, 208, 125, 0, 58, 157, 76, 92, 92, 95, 0, 0, 0, 67, 191, 113, 182, 0, 111, 146, 152, 175, 387, 518, 0, 966, 737]}