{"dates": ["6/24/21", "6/25/21", "6/26/21", "6/27/21", "6/28/21", "6/29/21", "6/30/21", "7/1/21", "7/2/21", "7/3/21", "7/4/21", "7/5/21", "7/6/21", "7/7/21", "7/8/21", "7/9/21", "7/10/21", "7/11/21", "7/12/21", "7/13/21", "7/14/21", "7/15/21"], "max_14": 80, "max": 3318, "value": [3.2857142857142856, 3.5714285714285716, 3.5714285714285716, 4.0, 4.285714285714286, 4.071428571428571, 3.7142857142857144, 3.7857142857142856, 4.5, 4.714285714285714, 4.357142857142857, 4.357142857142857, 4.785714285714286, 5.071428571428571, 4.642857142857143, 3.7857142857142856, 3.5, 3.7142857142857144, 4.142857142857143, 5.0, 6.214285714285714, 7.071428571428571, 7.642857142857143, 7.5], "time": ["6/21/21", "6/22/21", "6/23/21", "6/24/21", "6/25/21", "6/26/21", "6/27/21", "6/28/21", "6/29/21", "6/30/21", "7/1/21", "7/2/21", "7/3/21", "7/4/21", "7/5/21", "7/6/21", "7/7/21", "7/8/21", "7/9/21", "7/10/21", "7/11/21", "7/12/21", "7/13/21", "7/14/21", "7/15/21", "7/16/21", "7/17/21", "7/18/21", "7/19/21"], "original_values": [0, 8, 1, 4, 4, 4, 4, 0, 8, 7, 2, 3, 0, 9, 5, 6, 4, 5, 6, 1, 2, 0, 7, 6, 9, 14, 10, 5, 5]}