{"dates": ["6/24/21", "6/25/21", "6/26/21", "6/27/21", "6/28/21", "6/29/21", "6/30/21", "7/1/21", "7/2/21", "7/3/21", "7/4/21", "7/5/21", "7/6/21", "7/7/21", "7/8/21", "7/9/21", "7/10/21", "7/11/21", "7/12/21", "7/13/21", "7/14/21", "7/15/21"], "max_14": 288, "max": 4782, "value": [11.142857142857142, 11.071428571428571, 10.5, 11.5, 12.428571428571429, 12.214285714285714, 11.571428571428571, 12.785714285714286, 14.928571428571429, 15.428571428571429, 15.714285714285714, 16.285714285714285, 18.571428571428573, 21.714285714285715, 20.785714285714285, 18.142857142857142, 17.857142857142858, 17.785714285714285, 17.071428571428573, 18.785714285714285, 21.0, 22.5, 23.714285714285715, 21.857142857142858], "time": ["6/21/21", "6/22/21", "6/23/21", "6/24/21", "6/25/21", "6/26/21", "6/27/21", "6/28/21", "6/29/21", "6/30/21", "7/1/21", "7/2/21", "7/3/21", "7/4/21", "7/5/21", "7/6/21", "7/7/21", "7/8/21", "7/9/21", "7/10/21", "7/11/21", "7/12/21", "7/13/21", "7/14/21", "7/15/21", "7/16/21", "7/17/21", "7/18/21", "7/19/21"], "original_values": [14, 19, 4, 20, 9, 6, 12, 1, 24, 13, 24, 2, 4, 31, 12, 20, 21, 24, 34, 16, 6, 0, 28, 12, 23, 59, 22, 21, 2]}