{"dates": ["6/24/21", "6/25/21", "6/26/21", "6/27/21", "6/28/21", "6/29/21", "6/30/21", "7/1/21", "7/2/21", "7/3/21", "7/4/21", "7/5/21", "7/6/21", "7/7/21", "7/8/21", "7/9/21", "7/10/21", "7/11/21", "7/12/21", "7/13/21", "7/14/21", "7/15/21"], "max_14": 150, "max": 9871, "value": [4.0, 4.642857142857143, 5.071428571428571, 4.428571428571429, 4.571428571428571, 5.785714285714286, 5.857142857142857, 5.285714285714286, 4.142857142857143, 4.928571428571429, 6.857142857142857, 6.928571428571429, 6.357142857142857, 6.285714285714286, 6.857142857142857, 9.714285714285714, 11.357142857142858, 10.142857142857142, 10.571428571428571, 11.0, 12.785714285714286, 14.571428571428571, 11.714285714285714, 8.142857142857142], "time": ["6/21/21", "6/22/21", "6/23/21", "6/24/21", "6/25/21", "6/26/21", "6/27/21", "6/28/21", "6/29/21", "6/30/21", "7/1/21", "7/2/21", "7/3/21", "7/4/21", "7/5/21", "7/6/21", "7/7/21", "7/8/21", "7/9/21", "7/10/21", "7/11/21", "7/12/21", "7/13/21", "7/14/21", "7/15/21", "7/16/21", "7/17/21", "7/18/21", "7/19/21"], "original_values": [7, 3, 6, 4, 0, 8, 0, 16, 0, 0, 12, 9, 0, 0, 0, 27, 0, 13, 0, 8, 0, 40, 10, 0, 19, 0, 33, 0, 0]}