{"dates": ["6/24/21", "6/25/21", "6/26/21", "6/27/21", "6/28/21", "6/29/21", "6/30/21", "7/1/21", "7/2/21", "7/3/21", "7/4/21", "7/5/21", "7/6/21", "7/7/21", "7/8/21", "7/9/21", "7/10/21", "7/11/21", "7/12/21", "7/13/21", "7/14/21", "7/15/21"], "max_14": 575, "max": 9967, "value": [6.285714285714286, 6.285714285714286, 6.5, 6.571428571428571, 6.285714285714286, 5.857142857142857, 5.071428571428571, 4.571428571428571, 3.9285714285714284, 4.142857142857143, 5.214285714285714, 5.357142857142857, 5.285714285714286, 5.285714285714286, 5.285714285714286, 6.357142857142857, 41.07142857142857, 74.78571428571429, 74.85714285714286, 75.14285714285714, 75.42857142857143, 75.42857142857143, 75.07142857142857, 39.714285714285715], "time": ["6/21/21", "6/22/21", "6/23/21", "6/24/21", "6/25/21", "6/26/21", "6/27/21", "6/28/21", "6/29/21", "6/30/21", "7/1/21", "7/2/21", "7/3/21", "7/4/21", "7/5/21", "7/6/21", "7/7/21", "7/8/21", "7/9/21", "7/10/21", "7/11/21", "7/12/21", "7/13/21", "7/14/21", "7/15/21", "7/16/21", "7/17/21", "7/18/21", "7/19/21"], "original_values": [9, 4, 6, 9, 9, 7, 0, 9, 7, 4, 7, 5, 0, 0, 0, 19, 7, 6, 5, 0, 0, 15, 490, 8, 6, 9, 0, 0, 10]}