{"dates": ["6/24/21", "6/25/21", "6/26/21", "6/27/21", "6/28/21", "6/29/21", "6/30/21", "7/1/21", "7/2/21", "7/3/21", "7/4/21", "7/5/21", "7/6/21", "7/7/21", "7/8/21", "7/9/21", "7/10/21", "7/11/21", "7/12/21", "7/13/21", "7/14/21", "7/15/21"], "max_14": 81, "max": 14946, "value": [2.4285714285714284, 1.6428571428571428, 1.0714285714285714, 1.2857142857142858, 1.5714285714285714, 2.0714285714285716, 2.2142857142857144, 2.142857142857143, 2.142857142857143, 2.0714285714285716, 2.2142857142857144, 2.5, 2.642857142857143, 2.7142857142857144, 2.7142857142857144, 3.4285714285714284, 4.571428571428571, 5.428571428571429, 5.571428571428571, 5.0, 4.714285714285714, 5.214285714285714, 6.571428571428571, 6.785714285714286], "time": ["6/21/21", "6/22/21", "6/23/21", "6/24/21", "6/25/21", "6/26/21", "6/27/21", "6/28/21", "6/29/21", "6/30/21", "7/1/21", "7/2/21", "7/3/21", "7/4/21", "7/5/21", "7/6/21", "7/7/21", "7/8/21", "7/9/21", "7/10/21", "7/11/21", "7/12/21", "7/13/21", "7/14/21", "7/15/21", "7/16/21", "7/17/21", "7/18/21", "7/19/21"], "original_values": [11, 1, 5, -1, 0, 1, 0, 0, 4, 5, 3, 3, 0, 0, 0, 3, 8, 4, 4, 0, 0, 10, 9, 14, 0, 0, 0, 7, 22]}