{"dates": ["6/24/21", "6/25/21", "6/26/21", "6/27/21", "6/28/21", "6/29/21", "6/30/21", "7/1/21", "7/2/21", "7/3/21", "7/4/21", "7/5/21", "7/6/21", "7/7/21", "7/8/21", "7/9/21", "7/10/21", "7/11/21", "7/12/21", "7/13/21", "7/14/21", "7/15/21"], "max_14": 50, "max": 7319, "value": [1.7142857142857142, 2.0, 2.0714285714285716, 2.0714285714285716, 2.357142857142857, 2.2857142857142856, 2.142857142857143, 2.142857142857143, 1.8571428571428572, 2.0714285714285716, 2.4285714285714284, 2.5714285714285716, 3.0, 3.142857142857143, 3.142857142857143, 3.4285714285714284, 3.642857142857143, 3.642857142857143, 3.5714285714285716, 3.357142857142857, 3.2857142857142856, 3.2857142857142856, 3.357142857142857, 2.9285714285714284], "time": ["6/21/21", "6/22/21", "6/23/21", "6/24/21", "6/25/21", "6/26/21", "6/27/21", "6/28/21", "6/29/21", "6/30/21", "7/1/21", "7/2/21", "7/3/21", "7/4/21", "7/5/21", "7/6/21", "7/7/21", "7/8/21", "7/9/21", "7/10/21", "7/11/21", "7/12/21", "7/13/21", "7/14/21", "7/15/21", "7/16/21", "7/17/21", "7/18/21", "7/19/21"], "original_values": [0, 4, 2, 2, 4, 0, 0, 4, 1, 5, 3, 2, 0, 0, 0, 8, 3, 7, 4, 0, 0, 4, 7, 4, 5, 3, 0, 0, 5]}