{"dates": ["6/24/21", "6/25/21", "6/26/21", "6/27/21", "6/28/21", "6/29/21", "6/30/21", "7/1/21", "7/2/21", "7/3/21", "7/4/21", "7/5/21", "7/6/21", "7/7/21", "7/8/21", "7/9/21", "7/10/21", "7/11/21", "7/12/21", "7/13/21", "7/14/21", "7/15/21"], "max_14": 398, "max": 33967, "value": [27.071428571428573, 27.928571428571427, 27.928571428571427, 26.214285714285715, 25.142857142857142, 26.214285714285715, 23.0, 19.571428571428573, 19.857142857142858, 20.0, 20.714285714285715, 20.714285714285715, 21.214285714285715, 22.642857142857142, 23.142857142857142, 23.857142857142858, 24.642857142857142, 26.0, 26.5, 26.071428571428573, 27.428571428571427, 30.428571428571427, 32.357142857142854, 30.571428571428573], "time": ["6/21/21", "6/22/21", "6/23/21", "6/24/21", "6/25/21", "6/26/21", "6/27/21", "6/28/21", "6/29/21", "6/30/21", "7/1/21", "7/2/21", "7/3/21", "7/4/21", "7/5/21", "7/6/21", "7/7/21", "7/8/21", "7/9/21", "7/10/21", "7/11/21", "7/12/21", "7/13/21", "7/14/21", "7/15/21", "7/16/21", "7/17/21", "7/18/21", "7/19/21"], "original_values": [11, 22, 34, 28, 18, 71, 11, 12, 21, 11, 36, 25, 19, 15, 12, 23, 19, 28, 40, 24, 17, 20, 26, 35, 19, 43, 40, 43, 21]}