{"dates": ["6/24/21", "6/25/21", "6/26/21", "6/27/21", "6/28/21", "6/29/21", "6/30/21", "7/1/21", "7/2/21", "7/3/21", "7/4/21", "7/5/21", "7/6/21", "7/7/21", "7/8/21", "7/9/21", "7/10/21", "7/11/21", "7/12/21", "7/13/21", "7/14/21", "7/15/21"], "max_14": 6, "max": 752, "value": [4.357142857142857, 4.571428571428571, 3.857142857142857, 3.0, 2.2857142857142856, 1.7857142857142858, 1.5714285714285714, 1.0714285714285714, 0.7142857142857143, 0.5714285714285714, 0.35714285714285715, 0.21428571428571427, 0.07142857142857142, 0.0, 0.0, 0.21428571428571427, 0.42857142857142855, 0.5, 0.7142857142857143, 0.8571428571428571, 0.8571428571428571, 0.8571428571428571, 0.6428571428571429, 0.42857142857142855], "time": ["6/21/21", "6/22/21", "6/23/21", "6/24/21", "6/25/21", "6/26/21", "6/27/21", "6/28/21", "6/29/21", "6/30/21", "7/1/21", "7/2/21", "7/3/21", "7/4/21", "7/5/21", "7/6/21", "7/7/21", "7/8/21", "7/9/21", "7/10/21", "7/11/21", "7/12/21", "7/13/21", "7/14/21", "7/15/21", "7/16/21", "7/17/21", "7/18/21", "7/19/21"], "original_values": [2, 10, 5, 7, 2, 2, 5, 0, 2, 1, 1, 1, 0, 0, 0, 0, 0, 0, 0, 0, 0, 3, 0, 1, 2, 0, 0, 0, 0]}