{"dates": ["6/24/21", "6/25/21", "6/26/21", "6/27/21", "6/28/21", "6/29/21", "6/30/21", "7/1/21", "7/2/21", "7/3/21", "7/4/21", "7/5/21", "7/6/21", "7/7/21", "7/8/21", "7/9/21", "7/10/21", "7/11/21", "7/12/21", "7/13/21", "7/14/21", "7/15/21"], "max_14": 103, "max": 15848, "value": [6.142857142857143, 6.357142857142857, 6.142857142857143, 6.071428571428571, 6.714285714285714, 7.0, 7.0, 7.0, 5.714285714285714, 4.928571428571429, 4.857142857142857, 4.285714285714286, 4.214285714285714, 4.142857142857143, 4.142857142857143, 5.285714285714286, 5.857142857142857, 5.571428571428571, 5.571428571428571, 5.571428571428571, 5.857142857142857, 5.857142857142857, 7.071428571428571, 7.928571428571429], "time": ["6/21/21", "6/22/21", "6/23/21", "6/24/21", "6/25/21", "6/26/21", "6/27/21", "6/28/21", "6/29/21", "6/30/21", "7/1/21", "7/2/21", "7/3/21", "7/4/21", "7/5/21", "7/6/21", "7/7/21", "7/8/21", "7/9/21", "7/10/21", "7/11/21", "7/12/21", "7/13/21", "7/14/21", "7/15/21", "7/16/21", "7/17/21", "7/18/21", "7/19/21"], "original_values": [15, 12, 5, 6, 5, 0, 0, 18, 6, 10, 10, 5, 0, 0, 0, 13, 2, 10, 4, 0, 0, 16, 5, 6, 6, 8, 0, 0, 33]}