{"dates": ["6/24/21", "6/25/21", "6/26/21", "6/27/21", "6/28/21", "6/29/21", "6/30/21", "7/1/21", "7/2/21", "7/3/21", "7/4/21", "7/5/21", "7/6/21", "7/7/21", "7/8/21", "7/9/21", "7/10/21", "7/11/21", "7/12/21", "7/13/21", "7/14/21", "7/15/21"], "max_14": 62, "max": 3523, "value": [1.5714285714285714, 1.7142857142857142, 1.7857142857142858, 2.0714285714285716, 2.357142857142857, 2.2142857142857144, 2.0, 1.8571428571428572, 1.7142857142857142, 1.7142857142857142, 1.3571428571428572, 1.0714285714285714, 1.5, 1.8571428571428572, 1.8571428571428572, 2.357142857142857, 3.142857142857143, 3.4285714285714284, 3.642857142857143, 3.9285714285714284, 4.0, 4.0, 5.0, 5.5], "time": ["6/21/21", "6/22/21", "6/23/21", "6/24/21", "6/25/21", "6/26/21", "6/27/21", "6/28/21", "6/29/21", "6/30/21", "7/1/21", "7/2/21", "7/3/21", "7/4/21", "7/5/21", "7/6/21", "7/7/21", "7/8/21", "7/9/21", "7/10/21", "7/11/21", "7/12/21", "7/13/21", "7/14/21", "7/15/21", "7/16/21", "7/17/21", "7/18/21", "7/19/21"], "original_values": [0, 2, 3, 2, 3, 0, 2, 0, 3, 6, 3, 0, 0, 0, 0, 3, 1, 4, 5, 0, 0, 7, 7, 1, 7, 6, 0, 0, 21]}