{"dates": ["6/24/21", "6/25/21", "6/26/21", "6/27/21", "6/28/21", "6/29/21", "6/30/21", "7/1/21", "7/2/21", "7/3/21", "7/4/21", "7/5/21", "7/6/21", "7/7/21", "7/8/21", "7/9/21", "7/10/21", "7/11/21", "7/12/21", "7/13/21", "7/14/21", "7/15/21"], "max_14": 126, "max": 10758, "value": [5.142857142857143, 4.928571428571429, 4.785714285714286, 4.785714285714286, 4.5, 4.5, 4.714285714285714, 4.714285714285714, 4.142857142857143, 3.9285714285714284, 5.142857142857143, 6.142857142857143, 6.142857142857143, 6.0, 6.0, 7.857142857142857, 9.357142857142858, 8.714285714285714, 8.428571428571429, 8.5, 8.571428571428571, 8.571428571428571, 8.428571428571429, 7.928571428571429], "time": ["6/21/21", "6/22/21", "6/23/21", "6/24/21", "6/25/21", "6/26/21", "6/27/21", "6/28/21", "6/29/21", "6/30/21", "7/1/21", "7/2/21", "7/3/21", "7/4/21", "7/5/21", "7/6/21", "7/7/21", "7/8/21", "7/9/21", "7/10/21", "7/11/21", "7/12/21", "7/13/21", "7/14/21", "7/15/21", "7/16/21", "7/17/21", "7/18/21", "7/19/21"], "original_values": [11, 4, 3, 10, 8, 0, 0, 8, 5, 2, 7, 11, 0, 0, 0, 10, 14, 9, 9, 0, 0, 26, 5, 10, 9, 10, 0, 0, 24]}