{"dates": ["6/24/21", "6/25/21", "6/26/21", "6/27/21", "6/28/21", "6/29/21", "6/30/21", "7/1/21", "7/2/21", "7/3/21", "7/4/21", "7/5/21", "7/6/21", "7/7/21", "7/8/21", "7/9/21", "7/10/21", "7/11/21", "7/12/21", "7/13/21", "7/14/21", "7/15/21"], "max_14": 54, "max": 4096, "value": [1.0, 0.7857142857142857, 0.5714285714285714, 0.5714285714285714, 0.7142857142857143, 1.0714285714285714, 1.2857142857142858, 1.2857142857142858, 1.1428571428571428, 1.0714285714285714, 1.1428571428571428, 1.2142857142857142, 1.2142857142857142, 1.1428571428571428, 1.1428571428571428, 1.6428571428571428, 2.5, 3.0714285714285716, 3.857142857142857, 4.642857142857143, 4.857142857142857, 4.857142857142857, 5.214285714285714, 5.142857142857143], "time": ["6/21/21", "6/22/21", "6/23/21", "6/24/21", "6/25/21", "6/26/21", "6/27/21", "6/28/21", "6/29/21", "6/30/21", "7/1/21", "7/2/21", "7/3/21", "7/4/21", "7/5/21", "7/6/21", "7/7/21", "7/8/21", "7/9/21", "7/10/21", "7/11/21", "7/12/21", "7/13/21", "7/14/21", "7/15/21", "7/16/21", "7/17/21", "7/18/21", "7/19/21"], "original_values": [5, 0, 2, 0, 0, 0, 0, 2, 0, 2, 2, 3, 0, 0, 0, 1, 2, 3, 2, 0, 0, 7, 6, 5, 11, 5, 0, 0, 12]}