{"dates": ["6/24/21", "6/25/21", "6/26/21", "6/27/21", "6/28/21", "6/29/21", "6/30/21", "7/1/21", "7/2/21", "7/3/21", "7/4/21", "7/5/21", "7/6/21", "7/7/21", "7/8/21", "7/9/21", "7/10/21", "7/11/21", "7/12/21", "7/13/21", "7/14/21", "7/15/21"], "max_14": 133, "max": 9303, "value": [2.7142857142857144, 3.142857142857143, 2.7142857142857144, 2.2857142857142856, 2.5714285714285716, 3.0, 2.9285714285714284, 2.2857142857142856, 1.7857142857142858, 2.7857142857142856, 4.285714285714286, 4.642857142857143, 4.714285714285714, 4.714285714285714, 4.714285714285714, 5.5, 5.428571428571429, 5.857142857142857, 7.714285714285714, 8.785714285714286, 9.285714285714286, 9.285714285714286, 11.0, 12.357142857142858], "time": ["6/21/21", "6/22/21", "6/23/21", "6/24/21", "6/25/21", "6/26/21", "6/27/21", "6/28/21", "6/29/21", "6/30/21", "7/1/21", "7/2/21", "7/3/21", "7/4/21", "7/5/21", "7/6/21", "7/7/21", "7/8/21", "7/9/21", "7/10/21", "7/11/21", "7/12/21", "7/13/21", "7/14/21", "7/15/21", "7/16/21", "7/17/21", "7/18/21", "7/19/21"], "original_values": [1, 8, 1, 2, 0, 5, 4, 3, 0, 3, 4, 4, 0, 0, 0, 17, 7, 5, 4, 0, 0, 11, 5, 25, 13, 11, 0, 0, 35]}