{"dates": ["6/24/21", "6/25/21", "6/26/21", "6/27/21", "6/28/21", "6/29/21", "6/30/21", "7/1/21", "7/2/21", "7/3/21", "7/4/21", "7/5/21", "7/6/21", "7/7/21", "7/8/21", "7/9/21", "7/10/21", "7/11/21", "7/12/21", "7/13/21", "7/14/21", "7/15/21"], "max_14": 295, "max": 11959, "value": [10.928571428571429, 11.285714285714286, 11.142857142857142, 10.857142857142858, 10.285714285714286, 9.714285714285714, 8.714285714285714, 7.5, 7.142857142857143, 8.571428571428571, 9.714285714285714, 10.0, 11.142857142857142, 11.714285714285714, 11.714285714285714, 14.214285714285714, 17.857142857142858, 20.142857142857142, 21.714285714285715, 22.428571428571427, 22.714285714285715, 22.714285714285715, 24.071428571428573, 22.0], "time": ["6/21/21", "6/22/21", "6/23/21", "6/24/21", "6/25/21", "6/26/21", "6/27/21", "6/28/21", "6/29/21", "6/30/21", "7/1/21", "7/2/21", "7/3/21", "7/4/21", "7/5/21", "7/6/21", "7/7/21", "7/8/21", "7/9/21", "7/10/21", "7/11/21", "7/12/21", "7/13/21", "7/14/21", "7/15/21", "7/16/21", "7/17/21", "7/18/21", "7/19/21"], "original_values": [0, 14, 17, 15, 16, 12, 5, 0, 12, 15, 9, 14, 0, 0, 0, 32, 11, 17, 22, 0, 0, 35, 48, 27, 23, 26, 0, 0, 54]}