{"dates": ["6/24/21", "6/25/21", "6/26/21", "6/27/21", "6/28/21", "6/29/21", "6/30/21", "7/1/21", "7/2/21", "7/3/21", "7/4/21", "7/5/21", "7/6/21", "7/7/21", "7/8/21", "7/9/21", "7/10/21", "7/11/21", "7/12/21", "7/13/21", "7/14/21", "7/15/21"], "max_14": 207, "max": 2940, "value": [5.0, 4.928571428571429, 4.928571428571429, 5.0, 5.0, 4.714285714285714, 4.214285714285714, 4.857142857142857, 5.928571428571429, 6.428571428571429, 7.214285714285714, 7.571428571428571, 8.428571428571429, 11.071428571428571, 11.857142857142858, 10.857142857142858, 11.357142857142858, 11.714285714285714, 11.357142857142858, 13.0, 16.142857142857142, 18.357142857142858, 19.0, 17.357142857142858], "time": ["6/21/21", "6/22/21", "6/23/21", "6/24/21", "6/25/21", "6/26/21", "6/27/21", "6/28/21", "6/29/21", "6/30/21", "7/1/21", "7/2/21", "7/3/21", "7/4/21", "7/5/21", "7/6/21", "7/7/21", "7/8/21", "7/9/21", "7/10/21", "7/11/21", "7/12/21", "7/13/21", "7/14/21", "7/15/21", "7/16/21", "7/17/21", "7/18/21", "7/19/21"], "original_values": [3, 7, 5, 10, 7, 2, 2, 0, 10, 3, 12, 1, 1, 12, 5, 12, 12, 8, 17, 22, 2, 1, 23, 6, 9, 39, 44, 11, 1]}