{"dates": ["6/24/21", "6/25/21", "6/26/21", "6/27/21", "6/28/21", "6/29/21", "6/30/21", "7/1/21", "7/2/21", "7/3/21", "7/4/21", "7/5/21", "7/6/21", "7/7/21", "7/8/21", "7/9/21", "7/10/21", "7/11/21", "7/12/21", "7/13/21", "7/14/21", "7/15/21"], "max_14": 452, "max": 105547, "value": [26.5, 28.428571428571427, 28.928571428571427, 29.214285714285715, 28.428571428571427, 27.785714285714285, 27.928571428571427, 26.642857142857142, 25.142857142857142, 23.357142857142858, 20.428571428571427, 18.857142857142858, 18.285714285714285, 17.714285714285715, 19.428571428571427, 21.642857142857142, 24.0, 27.928571428571427, 31.0, 34.142857142857146, 38.214285714285715, 40.285714285714285, 41.42857142857143, 39.642857142857146], "time": ["6/21/21", "6/22/21", "6/23/21", "6/24/21", "6/25/21", "6/26/21", "6/27/21", "6/28/21", "6/29/21", "6/30/21", "7/1/21", "7/2/21", "7/3/21", "7/4/21", "7/5/21", "7/6/21", "7/7/21", "7/8/21", "7/9/21", "7/10/21", "7/11/21", "7/12/21", "7/13/21", "7/14/21", "7/15/21", "7/16/21", "7/17/21", "7/18/21", "7/19/21"], "original_values": [9, 31, 40, 44, 25, 25, 23, 13, 34, 41, 32, 28, 24, 6, 9, 13, 21, 30, 22, 22, 32, 14, 41, 48, 46, 50, 51, 32, 30]}