{"dates": ["6/24/21", "6/25/21", "6/26/21", "6/27/21", "6/28/21", "6/29/21", "6/30/21", "7/1/21", "7/2/21", "7/3/21", "7/4/21", "7/5/21", "7/6/21", "7/7/21", "7/8/21", "7/9/21", "7/10/21", "7/11/21", "7/12/21", "7/13/21", "7/14/21", "7/15/21"], "max_14": 230, "max": 12155, "value": [-2.4285714285714284, -1.9285714285714286, -0.8571428571428571, -1.2857142857142858, -3.357142857142857, -3.5714285714285716, -2.7142857142857144, -2.7142857142857144, -6.5, -7.928571428571429, -4.571428571428571, -3.2142857142857144, -6.0, -9.142857142857142, -9.142857142857142, -2.7142857142857144, 1.4285714285714286, -2.4285714285714284, -0.8571428571428571, 6.785714285714286, 11.285714285714286, 11.285714285714286, 14.285714285714286, 15.642857142857142], "time": ["6/21/21", "6/22/21", "6/23/21", "6/24/21", "6/25/21", "6/26/21", "6/27/21", "6/28/21", "6/29/21", "6/30/21", "7/1/21", "7/2/21", "7/3/21", "7/4/21", "7/5/21", "7/6/21", "7/7/21", "7/8/21", "7/9/21", "7/10/21", "7/11/21", "7/12/21", "7/13/21", "7/14/21", "7/15/21", "7/16/21", "7/17/21", "7/18/21", "7/19/21"], "original_values": [46, 14, -110, 20, 13, 0, 0, 53, 22, -124, 5, 25, 0, 0, 0, 55, -110, 10, -19, 0, 0, 90, 23, -132, 54, 44, 0, 0, 132]}