{"dates": ["6/24/21", "6/25/21", "6/26/21", "6/27/21", "6/28/21", "6/29/21", "6/30/21", "7/1/21", "7/2/21", "7/3/21", "7/4/21", "7/5/21", "7/6/21", "7/7/21", "7/8/21", "7/9/21", "7/10/21", "7/11/21", "7/12/21", "7/13/21", "7/14/21", "7/15/21"], "max_14": 472, "max": 88295, "value": [12.142857142857142, 12.142857142857142, 12.142857142857142, 13.571428571428571, 15.0, 15.0, 15.0, 15.0, 15.0, 15.0, 18.785714285714285, 22.571428571428573, 22.571428571428573, 22.571428571428573, 22.571428571428573, 22.571428571428573, 22.571428571428573, 33.714285714285715, 44.857142857142854, 44.857142857142854, 44.857142857142854, 44.857142857142854, 44.857142857142854, 44.857142857142854], "time": ["6/21/21", "6/22/21", "6/23/21", "6/24/21", "6/25/21", "6/26/21", "6/27/21", "6/28/21", "6/29/21", "6/30/21", "7/1/21", "7/2/21", "7/3/21", "7/4/21", "7/5/21", "7/6/21", "7/7/21", "7/8/21", "7/9/21", "7/10/21", "7/11/21", "7/12/21", "7/13/21", "7/14/21", "7/15/21", "7/16/21", "7/17/21", "7/18/21", "7/19/21"], "original_values": [0, 0, 85, 0, 0, 0, 0, 0, 0, 105, 0, 0, 0, 0, 0, 0, 158, 0, 0, 0, 0, 0, 0, 314, 0, 0, 0, 0, 0]}