{"dates": ["6/24/21", "6/25/21", "6/26/21", "6/27/21", "6/28/21", "6/29/21", "6/30/21", "7/1/21", "7/2/21", "7/3/21", "7/4/21", "7/5/21", "7/6/21", "7/7/21", "7/8/21", "7/9/21", "7/10/21", "7/11/21", "7/12/21", "7/13/21", "7/14/21", "7/15/21"], "max_14": 71, "max": 5724, "value": [4.5, 4.642857142857143, 4.5, 3.7857142857142856, 2.9285714285714284, 2.857142857142857, 2.7857142857142856, 2.357142857142857, 2.0, 2.5714285714285716, 3.2857142857142856, 3.857142857142857, 4.285714285714286, 4.142857142857143, 4.142857142857143, 4.785714285714286, 4.642857142857143, 4.357142857142857, 4.714285714285714, 4.5, 4.428571428571429, 4.428571428571429, 4.571428571428571, 4.571428571428571], "time": ["6/21/21", "6/22/21", "6/23/21", "6/24/21", "6/25/21", "6/26/21", "6/27/21", "6/28/21", "6/29/21", "6/30/21", "7/1/21", "7/2/21", "7/3/21", "7/4/21", "7/5/21", "7/6/21", "7/7/21", "7/8/21", "7/9/21", "7/10/21", "7/11/21", "7/12/21", "7/13/21", "7/14/21", "7/15/21", "7/16/21", "7/17/21", "7/18/21", "7/19/21"], "original_values": [3, 4, 12, 4, 4, 3, 3, 2, 3, 3, 1, 6, 0, 0, 0, 13, 3, 9, 4, 0, 0, 9, 2, 10, 7, 3, 0, 0, 11]}