{"dates": ["6/24/21", "6/25/21", "6/26/21", "6/27/21", "6/28/21", "6/29/21", "6/30/21", "7/1/21", "7/2/21", "7/3/21", "7/4/21", "7/5/21", "7/6/21", "7/7/21", "7/8/21", "7/9/21", "7/10/21", "7/11/21", "7/12/21", "7/13/21", "7/14/21", "7/15/21"], "max_14": 29, "max": 1892, "value": [19.428571428571427, 19.357142857142858, 22.214285714285715, 23.0, 18.5, 14.0, 9.5, 7.214285714285714, 7.285714285714286, 4.428571428571429, 1.5714285714285714, 1.6428571428571428, 1.9285714285714286, 2.0, 1.8571428571428572, 1.7857142857142858, 1.9285714285714286, 2.0714285714285716, 1.8571428571428572, 1.7857142857142858, 2.2142857142857144, 2.5, 2.4285714285714284, 2.142857142857143], "time": ["6/21/21", "6/22/21", "6/23/21", "6/24/21", "6/25/21", "6/26/21", "6/27/21", "6/28/21", "6/29/21", "6/30/21", "7/1/21", "7/2/21", "7/3/21", "7/4/21", "7/5/21", "7/6/21", "7/7/21", "7/8/21", "7/9/21", "7/10/21", "7/11/21", "7/12/21", "7/13/21", "7/14/21", "7/15/21", "7/16/21", "7/17/21", "7/18/21", "7/19/21"], "original_values": [2, 0, 31, 35, 31, 37, 0, 1, 41, 1, 2, 1, 4, 1, 1, 1, 1, 3, 4, 2, 1, 0, 4, 0, 1, 5, 7, 0, 0]}