{"dates": ["6/24/21", "6/25/21", "6/26/21", "6/27/21", "6/28/21", "6/29/21", "6/30/21", "7/1/21", "7/2/21", "7/3/21", "7/4/21", "7/5/21", "7/6/21", "7/7/21", "7/8/21", "7/9/21", "7/10/21", "7/11/21", "7/12/21", "7/13/21", "7/14/21", "7/15/21"], "max_14": 73, "max": 2597, "value": [2.2857142857142856, 1.7142857142857142, 1.2857142857142858, 1.1428571428571428, 0.7857142857142857, 1.2857142857142858, 1.8571428571428572, 1.8571428571428572, 1.8571428571428572, 3.2857142857142856, 5.285714285714286, 6.0, 5.5, 4.857142857142857, 4.857142857142857, 5.571428571428571, 4.571428571428571, 3.0, 3.357142857142857, 4.071428571428571, 4.571428571428571, 4.571428571428571, 4.357142857142857, 4.285714285714286], "time": ["6/21/21", "6/22/21", "6/23/21", "6/24/21", "6/25/21", "6/26/21", "6/27/21", "6/28/21", "6/29/21", "6/30/21", "7/1/21", "7/2/21", "7/3/21", "7/4/21", "7/5/21", "7/6/21", "7/7/21", "7/8/21", "7/9/21", "7/10/21", "7/11/21", "7/12/21", "7/13/21", "7/14/21", "7/15/21", "7/16/21", "7/17/21", "7/18/21", "7/19/21"], "original_values": [8, 0, 4, 3, 1, 0, 0, 0, 2, 0, 2, 9, 0, 0, 0, 22, 8, 4, 0, 0, 0, 10, -2, 10, 7, 7, 0, 0, 7]}