{"dates": ["6/24/21", "6/25/21", "6/26/21", "6/27/21", "6/28/21", "6/29/21", "6/30/21", "7/1/21", "7/2/21", "7/3/21", "7/4/21", "7/5/21", "7/6/21", "7/7/21", "7/8/21", "7/9/21", "7/10/21", "7/11/21", "7/12/21", "7/13/21", "7/14/21", "7/15/21"], "max_14": 214, "max": 2963, "value": [10.5, 11.285714285714286, 11.214285714285714, 11.5, 11.0, 10.785714285714286, 10.357142857142858, 9.0, 9.571428571428571, 10.785714285714286, 10.928571428571429, 10.642857142857142, 10.928571428571429, 11.928571428571429, 12.714285714285714, 11.642857142857142, 11.357142857142858, 12.714285714285714, 15.357142857142858, 17.714285714285715, 18.357142857142858, 18.714285714285715, 19.357142857142858, 18.071428571428573], "time": ["6/21/21", "6/22/21", "6/23/21", "6/24/21", "6/25/21", "6/26/21", "6/27/21", "6/28/21", "6/29/21", "6/30/21", "7/1/21", "7/2/21", "7/3/21", "7/4/21", "7/5/21", "7/6/21", "7/7/21", "7/8/21", "7/9/21", "7/10/21", "7/11/21", "7/12/21", "7/13/21", "7/14/21", "7/15/21", "7/16/21", "7/17/21", "7/18/21", "7/19/21"], "original_values": [6, 12, 4, 21, 8, 17, 11, 6, 11, 9, 9, 17, 2, 7, 18, 16, 6, 8, 22, 11, 9, 1, 29, 12, 39, 24, 18, 7, 12]}