{"dates": ["6/24/21", "6/25/21", "6/26/21", "6/27/21", "6/28/21", "6/29/21", "6/30/21", "7/1/21", "7/2/21", "7/3/21", "7/4/21", "7/5/21", "7/6/21", "7/7/21", "7/8/21", "7/9/21", "7/10/21", "7/11/21", "7/12/21", "7/13/21", "7/14/21", "7/15/21"], "max_14": 58, "max": 5071, "value": [2.7142857142857144, 2.9285714285714284, 3.4285714285714284, 4.0, 3.5, 2.4285714285714284, 2.142857142857143, 2.2142857142857144, 2.4285714285714284, 2.7857142857142856, 2.5714285714285716, 2.5714285714285716, 3.4285714285714284, 3.857142857142857, 3.9285714285714284, 4.071428571428571, 3.857142857142857, 4.5, 5.285714285714286, 5.214285714285714, 5.0, 4.857142857142857, 4.571428571428571, 4.071428571428571], "time": ["6/21/21", "6/22/21", "6/23/21", "6/24/21", "6/25/21", "6/26/21", "6/27/21", "6/28/21", "6/29/21", "6/30/21", "7/1/21", "7/2/21", "7/3/21", "7/4/21", "7/5/21", "7/6/21", "7/7/21", "7/8/21", "7/9/21", "7/10/21", "7/11/21", "7/12/21", "7/13/21", "7/14/21", "7/15/21", "7/16/21", "7/17/21", "7/18/21", "7/19/21"], "original_values": [2, -2, 4, 7, 5, 2, 2, 3, 4, 6, -2, -1, 4, 1, 7, 5, 2, 2, 7, 2, 4, 6, 3, 13, 2, 6, 0, 4, 2]}