{"dates": ["6/24/21", "6/25/21", "6/26/21", "6/27/21", "6/28/21", "6/29/21", "6/30/21", "7/1/21", "7/2/21", "7/3/21", "7/4/21", "7/5/21", "7/6/21", "7/7/21", "7/8/21", "7/9/21", "7/10/21", "7/11/21", "7/12/21", "7/13/21", "7/14/21", "7/15/21"], "max_14": 98, "max": 3999, "value": [1.7142857142857142, 1.6428571428571428, 1.3571428571428572, 1.7857142857142858, 2.4285714285714284, 2.642857142857143, 2.857142857142857, 2.857142857142857, 2.857142857142857, 3.0714285714285716, 2.9285714285714284, 3.0, 3.5714285714285716, 3.7142857142857144, 3.7142857142857144, 4.571428571428571, 5.071428571428571, 5.357142857142857, 5.5, 5.071428571428571, 5.142857142857143, 5.142857142857143, 6.857142857142857, 8.5], "time": ["6/21/21", "6/22/21", "6/23/21", "6/24/21", "6/25/21", "6/26/21", "6/27/21", "6/28/21", "6/29/21", "6/30/21", "7/1/21", "7/2/21", "7/3/21", "7/4/21", "7/5/21", "7/6/21", "7/7/21", "7/8/21", "7/9/21", "7/10/21", "7/11/21", "7/12/21", "7/13/21", "7/14/21", "7/15/21", "7/16/21", "7/17/21", "7/18/21", "7/19/21"], "original_values": [1, 6, 0, 5, 0, 0, 0, 0, 3, 9, 5, 3, 0, 0, 0, 6, 4, 11, 5, 0, 0, 12, 1, 13, 4, 6, 0, 0, 36]}