{"dates": ["6/24/21", "6/25/21", "6/26/21", "6/27/21", "6/28/21", "6/29/21", "6/30/21", "7/1/21", "7/2/21", "7/3/21", "7/4/21", "7/5/21", "7/6/21", "7/7/21", "7/8/21", "7/9/21", "7/10/21", "7/11/21", "7/12/21", "7/13/21", "7/14/21", "7/15/21"], "max_14": 80, "max": 7734, "value": [1.8571428571428572, 1.6428571428571428, 1.4285714285714286, 1.9285714285714286, 2.4285714285714284, 1.6428571428571428, 0.8571428571428571, 0.8571428571428571, 0.5, 0.14285714285714285, 0.14285714285714285, 0.14285714285714285, 1.3571428571428572, 2.5714285714285716, 2.5714285714285716, 3.0714285714285716, 3.5714285714285716, 2.7857142857142856, 3.142857142857143, 5.357142857142857, 6.428571428571429, 6.428571428571429, 7.142857142857143, 7.857142857142857], "time": ["6/21/21", "6/22/21", "6/23/21", "6/24/21", "6/25/21", "6/26/21", "6/27/21", "6/28/21", "6/29/21", "6/30/21", "7/1/21", "7/2/21", "7/3/21", "7/4/21", "7/5/21", "7/6/21", "7/7/21", "7/8/21", "7/9/21", "7/10/21", "7/11/21", "7/12/21", "7/13/21", "7/14/21", "7/15/21", "7/16/21", "7/17/21", "7/18/21", "7/19/21"], "original_values": [8, 0, 4, 0, 1, 0, 0, 5, 0, 11, 0, -10, 0, 0, 0, 0, 11, 0, 7, 0, 0, 7, 0, 0, 16, 22, 0, 0, 17]}