{"dates": ["6/24/21", "6/25/21", "6/26/21", "6/27/21", "6/28/21", "6/29/21", "6/30/21", "7/1/21", "7/2/21", "7/3/21", "7/4/21", "7/5/21", "7/6/21", "7/7/21", "7/8/21", "7/9/21", "7/10/21", "7/11/21", "7/12/21", "7/13/21", "7/14/21", "7/15/21"], "max_14": 195, "max": 21477, "value": [5.142857142857143, 5.285714285714286, 5.571428571428571, 5.857142857142857, 5.5, 5.357142857142857, 5.214285714285714, 5.214285714285714, 5.5, 5.357142857142857, 5.5, 6.642857142857143, 8.5, 9.5, 9.785714285714286, 10.357142857142858, 11.071428571428571, 13.142857142857142, 15.285714285714286, 15.428571428571429, 14.714285714285714, 13.571428571428571, 15.0, 16.357142857142858], "time": ["6/21/21", "6/22/21", "6/23/21", "6/24/21", "6/25/21", "6/26/21", "6/27/21", "6/28/21", "6/29/21", "6/30/21", "7/1/21", "7/2/21", "7/3/21", "7/4/21", "7/5/21", "7/6/21", "7/7/21", "7/8/21", "7/9/21", "7/10/21", "7/11/21", "7/12/21", "7/13/21", "7/14/21", "7/15/21", "7/16/21", "7/17/21", "7/18/21", "7/19/21"], "original_values": [4, 3, 10, 8, 0, 10, 2, 4, 7, 10, 3, 3, 5, 7, 3, 6, 13, 16, 16, 6, 10, 8, 11, 37, 22, 12, 0, 0, 38]}