{"dates": ["6/24/21", "6/25/21", "6/26/21", "6/27/21", "6/28/21", "6/29/21", "6/30/21", "7/1/21", "7/2/21", "7/3/21", "7/4/21", "7/5/21", "7/6/21", "7/7/21", "7/8/21", "7/9/21", "7/10/21", "7/11/21", "7/12/21", "7/13/21", "7/14/21", "7/15/21"], "max_14": 643, "max": 63620, "value": [35.714285714285715, 37.142857142857146, 36.642857142857146, 37.357142857142854, 38.214285714285715, 37.42857142857143, 36.857142857142854, 37.42857142857143, 37.357142857142854, 35.214285714285715, 33.642857142857146, 32.642857142857146, 35.714285714285715, 39.285714285714285, 40.642857142857146, 43.5, 47.07142857142857, 49.42857142857143, 50.285714285714285, 48.785714285714285, 47.57142857142857, 48.07142857142857, 47.285714285714285, 44.07142857142857], "time": ["6/21/21", "6/22/21", "6/23/21", "6/24/21", "6/25/21", "6/26/21", "6/27/21", "6/28/21", "6/29/21", "6/30/21", "7/1/21", "7/2/21", "7/3/21", "7/4/21", "7/5/21", "7/6/21", "7/7/21", "7/8/21", "7/9/21", "7/10/21", "7/11/21", "7/12/21", "7/13/21", "7/14/21", "7/15/21", "7/16/21", "7/17/21", "7/18/21", "7/19/21"], "original_values": [27, 36, 32, 55, 41, 49, 20, 27, 29, 49, 50, 35, 47, 30, 16, 10, 46, 39, 89, 43, 53, 33, 43, 46, 51, 56, 59, 44, 31]}