{"dates": ["6/24/21", "6/25/21", "6/26/21", "6/27/21", "6/28/21", "6/29/21", "6/30/21", "7/1/21", "7/2/21", "7/3/21", "7/4/21", "7/5/21", "7/6/21", "7/7/21", "7/8/21", "7/9/21", "7/10/21", "7/11/21", "7/12/21", "7/13/21", "7/14/21", "7/15/21"], "max_14": 33, "max": 3964, "value": [4.214285714285714, 4.071428571428571, 3.2857142857142856, 3.142857142857143, 3.0, 2.0, 0.5714285714285714, -0.21428571428571427, 0.07142857142857142, 0.42857142857142855, 0.35714285714285715, -0.07142857142857142, -1.2142857142857142, -2.2857142857142856, -3.0714285714285716, -3.357142857142857, -2.9285714285714284, -2.7142857142857144, -2.5714285714285716, -2.0, -1.6428571428571428, -1.5, -1.4285714285714286, -1.4285714285714286], "time": ["6/21/21", "6/22/21", "6/23/21", "6/24/21", "6/25/21", "6/26/21", "6/27/21", "6/28/21", "6/29/21", "6/30/21", "7/1/21", "7/2/21", "7/3/21", "7/4/21", "7/5/21", "7/6/21", "7/7/21", "7/8/21", "7/9/21", "7/10/21", "7/11/21", "7/12/21", "7/13/21", "7/14/21", "7/15/21", "7/16/21", "7/17/21", "7/18/21", "7/19/21"], "original_values": [0, -1, 1, 1, 12, 13, 7, -9, -3, 1, -1, 0, 5, 4, -2, -5, 2, -8, -9, -1, -1, -1, 0, 0, -4, -5, 0, 0, -1]}