{"dates": ["6/24/21", "6/25/21", "6/26/21", "6/27/21", "6/28/21", "6/29/21", "6/30/21", "7/1/21", "7/2/21", "7/3/21", "7/4/21", "7/5/21", "7/6/21", "7/7/21", "7/8/21", "7/9/21", "7/10/21", "7/11/21", "7/12/21", "7/13/21", "7/14/21", "7/15/21"], "max_14": 884, "max": 44594, "value": [15.714285714285714, 18.071428571428573, 18.857142857142858, 20.0, 21.928571428571427, 24.5, 23.142857142857142, 21.0, 23.928571428571427, 27.857142857142858, 31.928571428571427, 37.07142857142857, 42.57142857142857, 50.285714285714285, 56.142857142857146, 54.5, 54.142857142857146, 57.42857142857143, 60.42857142857143, 62.714285714285715, 63.92857142857143, 65.64285714285714, 70.42857142857143, 69.21428571428571], "time": ["6/21/21", "6/22/21", "6/23/21", "6/24/21", "6/25/21", "6/26/21", "6/27/21", "6/28/21", "6/29/21", "6/30/21", "7/1/21", "7/2/21", "7/3/21", "7/4/21", "7/5/21", "7/6/21", "7/7/21", "7/8/21", "7/9/21", "7/10/21", "7/11/21", "7/12/21", "7/13/21", "7/14/21", "7/15/21", "7/16/21", "7/17/21", "7/18/21", "7/19/21"], "original_values": [8, 13, 21, 17, 16, 21, 28, 13, 19, 31, 34, 35, -17, 36, 46, 41, 66, 71, 75, 51, 50, 9, 73, 80, 99, 79, 64, 61, 65]}