{"dates": ["6/24/21", "6/25/21", "6/26/21", "6/27/21", "6/28/21", "6/29/21", "6/30/21", "7/1/21", "7/2/21", "7/3/21", "7/4/21", "7/5/21", "7/6/21", "7/7/21", "7/8/21", "7/9/21", "7/10/21", "7/11/21", "7/12/21", "7/13/21", "7/14/21", "7/15/21"], "max_14": 213, "max": 31888, "value": [4.357142857142857, 4.571428571428571, 4.5, 4.0, 3.7142857142857144, 3.9285714285714284, 3.857142857142857, 3.7142857142857144, 3.2857142857142856, 3.7857142857142856, 5.071428571428571, 4.928571428571429, 5.071428571428571, 7.214285714285714, 9.0, 9.357142857142858, 9.571428571428571, 10.214285714285714, 13.571428571428571, 17.357142857142858, 18.0, 18.0, 19.642857142857142, 19.785714285714285], "time": ["6/21/21", "6/22/21", "6/23/21", "6/24/21", "6/25/21", "6/26/21", "6/27/21", "6/28/21", "6/29/21", "6/30/21", "7/1/21", "7/2/21", "7/3/21", "7/4/21", "7/5/21", "7/6/21", "7/7/21", "7/8/21", "7/9/21", "7/10/21", "7/11/21", "7/12/21", "7/13/21", "7/14/21", "7/15/21", "7/16/21", "7/17/21", "7/18/21", "7/19/21"], "original_values": [5, 3, 8, 5, 2, 6, 3, 5, 2, 2, 7, 3, 4, 3, -1, 15, 7, 0, 12, 25, 7, 0, 17, 14, 40, 25, 21, 11, 19]}