{"dates": ["6/24/21", "6/25/21", "6/26/21", "6/27/21", "6/28/21", "6/29/21", "6/30/21", "7/1/21", "7/2/21", "7/3/21", "7/4/21", "7/5/21", "7/6/21", "7/7/21", "7/8/21", "7/9/21", "7/10/21", "7/11/21", "7/12/21", "7/13/21", "7/14/21", "7/15/21"], "max_14": 48, "max": 4029, "value": [1.8571428571428572, 2.357142857142857, 3.0, 3.142857142857143, 3.2142857142857144, 2.7857142857142856, 2.2857142857142856, 2.2857142857142856, 1.7857142857142858, 2.142857142857143, 2.9285714285714284, 3.357142857142857, 4.071428571428571, 4.285714285714286, 4.285714285714286, 4.642857142857143, 4.0, 3.2142857142857144, 2.9285714285714284, 2.142857142857143, 1.8571428571428572, 1.8571428571428572, 1.8571428571428572, 1.5714285714285714], "time": ["6/21/21", "6/22/21", "6/23/21", "6/24/21", "6/25/21", "6/26/21", "6/27/21", "6/28/21", "6/29/21", "6/30/21", "7/1/21", "7/2/21", "7/3/21", "7/4/21", "7/5/21", "7/6/21", "7/7/21", "7/8/21", "7/9/21", "7/10/21", "7/11/21", "7/12/21", "7/13/21", "7/14/21", "7/15/21", "7/16/21", "7/17/21", "7/18/21", "7/19/21"], "original_values": [0, 4, 1, 0, 8, 0, 0, 7, 6, 1, 1, 1, 0, 0, 0, 18, 0, 8, 4, 0, 0, 5, 4, 3, 1, 0, 0, 0, 5]}