{"dates": ["6/24/21", "6/25/21", "6/26/21", "6/27/21", "6/28/21", "6/29/21", "6/30/21", "7/1/21", "7/2/21", "7/3/21", "7/4/21", "7/5/21", "7/6/21", "7/7/21", "7/8/21", "7/9/21", "7/10/21", "7/11/21", "7/12/21", "7/13/21", "7/14/21", "7/15/21"], "max_14": 89, "max": 2989, "value": [2.2142857142857144, 2.857142857142857, 3.5714285714285716, 4.214285714285714, 3.7142857142857144, 3.2857142857142856, 3.2142857142857144, 2.642857142857143, 2.357142857142857, 2.4285714285714284, 2.7857142857142856, 3.2142857142857144, 3.9285714285714284, 4.714285714285714, 5.714285714285714, 6.214285714285714, 5.928571428571429, 6.0, 6.642857142857143, 6.571428571428571, 6.357142857142857, 6.357142857142857, 6.357142857142857, 6.428571428571429], "time": ["6/21/21", "6/22/21", "6/23/21", "6/24/21", "6/25/21", "6/26/21", "6/27/21", "6/28/21", "6/29/21", "6/30/21", "7/1/21", "7/2/21", "7/3/21", "7/4/21", "7/5/21", "7/6/21", "7/7/21", "7/8/21", "7/9/21", "7/10/21", "7/11/21", "7/12/21", "7/13/21", "7/14/21", "7/15/21", "7/16/21", "7/17/21", "7/18/21", "7/19/21"], "original_values": [1, -3, 0, 11, -1, 5, 5, 5, 3, 3, 1, 3, 0, 2, 4, 5, 6, 4, 10, 4, 12, 1, 4, 8, 11, 2, 9, 7, 6]}