{"dates": ["6/24/21", "6/25/21", "6/26/21", "6/27/21", "6/28/21", "6/29/21", "6/30/21", "7/1/21", "7/2/21", "7/3/21", "7/4/21", "7/5/21", "7/6/21", "7/7/21", "7/8/21", "7/9/21", "7/10/21", "7/11/21", "7/12/21", "7/13/21", "7/14/21", "7/15/21"], "max_14": 62, "max": 6135, "value": [3.4285714285714284, 3.4285714285714284, 3.4285714285714284, 3.4285714285714284, 3.4285714285714284, 3.4285714285714284, 3.2142857142857144, 3.0, 3.0, 2.4285714285714284, 1.8571428571428572, 2.857142857142857, 4.857142857142857, 4.928571428571429, 4.0, 4.0, 4.642857142857143, 5.285714285714286, 4.285714285714286, 4.071428571428571, 4.857142857142857, 4.857142857142857, 4.857142857142857, 4.214285714285714], "time": ["6/21/21", "6/22/21", "6/23/21", "6/24/21", "6/25/21", "6/26/21", "6/27/21", "6/28/21", "6/29/21", "6/30/21", "7/1/21", "7/2/21", "7/3/21", "7/4/21", "7/5/21", "7/6/21", "7/7/21", "7/8/21", "7/9/21", "7/10/21", "7/11/21", "7/12/21", "7/13/21", "7/14/21", "7/15/21", "7/16/21", "7/17/21", "7/18/21", "7/19/21"], "original_values": [0, 8, 0, 0, 0, 16, 0, 0, 8, 0, 0, 0, 13, 0, 0, 0, 0, 14, 14, 0, 0, 0, 9, 0, 0, 25, 0, 0, 0]}