{"dates": ["6/24/21", "6/25/21", "6/26/21", "6/27/21", "6/28/21", "6/29/21", "6/30/21", "7/1/21", "7/2/21", "7/3/21", "7/4/21", "7/5/21", "7/6/21", "7/7/21", "7/8/21", "7/9/21", "7/10/21", "7/11/21", "7/12/21", "7/13/21", "7/14/21", "7/15/21"], "max_14": 78, "max": 11203, "value": [-55.285714285714285, -55.285714285714285, -54.642857142857146, -25.071428571428573, 3.4285714285714284, 2.7857142857142856, 2.2142857142857144, 1.8571428571428572, 1.8571428571428572, 2.5, 3.5714285714285716, 4.142857142857143, 4.142857142857143, 4.285714285714286, 4.571428571428571, 4.642857142857143, 5.285714285714286, 5.357142857142857, 5.214285714285714, 6.071428571428571, 6.571428571428571, 6.571428571428571, 6.5, 4.571428571428571], "time": ["6/21/21", "6/22/21", "6/23/21", "6/24/21", "6/25/21", "6/26/21", "6/27/21", "6/28/21", "6/29/21", "6/30/21", "7/1/21", "7/2/21", "7/3/21", "7/4/21", "7/5/21", "7/6/21", "7/7/21", "7/8/21", "7/9/21", "7/10/21", "7/11/21", "7/12/21", "7/13/21", "7/14/21", "7/15/21", "7/16/21", "7/17/21", "7/18/21", "7/19/21"], "original_values": [0, 0, -403, 7, 4, 5, 0, 0, 9, 2, 1, 1, 0, 0, 0, 18, 8, 3, -1, 4, 0, 1, 26, 1, 8, 6, 4, 0, 0]}