{"dates": ["6/24/21", "6/25/21", "6/26/21", "6/27/21", "6/28/21", "6/29/21", "6/30/21", "7/1/21", "7/2/21", "7/3/21", "7/4/21", "7/5/21", "7/6/21", "7/7/21", "7/8/21", "7/9/21", "7/10/21", "7/11/21", "7/12/21", "7/13/21", "7/14/21", "7/15/21"], "max_14": 115, "max": 7103, "value": [3.142857142857143, 3.357142857142857, 3.5714285714285716, 3.9285714285714284, 4.285714285714286, 3.642857142857143, 3.0, 3.0, 2.4285714285714284, 1.8571428571428572, 2.7857142857142856, 3.7142857142857144, 4.0, 4.642857142857143, 5.0, 5.142857142857143, 5.285714285714286, 5.642857142857143, 6.285714285714286, 7.214285714285714, 8.714285714285714, 10.214285714285714, 11.0, 11.142857142857142], "time": ["6/21/21", "6/22/21", "6/23/21", "6/24/21", "6/25/21", "6/26/21", "6/27/21", "6/28/21", "6/29/21", "6/30/21", "7/1/21", "7/2/21", "7/3/21", "7/4/21", "7/5/21", "7/6/21", "7/7/21", "7/8/21", "7/9/21", "7/10/21", "7/11/21", "7/12/21", "7/13/21", "7/14/21", "7/15/21", "7/16/21", "7/17/21", "7/18/21", "7/19/21"], "original_values": [5, 0, 7, 0, 10, 0, 0, 8, 0, 12, 0, 1, 0, 0, 0, 0, 25, 0, 5, 5, 0, 2, 0, 30, 4, 14, 17, 9, 4]}