{"dates": ["6/24/21", "6/25/21", "6/26/21", "6/27/21", "6/28/21", "6/29/21", "6/30/21", "7/1/21", "7/2/21", "7/3/21", "7/4/21", "7/5/21", "7/6/21", "7/7/21", "7/8/21", "7/9/21", "7/10/21", "7/11/21", "7/12/21", "7/13/21", "7/14/21", "7/15/21"], "max_14": 655, "max": 30622, "value": [21.285714285714285, 24.142857142857142, 26.214285714285715, 29.142857142857142, 31.571428571428573, 33.642857142857146, 33.5, 30.0, 25.928571428571427, 29.928571428571427, 33.785714285714285, 33.214285714285715, 36.214285714285715, 37.42857142857143, 37.42857142857143, 44.5, 45.42857142857143, 40.5, 40.0, 38.57142857142857, 38.857142857142854, 38.857142857142854, 40.42857142857143, 40.07142857142857], "time": ["6/21/21", "6/22/21", "6/23/21", "6/24/21", "6/25/21", "6/26/21", "6/27/21", "6/28/21", "6/29/21", "6/30/21", "7/1/21", "7/2/21", "7/3/21", "7/4/21", "7/5/21", "7/6/21", "7/7/21", "7/8/21", "7/9/21", "7/10/21", "7/11/21", "7/12/21", "7/13/21", "7/14/21", "7/15/21", "7/16/21", "7/17/21", "7/18/21", "7/19/21"], "original_values": [17, 11, 30, 33, 22, 23, 26, 31, 26, 56, 41, 43, 0, 0, 0, 113, 23, 66, 60, 0, 0, 99, 27, 40, 42, 64, 0, 0, 121]}