{"dates": ["6/24/21", "6/25/21", "6/26/21", "6/27/21", "6/28/21", "6/29/21", "6/30/21", "7/1/21", "7/2/21", "7/3/21", "7/4/21", "7/5/21", "7/6/21", "7/7/21", "7/8/21", "7/9/21", "7/10/21", "7/11/21", "7/12/21", "7/13/21", "7/14/21", "7/15/21"], "max_14": 2216, "max": 104456, "value": [66.28571428571429, 71.78571428571429, 73.92857142857143, 75.92857142857143, 77.71428571428571, 80.57142857142857, 82.28571428571429, 90.5, 98.14285714285714, 97.35714285714286, 101.14285714285714, 106.07142857142857, 112.35714285714286, 120.21428571428571, 120.28571428571429, 116.5, 126.85714285714286, 140.35714285714286, 155.0, 173.85714285714286, 190.0, 196.85714285714286, 197.5, 182.78571428571428], "time": ["6/21/21", "6/22/21", "6/23/21", "6/24/21", "6/25/21", "6/26/21", "6/27/21", "6/28/21", "6/29/21", "6/30/21", "7/1/21", "7/2/21", "7/3/21", "7/4/21", "7/5/21", "7/6/21", "7/7/21", "7/8/21", "7/9/21", "7/10/21", "7/11/21", "7/12/21", "7/13/21", "7/14/21", "7/15/21", "7/16/21", "7/17/21", "7/18/21", "7/19/21"], "original_values": [35, 81, 81, 95, 72, 73, 54, 58, 88, 102, 99, 108, 61, 181, 38, 97, 146, 124, 171, 108, 135, 31, 249, 183, 292, 267, 238, 101, 74]}