{"dates": ["6/24/21", "6/25/21", "6/26/21", "6/27/21", "6/28/21", "6/29/21", "6/30/21", "7/1/21", "7/2/21", "7/3/21", "7/4/21", "7/5/21", "7/6/21", "7/7/21", "7/8/21", "7/9/21", "7/10/21", "7/11/21", "7/12/21", "7/13/21", "7/14/21", "7/15/21"], "max_14": 52, "max": 3857, "value": [3.7142857142857144, 4.357142857142857, 5.285714285714286, 4.785714285714286, 4.071428571428571, 4.428571428571429, 4.714285714285714, 4.714285714285714, 3.642857142857143, 2.7142857142857144, 2.9285714285714284, 3.2142857142857144, 3.142857142857143, 2.857142857142857, 2.857142857142857, 3.5, 3.7857142857142856, 3.5714285714285716, 3.857142857142857, 4.285714285714286, 4.571428571428571, 4.571428571428571, 3.7857142857142856, 2.7857142857142856], "time": ["6/21/21", "6/22/21", "6/23/21", "6/24/21", "6/25/21", "6/26/21", "6/27/21", "6/28/21", "6/29/21", "6/30/21", "7/1/21", "7/2/21", "7/3/21", "7/4/21", "7/5/21", "7/6/21", "7/7/21", "7/8/21", "7/9/21", "7/10/21", "7/11/21", "7/12/21", "7/13/21", "7/14/21", "7/15/21", "7/16/21", "7/17/21", "7/18/21", "7/19/21"], "original_values": [6, 2, 12, 3, 3, 0, 0, 15, 6, 1, 4, 7, 0, 0, 0, 8, 2, 7, 3, 0, 0, 9, 3, 4, 9, 7, 0, 0, -2]}