{"dates": ["6/24/21", "6/25/21", "6/26/21", "6/27/21", "6/28/21", "6/29/21", "6/30/21", "7/1/21", "7/2/21", "7/3/21", "7/4/21", "7/5/21", "7/6/21", "7/7/21", "7/8/21", "7/9/21", "7/10/21", "7/11/21", "7/12/21", "7/13/21", "7/14/21", "7/15/21"], "max_14": 250, "max": 17145, "value": [5.0, 5.5, 5.642857142857143, 5.785714285714286, 6.357142857142857, 6.714285714285714, 5.714285714285714, 4.428571428571429, 3.857142857142857, 5.642857142857143, 8.214285714285714, 9.785714285714286, 11.0, 11.285714285714286, 11.285714285714286, 14.0, 16.214285714285715, 16.285714285714285, 16.642857142857142, 16.857142857142858, 17.285714285714285, 17.285714285714285, 18.142857142857142, 17.428571428571427], "time": ["6/21/21", "6/22/21", "6/23/21", "6/24/21", "6/25/21", "6/26/21", "6/27/21", "6/28/21", "6/29/21", "6/30/21", "7/1/21", "7/2/21", "7/3/21", "7/4/21", "7/5/21", "7/6/21", "7/7/21", "7/8/21", "7/9/21", "7/10/21", "7/11/21", "7/12/21", "7/13/21", "7/14/21", "7/15/21", "7/16/21", "7/17/21", "7/18/21", "7/19/21"], "original_values": [1, 1, 4, 5, 9, 12, 6, 2, 2, 5, 12, 7, 0, 0, 0, 29, 14, 25, 11, 0, 0, 38, 22, 22, 22, 17, 0, 0, 50]}