{"dates": ["6/24/21", "6/25/21", "6/26/21", "6/27/21", "6/28/21", "6/29/21", "6/30/21", "7/1/21", "7/2/21", "7/3/21", "7/4/21", "7/5/21", "7/6/21", "7/7/21", "7/8/21", "7/9/21", "7/10/21", "7/11/21", "7/12/21", "7/13/21", "7/14/21", "7/15/21"], "max_14": 95, "max": 8295, "value": [4.714285714285714, 5.857142857142857, 6.857142857142857, 8.357142857142858, 9.571428571428571, 10.214285714285714, 9.142857142857142, 7.857142857142857, 7.5, 7.0, 7.214285714285714, 7.071428571428571, 6.642857142857143, 7.0, 7.0, 7.0, 6.571428571428571, 4.714285714285714, 3.5, 3.9285714285714284, 4.571428571428571, 5.642857142857143, 6.428571428571429, 6.5], "time": ["6/21/21", "6/22/21", "6/23/21", "6/24/21", "6/25/21", "6/26/21", "6/27/21", "6/28/21", "6/29/21", "6/30/21", "7/1/21", "7/2/21", "7/3/21", "7/4/21", "7/5/21", "7/6/21", "7/7/21", "7/8/21", "7/9/21", "7/10/21", "7/11/21", "7/12/21", "7/13/21", "7/14/21", "7/15/21", "7/16/21", "7/17/21", "7/18/21", "7/19/21"], "original_values": [2, -1, 5, 6, 0, 15, 12, 6, 9, 16, 12, 3, -3, 12, 1, 7, 21, 5, 4, 1, 8, 5, -3, 5, 4, 11, 3, 21, 3]}