{"dates": ["6/24/21", "6/25/21", "6/26/21", "6/27/21", "6/28/21", "6/29/21", "6/30/21", "7/1/21", "7/2/21", "7/3/21", "7/4/21", "7/5/21", "7/6/21", "7/7/21", "7/8/21", "7/9/21", "7/10/21", "7/11/21", "7/12/21", "7/13/21", "7/14/21", "7/15/21"], "max_14": 446, "max": 119220, "value": [18.714285714285715, 18.571428571428573, 18.142857142857142, 16.071428571428573, 14.071428571428571, 14.428571428571429, 15.0, 15.0, 11.785714285714286, 13.857142857142858, 18.214285714285715, 16.5, 21.714285714285715, 27.714285714285715, 27.714285714285715, 27.714285714285715, 30.642857142857142, 33.57142857142857, 33.57142857142857, 34.785714285714285, 36.0, 36.0, 36.0, 27.0], "time": ["6/21/21", "6/22/21", "6/23/21", "6/24/21", "6/25/21", "6/26/21", "6/27/21", "6/28/21", "6/29/21", "6/30/21", "7/1/21", "7/2/21", "7/3/21", "7/4/21", "7/5/21", "7/6/21", "7/7/21", "7/8/21", "7/9/21", "7/10/21", "7/11/21", "7/12/21", "7/13/21", "7/14/21", "7/15/21", "7/16/21", "7/17/21", "7/18/21", "7/19/21"], "original_values": [47, 15, 38, 14, 17, 0, 0, 45, 11, 13, 11, 25, 0, 0, 0, 85, 0, 0, 109, 0, 0, 0, 126, 0, 0, 126, 0, 0, 0]}