{"dates": ["6/24/21", "6/25/21", "6/26/21", "6/27/21", "6/28/21", "6/29/21", "6/30/21", "7/1/21", "7/2/21", "7/3/21", "7/4/21", "7/5/21", "7/6/21", "7/7/21", "7/8/21", "7/9/21", "7/10/21", "7/11/21", "7/12/21", "7/13/21", "7/14/21", "7/15/21"], "max_14": 132, "max": 13729, "value": [4.285714285714286, 4.357142857142857, 4.428571428571429, 3.642857142857143, 2.9285714285714284, 3.142857142857143, 3.2142857142857144, 3.142857142857143, 2.642857142857143, 2.5714285714285716, 3.5, 4.5, 6.071428571428571, 7.142857142857143, 7.142857142857143, 8.571428571428571, 9.642857142857142, 9.285714285714286, 9.071428571428571, 7.642857142857143, 6.428571428571429, 7.142857142857143, 8.357142857142858, 8.642857142857142], "time": ["6/21/21", "6/22/21", "6/23/21", "6/24/21", "6/25/21", "6/26/21", "6/27/21", "6/28/21", "6/29/21", "6/30/21", "7/1/21", "7/2/21", "7/3/21", "7/4/21", "7/5/21", "7/6/21", "7/7/21", "7/8/21", "7/9/21", "7/10/21", "7/11/21", "7/12/21", "7/13/21", "7/14/21", "7/15/21", "7/16/21", "7/17/21", "7/18/21", "7/19/21"], "original_values": [6, 2, 17, 4, 0, 1, 0, 7, 2, 6, 5, 2, 0, 0, 0, 8, 13, 12, 17, 0, 0, 20, 3, 13, 9, 0, 0, 10, 27]}