{"dates": ["6/24/21", "6/25/21", "6/26/21", "6/27/21", "6/28/21", "6/29/21", "6/30/21", "7/1/21", "7/2/21", "7/3/21", "7/4/21", "7/5/21", "7/6/21", "7/7/21", "7/8/21", "7/9/21", "7/10/21", "7/11/21", "7/12/21", "7/13/21", "7/14/21", "7/15/21"], "max_14": 170, "max": 17274, "value": [9.142857142857142, 9.142857142857142, 9.0, 9.071428571428571, 8.785714285714286, 7.0, 5.857142857142857, 6.0, 6.0, 5.785714285714286, 5.142857142857143, 5.142857142857143, 5.928571428571429, 6.0, 5.714285714285714, 5.714285714285714, 6.5, 9.071428571428571, 12.642857142857142, 14.5, 16.571428571428573, 18.571428571428573, 18.571428571428573, 17.785714285714285], "time": ["6/21/21", "6/22/21", "6/23/21", "6/24/21", "6/25/21", "6/26/21", "6/27/21", "6/28/21", "6/29/21", "6/30/21", "7/1/21", "7/2/21", "7/3/21", "7/4/21", "7/5/21", "7/6/21", "7/7/21", "7/8/21", "7/9/21", "7/10/21", "7/11/21", "7/12/21", "7/13/21", "7/14/21", "7/15/21", "7/16/21", "7/17/21", "7/18/21", "7/19/21"], "original_values": [0, 5, 7, 15, 26, 11, 0, 0, 3, 10, 8, 8, 13, 0, 0, 0, 4, 14, 13, 9, 0, 0, 11, 29, 39, 14, 37, 0, 0]}