{"dates": ["6/24/21", "6/25/21", "6/26/21", "6/27/21", "6/28/21", "6/29/21", "6/30/21", "7/1/21", "7/2/21", "7/3/21", "7/4/21", "7/5/21", "7/6/21", "7/7/21", "7/8/21", "7/9/21", "7/10/21", "7/11/21", "7/12/21", "7/13/21", "7/14/21", "7/15/21"], "max_14": 99, "max": 9166, "value": [1.8571428571428572, 1.4285714285714286, 1.2142857142857142, 1.5714285714285714, 1.9285714285714286, 2.642857142857143, 3.142857142857143, 3.142857142857143, 3.0714285714285716, 3.2857142857142856, 3.5714285714285716, 3.642857142857143, 3.4285714285714284, 3.142857142857143, 3.142857142857143, 4.0, 4.571428571428571, 4.5, 4.928571428571429, 6.071428571428571, 7.0, 7.0, 8.142857142857142, 8.857142857142858], "time": ["6/21/21", "6/22/21", "6/23/21", "6/24/21", "6/25/21", "6/26/21", "6/27/21", "6/28/21", "6/29/21", "6/30/21", "7/1/21", "7/2/21", "7/3/21", "7/4/21", "7/5/21", "7/6/21", "7/7/21", "7/8/21", "7/9/21", "7/10/21", "7/11/21", "7/12/21", "7/13/21", "7/14/21", "7/15/21", "7/16/21", "7/17/21", "7/18/21", "7/19/21"], "original_values": [7, 3, 1, 4, -2, 0, 0, 1, 6, 3, 7, 5, 0, 0, 0, 10, 3, 8, 1, 0, 0, 12, 6, 6, 11, 14, 0, 0, 28]}