{"dates": ["6/24/21", "6/25/21", "6/26/21", "6/27/21", "6/28/21", "6/29/21", "6/30/21", "7/1/21", "7/2/21", "7/3/21", "7/4/21", "7/5/21", "7/6/21", "7/7/21", "7/8/21", "7/9/21", "7/10/21", "7/11/21", "7/12/21", "7/13/21", "7/14/21", "7/15/21"], "max_14": 220, "max": 26463, "value": [6.142857142857143, 6.571428571428571, 7.0, 6.571428571428571, 6.142857142857143, 5.0, 3.857142857142857, 3.857142857142857, 3.0, 2.142857142857143, 6.214285714285714, 10.285714285714286, 10.857142857142858, 12.071428571428571, 12.714285714285714, 13.714285714285714, 14.714285714285714, 12.214285714285714, 11.142857142857142, 12.0, 11.928571428571429, 13.428571428571429, 15.571428571428571, 16.714285714285715], "time": ["6/21/21", "6/22/21", "6/23/21", "6/24/21", "6/25/21", "6/26/21", "6/27/21", "6/28/21", "6/29/21", "6/30/21", "7/1/21", "7/2/21", "7/3/21", "7/4/21", "7/5/21", "7/6/21", "7/7/21", "7/8/21", "7/9/21", "7/10/21", "7/11/21", "7/12/21", "7/13/21", "7/14/21", "7/15/21", "7/16/21", "7/17/21", "7/18/21", "7/19/21"], "original_values": [6, 0, 7, 0, 30, 0, 0, 12, 0, 1, 0, 14, 0, 0, 0, 0, 58, 0, 22, 9, 0, 14, 0, 23, 20, 14, 16, 14, 30]}