{"dates": ["6/24/21", "6/25/21", "6/26/21", "6/27/21", "6/28/21", "6/29/21", "6/30/21", "7/1/21", "7/2/21", "7/3/21", "7/4/21", "7/5/21", "7/6/21", "7/7/21", "7/8/21", "7/9/21", "7/10/21", "7/11/21", "7/12/21", "7/13/21", "7/14/21", "7/15/21"], "max_14": 62, "max": 2165, "value": [1.6428571428571428, 1.7857142857142858, 1.9285714285714286, 2.142857142857143, 1.9285714285714286, 1.7857142857142858, 1.9285714285714286, 1.8571428571428572, 2.0714285714285716, 2.2142857142857144, 1.9285714285714286, 1.7857142857142858, 2.0, 2.357142857142857, 2.5714285714285716, 2.357142857142857, 2.9285714285714284, 4.142857142857143, 4.785714285714286, 4.714285714285714, 5.142857142857143, 6.0, 6.428571428571429, 5.857142857142857], "time": ["6/21/21", "6/22/21", "6/23/21", "6/24/21", "6/25/21", "6/26/21", "6/27/21", "6/28/21", "6/29/21", "6/30/21", "7/1/21", "7/2/21", "7/3/21", "7/4/21", "7/5/21", "7/6/21", "7/7/21", "7/8/21", "7/9/21", "7/10/21", "7/11/21", "7/12/21", "7/13/21", "7/14/21", "7/15/21", "7/16/21", "7/17/21", "7/18/21", "7/19/21"], "original_values": [0, 1, 1, 6, 2, 1, 1, 1, 2, 3, 1, 5, 0, 1, 4, 1, 0, 2, 7, 3, 1, 1, 12, 6, 5, 3, 13, 3, 5]}