{"dates": ["6/24/21", "6/25/21", "6/26/21", "6/27/21", "6/28/21", "6/29/21", "6/30/21", "7/1/21", "7/2/21", "7/3/21", "7/4/21", "7/5/21", "7/6/21", "7/7/21", "7/8/21", "7/9/21", "7/10/21", "7/11/21", "7/12/21", "7/13/21", "7/14/21", "7/15/21"], "max_14": 156, "max": 12656, "value": [3.2857142857142856, 3.857142857142857, 4.428571428571429, 4.214285714285714, 4.0, 3.7142857142857144, 3.4285714285714284, 3.4285714285714284, 2.7857142857142856, 2.142857142857143, 3.5, 4.857142857142857, 5.857142857142857, 8.0, 9.142857142857142, 9.428571428571429, 9.714285714285714, 9.642857142857142, 10.642857142857142, 11.714285714285714, 11.214285714285714, 11.857142857142858, 12.785714285714286, 12.571428571428571], "time": ["6/21/21", "6/22/21", "6/23/21", "6/24/21", "6/25/21", "6/26/21", "6/27/21", "6/28/21", "6/29/21", "6/30/21", "7/1/21", "7/2/21", "7/3/21", "7/4/21", "7/5/21", "7/6/21", "7/7/21", "7/8/21", "7/9/21", "7/10/21", "7/11/21", "7/12/21", "7/13/21", "7/14/21", "7/15/21", "7/16/21", "7/17/21", "7/18/21", "7/19/21"], "original_values": [1, 0, 11, 0, 11, 0, 0, 9, 0, 8, 0, 7, 0, 0, 0, 0, 27, 0, 21, 16, 0, 4, 0, 26, 15, 21, 9, 16, 1]}