{"dates": ["6/24/21", "6/25/21", "6/26/21", "6/27/21", "6/28/21", "6/29/21", "6/30/21", "7/1/21", "7/2/21", "7/3/21", "7/4/21", "7/5/21", "7/6/21", "7/7/21", "7/8/21", "7/9/21", "7/10/21", "7/11/21", "7/12/21", "7/13/21", "7/14/21", "7/15/21"], "max_14": 131, "max": 28233, "value": [8.0, 7.785714285714286, 7.357142857142857, 5.928571428571429, 3.357142857142857, 1.7857142857142858, 0.9285714285714286, 0.35714285714285715, 0.5, 0.5714285714285714, 1.1428571428571428, 2.0, 2.9285714285714284, 4.285714285714286, 5.214285714285714, 5.571428571428571, 6.071428571428571, 7.428571428571429, 9.428571428571429, 11.428571428571429, 11.785714285714286, 10.857142857142858, 11.785714285714286, 12.428571428571429], "time": ["6/21/21", "6/22/21", "6/23/21", "6/24/21", "6/25/21", "6/26/21", "6/27/21", "6/28/21", "6/29/21", "6/30/21", "7/1/21", "7/2/21", "7/3/21", "7/4/21", "7/5/21", "7/6/21", "7/7/21", "7/8/21", "7/9/21", "7/10/21", "7/11/21", "7/12/21", "7/13/21", "7/14/21", "7/15/21", "7/16/21", "7/17/21", "7/18/21", "7/19/21"], "original_values": [9, 6, 14, 19, 1, 6, 2, 4, 5, -5, 2, -4, -1, 1, 7, 3, 5, 4, 7, 7, 6, 7, 10, 17, 20, 19, 0, 0, 26]}