{"dates": ["6/24/21", "6/25/21", "6/26/21", "6/27/21", "6/28/21", "6/29/21", "6/30/21", "7/1/21", "7/2/21", "7/3/21", "7/4/21", "7/5/21", "7/6/21", "7/7/21", "7/8/21", "7/9/21", "7/10/21", "7/11/21", "7/12/21", "7/13/21", "7/14/21", "7/15/21"], "max_14": 88, "max": 7350, "value": [0.42857142857142855, 0.5714285714285714, 0.7142857142857143, 1.2857142857142858, 1.8571428571428572, 2.2142857142857144, 2.5714285714285716, 2.5714285714285716, 2.357142857142857, 2.142857142857143, 2.5, 2.857142857142857, 3.7142857142857144, 4.928571428571429, 5.285714285714286, 5.785714285714286, 6.285714285714286, 6.214285714285714, 6.785714285714286, 7.071428571428571, 6.714285714285714, 6.785714285714286, 6.571428571428571, 6.285714285714286], "time": ["6/21/21", "6/22/21", "6/23/21", "6/24/21", "6/25/21", "6/26/21", "6/27/21", "6/28/21", "6/29/21", "6/30/21", "7/1/21", "7/2/21", "7/3/21", "7/4/21", "7/5/21", "7/6/21", "7/7/21", "7/8/21", "7/9/21", "7/10/21", "7/11/21", "7/12/21", "7/13/21", "7/14/21", "7/15/21", "7/16/21", "7/17/21", "7/18/21", "7/19/21"], "original_values": [1, 0, 2, 0, 0, 0, 0, 3, 0, 10, 0, 5, 0, 0, 0, 0, 15, 0, 17, 5, 0, 7, 0, 14, 9, 12, 5, 1, 3]}