{"dates": ["6/24/21", "6/25/21", "6/26/21", "6/27/21", "6/28/21", "6/29/21", "6/30/21", "7/1/21", "7/2/21", "7/3/21", "7/4/21", "7/5/21", "7/6/21", "7/7/21", "7/8/21", "7/9/21", "7/10/21", "7/11/21", "7/12/21", "7/13/21", "7/14/21", "7/15/21"], "max_14": 104, "max": 3383, "value": [1.6428571428571428, 2.142857142857143, 2.4285714285714284, 2.4285714285714284, 2.4285714285714284, 3.0, 3.7142857142857144, 4.071428571428571, 4.285714285714286, 4.642857142857143, 5.357142857142857, 6.214285714285714, 6.785714285714286, 7.071428571428571, 7.285714285714286, 7.285714285714286, 7.571428571428571, 8.285714285714286, 8.714285714285714, 8.642857142857142, 8.142857142857142, 7.642857142857143, 7.571428571428571, 6.857142857142857], "time": ["6/21/21", "6/22/21", "6/23/21", "6/24/21", "6/25/21", "6/26/21", "6/27/21", "6/28/21", "6/29/21", "6/30/21", "7/1/21", "7/2/21", "7/3/21", "7/4/21", "7/5/21", "7/6/21", "7/7/21", "7/8/21", "7/9/21", "7/10/21", "7/11/21", "7/12/21", "7/13/21", "7/14/21", "7/15/21", "7/16/21", "7/17/21", "7/18/21", "7/19/21"], "original_values": [0, 1, 3, 0, 2, 3, 5, 2, 3, 1, 2, 8, 7, 6, 4, 6, 8, 7, 11, 8, 8, 2, 12, 12, 9, 8, 4, 5, 4]}