{"dates": ["6/24/21", "6/25/21", "6/26/21", "6/27/21", "6/28/21", "6/29/21", "6/30/21", "7/1/21", "7/2/21", "7/3/21", "7/4/21", "7/5/21", "7/6/21", "7/7/21", "7/8/21", "7/9/21", "7/10/21", "7/11/21", "7/12/21", "7/13/21", "7/14/21", "7/15/21"], "max_14": 82, "max": 6935, "value": [3.142857142857143, 2.9285714285714284, 2.5714285714285716, 2.7857142857142856, 3.0, 2.857142857142857, 2.5714285714285716, 2.2857142857142856, 2.0714285714285716, 2.2857142857142856, 2.4285714285714284, 1.9285714285714286, 1.5, 1.4285714285714286, 1.4285714285714286, 2.0714285714285716, 3.7142857142857144, 4.857142857142857, 5.642857142857143, 6.785714285714286, 7.285714285714286, 7.285714285714286, 8.142857142857142, 7.571428571428571], "time": ["6/21/21", "6/22/21", "6/23/21", "6/24/21", "6/25/21", "6/26/21", "6/27/21", "6/28/21", "6/29/21", "6/30/21", "7/1/21", "7/2/21", "7/3/21", "7/4/21", "7/5/21", "7/6/21", "7/7/21", "7/8/21", "7/9/21", "7/10/21", "7/11/21", "7/12/21", "7/13/21", "7/14/21", "7/15/21", "7/16/21", "7/17/21", "7/18/21", "7/19/21"], "original_values": [6, 2, 1, 7, 3, 2, 2, 1, 2, 4, 7, 1, 0, 0, 0, 6, 2, 2, 0, 0, 0, 9, 20, 4, 11, 7, 0, 0, 21]}