{"dates": ["6/24/21", "6/25/21", "6/26/21", "6/27/21", "6/28/21", "6/29/21", "6/30/21", "7/1/21", "7/2/21", "7/3/21", "7/4/21", "7/5/21", "7/6/21", "7/7/21", "7/8/21", "7/9/21", "7/10/21", "7/11/21", "7/12/21", "7/13/21", "7/14/21", "7/15/21"], "max_14": 65, "max": 21457, "value": [2.857142857142857, 2.857142857142857, 3.0, 2.357142857142857, 1.7142857142857142, 1.7857142857142858, 1.7142857142857142, 1.7142857142857142, 1.4285714285714286, 1.2857142857142858, 1.4285714285714286, 1.2857142857142858, 1.9285714285714286, 2.7142857142857144, 2.7142857142857144, 2.7142857142857144, 3.2857142857142856, 3.857142857142857, 3.857142857142857, 5.214285714285714, 6.571428571428571, 6.571428571428571, 6.571428571428571, 5.571428571428571], "time": ["6/21/21", "6/22/21", "6/23/21", "6/24/21", "6/25/21", "6/26/21", "6/27/21", "6/28/21", "6/29/21", "6/30/21", "7/1/21", "7/2/21", "7/3/21", "7/4/21", "7/5/21", "7/6/21", "7/7/21", "7/8/21", "7/9/21", "7/10/21", "7/11/21", "7/12/21", "7/13/21", "7/14/21", "7/15/21", "7/16/21", "7/17/21", "7/18/21", "7/19/21"], "original_values": [4, 2, 11, 0, 3, 0, 0, 4, 4, 0, 2, 2, 0, 0, 0, 6, 0, 0, 13, 0, 0, 0, 14, 0, 0, 32, 0, 0, 0]}