{"dates": ["6/24/21", "6/25/21", "6/26/21", "6/27/21", "6/28/21", "6/29/21", "6/30/21", "7/1/21", "7/2/21", "7/3/21", "7/4/21", "7/5/21", "7/6/21", "7/7/21", "7/8/21", "7/9/21", "7/10/21", "7/11/21", "7/12/21", "7/13/21", "7/14/21", "7/15/21"], "max_14": 42, "max": 7864, "value": [-26.571428571428573, -53.857142857142854, -54.0, -54.214285714285715, -54.57142857142857, -54.57142857142857, -54.42857142857143, -27.142857142857142, 0.21428571428571427, 0.21428571428571427, 0.6428571428571429, 1.5, 1.7142857142857142, 1.7857142857142858, 2.357142857142857, 2.7142857142857144, 3.0, 3.357142857142857, 3.5714285714285716, 4.142857142857143, 4.357142857142857, 3.642857142857143, 3.2142857142857144, 3.0], "time": ["6/21/21", "6/22/21", "6/23/21", "6/24/21", "6/25/21", "6/26/21", "6/27/21", "6/28/21", "6/29/21", "6/30/21", "7/1/21", "7/2/21", "7/3/21", "7/4/21", "7/5/21", "7/6/21", "7/7/21", "7/8/21", "7/9/21", "7/10/21", "7/11/21", "7/12/21", "7/13/21", "7/14/21", "7/15/21", "7/16/21", "7/17/21", "7/18/21", "7/19/21"], "original_values": [1, 1, 2, 0, 0, 0, -380, -1, 1, -1, -2, 2, 0, 2, 0, 0, 6, 3, 0, 3, 7, 0, 4, 7, 5, 6, 0, 0, 1]}