{"dates": ["6/24/21", "6/25/21", "6/26/21", "6/27/21", "6/28/21", "6/29/21", "6/30/21", "7/1/21", "7/2/21", "7/3/21", "7/4/21", "7/5/21", "7/6/21", "7/7/21", "7/8/21", "7/9/21", "7/10/21", "7/11/21", "7/12/21", "7/13/21", "7/14/21", "7/15/21"], "max_14": 88, "max": 16041, "value": [3.4285714285714284, 3.4285714285714284, 4.0, 3.9285714285714284, 3.642857142857143, 3.857142857142857, 4.214285714285714, 4.714285714285714, 4.714285714285714, 3.857142857142857, 3.7142857142857144, 3.857142857142857, 3.357142857142857, 3.357142857142857, 3.2857142857142856, 3.2857142857142856, 3.2857142857142856, 5.071428571428571, 8.071428571428571, 9.285714285714286, 9.285714285714286, 9.285714285714286, 9.285714285714286, 9.285714285714286], "time": ["6/21/21", "6/22/21", "6/23/21", "6/24/21", "6/25/21", "6/26/21", "6/27/21", "6/28/21", "6/29/21", "6/30/21", "7/1/21", "7/2/21", "7/3/21", "7/4/21", "7/5/21", "7/6/21", "7/7/21", "7/8/21", "7/9/21", "7/10/21", "7/11/21", "7/12/21", "7/13/21", "7/14/21", "7/15/21", "7/16/21", "7/17/21", "7/18/21", "7/19/21"], "original_values": [0, 4, 9, 3, 5, 3, 0, 0, 12, 0, 8, 3, 10, 0, 0, 0, 10, 0, 4, 9, 0, 0, 0, 35, 17, 4, 9, 0, 0]}