{"dates": ["6/24/21", "6/25/21", "6/26/21", "6/27/21", "6/28/21", "6/29/21", "6/30/21", "7/1/21", "7/2/21", "7/3/21", "7/4/21", "7/5/21", "7/6/21", "7/7/21", "7/8/21", "7/9/21", "7/10/21", "7/11/21", "7/12/21", "7/13/21", "7/14/21", "7/15/21"], "max_14": 93, "max": 3114, "value": [1.1428571428571428, 1.4285714285714286, 2.2857142857142856, 3.5714285714285716, 4.214285714285714, 4.071428571428571, 4.0, 4.0, 3.7142857142857144, 3.5, 3.5, 3.5714285714285716, 3.7857142857142856, 3.857142857142857, 3.857142857142857, 4.571428571428571, 4.571428571428571, 3.7857142857142856, 3.9285714285714284, 4.428571428571429, 4.714285714285714, 4.714285714285714, 6.357142857142857, 8.0], "time": ["6/21/21", "6/22/21", "6/23/21", "6/24/21", "6/25/21", "6/26/21", "6/27/21", "6/28/21", "6/29/21", "6/30/21", "7/1/21", "7/2/21", "7/3/21", "7/4/21", "7/5/21", "7/6/21", "7/7/21", "7/8/21", "7/9/21", "7/10/21", "7/11/21", "7/12/21", "7/13/21", "7/14/21", "7/15/21", "7/16/21", "7/17/21", "7/18/21", "7/19/21"], "original_values": [0, 1, 0, 4, 3, 0, 0, 4, 9, 10, 3, 2, 0, 0, 0, 10, 9, 5, 3, 0, 0, 10, 0, 8, 8, 7, 0, 0, 33]}