{"dates": ["6/24/21", "6/25/21", "6/26/21", "6/27/21", "6/28/21", "6/29/21", "6/30/21", "7/1/21", "7/2/21", "7/3/21", "7/4/21", "7/5/21", "7/6/21", "7/7/21", "7/8/21", "7/9/21", "7/10/21", "7/11/21", "7/12/21", "7/13/21", "7/14/21", "7/15/21"], "max_14": 129, "max": 4089, "value": [2.4285714285714284, 2.857142857142857, 3.357142857142857, 3.4285714285714284, 3.5714285714285716, 3.7857142857142856, 3.857142857142857, 3.857142857142857, 3.0, 2.9285714285714284, 4.571428571428571, 5.071428571428571, 5.142857142857143, 5.571428571428571, 5.571428571428571, 7.071428571428571, 8.285714285714286, 7.571428571428571, 7.928571428571429, 8.928571428571429, 9.142857142857142, 9.142857142857142, 9.5, 9.285714285714286], "time": ["6/21/21", "6/22/21", "6/23/21", "6/24/21", "6/25/21", "6/26/21", "6/27/21", "6/28/21", "6/29/21", "6/30/21", "7/1/21", "7/2/21", "7/3/21", "7/4/21", "7/5/21", "7/6/21", "7/7/21", "7/8/21", "7/9/21", "7/10/21", "7/11/21", "7/12/21", "7/13/21", "7/14/21", "7/15/21", "7/16/21", "7/17/21", "7/18/21", "7/19/21"], "original_values": [6, 0, 4, 5, 2, 0, 0, 12, 1, 4, 7, 3, 0, 0, 0, 12, 16, 2, 9, 0, 0, 21, 8, 10, 13, 12, 0, 0, 26]}