{"dates": ["6/24/21", "6/25/21", "6/26/21", "6/27/21", "6/28/21", "6/29/21", "6/30/21", "7/1/21", "7/2/21", "7/3/21", "7/4/21", "7/5/21", "7/6/21", "7/7/21", "7/8/21", "7/9/21", "7/10/21", "7/11/21", "7/12/21", "7/13/21", "7/14/21", "7/15/21"], "max_14": 151, "max": 11638, "value": [4.857142857142857, 4.857142857142857, 5.785714285714286, 6.714285714285714, 6.714285714285714, 6.714285714285714, 6.857142857142857, 7.0, 7.0, 5.142857142857143, 3.2857142857142856, 5.142857142857143, 9.285714285714286, 9.928571428571429, 8.285714285714286, 8.285714285714286, 10.428571428571429, 12.571428571428571, 10.714285714285714, 11.071428571428571, 13.285714285714286, 13.285714285714286, 13.285714285714286, 11.142857142857142], "time": ["6/21/21", "6/22/21", "6/23/21", "6/24/21", "6/25/21", "6/26/21", "6/27/21", "6/28/21", "6/29/21", "6/30/21", "7/1/21", "7/2/21", "7/3/21", "7/4/21", "7/5/21", "7/6/21", "7/7/21", "7/8/21", "7/9/21", "7/10/21", "7/11/21", "7/12/21", "7/13/21", "7/14/21", "7/15/21", "7/16/21", "7/17/21", "7/18/21", "7/19/21"], "original_values": [0, 13, 0, 0, 0, 21, 0, 0, 26, 0, 0, 0, 23, 0, 0, 0, 0, 26, 32, 0, 0, 0, 30, 0, 0, 63, 0, 0, 0]}