{"dates": ["6/24/21", "6/25/21", "6/26/21", "6/27/21", "6/28/21", "6/29/21", "6/30/21", "7/1/21", "7/2/21", "7/3/21", "7/4/21", "7/5/21", "7/6/21", "7/7/21", "7/8/21", "7/9/21", "7/10/21", "7/11/21", "7/12/21", "7/13/21", "7/14/21", "7/15/21"], "max_14": 79, "max": 10304, "value": [2.5, 2.9285714285714284, 3.4285714285714284, 3.9285714285714284, 3.7142857142857144, 3.5714285714285716, 4.357142857142857, 4.857142857142857, 4.857142857142857, 4.571428571428571, 4.571428571428571, 4.571428571428571, 4.428571428571429, 3.9285714285714284, 3.5714285714285716, 3.7142857142857144, 3.5, 3.5714285714285716, 4.5, 5.5, 5.714285714285714, 5.214285714285714, 6.214285714285714, 7.642857142857143], "time": ["6/21/21", "6/22/21", "6/23/21", "6/24/21", "6/25/21", "6/26/21", "6/27/21", "6/28/21", "6/29/21", "6/30/21", "7/1/21", "7/2/21", "7/3/21", "7/4/21", "7/5/21", "7/6/21", "7/7/21", "7/8/21", "7/9/21", "7/10/21", "7/11/21", "7/12/21", "7/13/21", "7/14/21", "7/15/21", "7/16/21", "7/17/21", "7/18/21", "7/19/21"], "original_values": [0, 2, 1, 10, 1, 2, 3, 3, 6, 4, 4, 5, 9, 3, 3, 2, 8, 0, 7, 0, 7, 1, 1, 10, 11, 10, 0, 0, 22]}