{"dates": ["6/24/21", "6/25/21", "6/26/21", "6/27/21", "6/28/21", "6/29/21", "6/30/21", "7/1/21", "7/2/21", "7/3/21", "7/4/21", "7/5/21", "7/6/21", "7/7/21", "7/8/21", "7/9/21", "7/10/21", "7/11/21", "7/12/21", "7/13/21", "7/14/21", "7/15/21"], "max_14": 146, "max": 23267, "value": [6.142857142857143, 6.142857142857143, -1.9285714285714286, -13.142857142857142, -15.928571428571429, -14.714285714285714, -15.142857142857142, -16.285714285714285, -16.428571428571427, -8.214285714285714, 2.9285714285714284, 5.714285714285714, 5.0, 4.285714285714286, 4.0, 3.7142857142857144, 2.642857142857143, 1.7142857142857142, 0.8571428571428571, 1.2142857142857142, 9.0, 16.428571428571427, 17.285714285714285, 17.285714285714285], "time": ["6/21/21", "6/22/21", "6/23/21", "6/24/21", "6/25/21", "6/26/21", "6/27/21", "6/28/21", "6/29/21", "6/30/21", "7/1/21", "7/2/21", "7/3/21", "7/4/21", "7/5/21", "7/6/21", "7/7/21", "7/8/21", "7/9/21", "7/10/21", "7/11/21", "7/12/21", "7/13/21", "7/14/21", "7/15/21", "7/16/21", "7/17/21", "7/18/21", "7/19/21"], "original_values": [6, 7, 7, 5, 0, 16, 4, 2, -102, -41, 14, 8, 2, 2, 2, 13, 0, 12, 0, 0, 0, 0, 0, 0, 0, 17, 92, 12, 0]}