{"dates": ["6/24/21", "6/25/21", "6/26/21", "6/27/21", "6/28/21", "6/29/21", "6/30/21", "7/1/21", "7/2/21", "7/3/21", "7/4/21", "7/5/21", "7/6/21", "7/7/21", "7/8/21", "7/9/21", "7/10/21", "7/11/21", "7/12/21", "7/13/21", "7/14/21", "7/15/21"], "max_14": 1524, "max": 279746, "value": [41.07142857142857, 45.642857142857146, 46.07142857142857, 45.785714285714285, 45.357142857142854, 45.57142857142857, 46.142857142857146, 44.57142857142857, 43.642857142857146, 45.357142857142854, 47.642857142857146, 54.0, 62.142857142857146, 70.71428571428571, 83.07142857142857, 92.78571428571429, 99.85714285714286, 107.78571428571429, 111.07142857142857, 107.64285714285714, 110.42857142857143, 117.07142857142857, 120.0, 114.71428571428571], "time": ["6/21/21", "6/22/21", "6/23/21", "6/24/21", "6/25/21", "6/26/21", "6/27/21", "6/28/21", "6/29/21", "6/30/21", "7/1/21", "7/2/21", "7/3/21", "7/4/21", "7/5/21", "7/6/21", "7/7/21", "7/8/21", "7/9/21", "7/10/21", "7/11/21", "7/12/21", "7/13/21", "7/14/21", "7/15/21", "7/16/21", "7/17/21", "7/18/21", "7/19/21"], "original_values": [41, 32, 35, 58, 56, 37, 57, 48, 31, 32, 55, 62, 39, 33, 59, 44, 51, 125, 106, 115, 130, 98, 104, 102, 120, 63, 197, 141, 128]}