{"dates": ["6/24/21", "6/25/21", "6/26/21", "6/27/21", "6/28/21", "6/29/21", "6/30/21", "7/1/21", "7/2/21", "7/3/21", "7/4/21", "7/5/21", "7/6/21", "7/7/21", "7/8/21", "7/9/21", "7/10/21", "7/11/21", "7/12/21", "7/13/21", "7/14/21", "7/15/21"], "max_14": 187, "max": 15821, "value": [4.714285714285714, 5.571428571428571, 5.928571428571429, 6.214285714285714, 6.357142857142857, 6.714285714285714, 6.5, 5.285714285714286, 4.357142857142857, 4.571428571428571, 4.714285714285714, 4.357142857142857, 4.785714285714286, 5.142857142857143, 5.142857142857143, 7.214285714285714, 9.071428571428571, 9.785714285714286, 11.071428571428571, 12.571428571428571, 13.714285714285714, 13.714285714285714, 15.571428571428571, 16.857142857142858], "time": ["6/21/21", "6/22/21", "6/23/21", "6/24/21", "6/25/21", "6/26/21", "6/27/21", "6/28/21", "6/29/21", "6/30/21", "7/1/21", "7/2/21", "7/3/21", "7/4/21", "7/5/21", "7/6/21", "7/7/21", "7/8/21", "7/9/21", "7/10/21", "7/11/21", "7/12/21", "7/13/21", "7/14/21", "7/15/21", "7/16/21", "7/17/21", "7/18/21", "7/19/21"], "original_values": [1, 2, 6, 8, 3, 9, 8, 5, 3, 9, 7, 9, 0, 0, 0, 11, 3, 8, 14, 0, 0, 29, 8, 16, 13, 30, 0, 0, 55]}