{"dates": ["6/24/21", "6/25/21", "6/26/21", "6/27/21", "6/28/21", "6/29/21", "6/30/21", "7/1/21", "7/2/21", "7/3/21", "7/4/21", "7/5/21", "7/6/21", "7/7/21", "7/8/21", "7/9/21", "7/10/21", "7/11/21", "7/12/21", "7/13/21", "7/14/21", "7/15/21"], "max_14": 188, "max": 27386, "value": [4.857142857142857, 4.5, 4.285714285714286, 3.357142857142857, 1.7142857142857142, 1.7857142857142858, 2.4285714285714284, 2.4285714285714284, 1.4285714285714286, 1.4285714285714286, 3.4285714285714284, 6.071428571428571, 7.285714285714286, 6.857142857142857, 6.857142857142857, 8.214285714285714, 8.857142857142858, 8.785714285714286, 10.214285714285714, 11.428571428571429, 11.857142857142858, 11.857142857142858, 14.571428571428571, 16.357142857142858], "time": ["6/21/21", "6/22/21", "6/23/21", "6/24/21", "6/25/21", "6/26/21", "6/27/21", "6/28/21", "6/29/21", "6/30/21", "7/1/21", "7/2/21", "7/3/21", "7/4/21", "7/5/21", "7/6/21", "7/7/21", "7/8/21", "7/9/21", "7/10/21", "7/11/21", "7/12/21", "7/13/21", "7/14/21", "7/15/21", "7/16/21", "7/17/21", "7/18/21", "7/19/21"], "original_values": [19, 7, 5, 1, 2, 0, 0, 14, 9, -10, -7, 11, 0, 0, 0, 23, 4, 16, 5, 0, 0, 19, 13, 13, 27, 11, 0, 0, 57]}