{"dates": ["6/24/21", "6/25/21", "6/26/21", "6/27/21", "6/28/21", "6/29/21", "6/30/21", "7/1/21", "7/2/21", "7/3/21", "7/4/21", "7/5/21", "7/6/21", "7/7/21", "7/8/21", "7/9/21", "7/10/21", "7/11/21", "7/12/21", "7/13/21", "7/14/21", "7/15/21"], "max_14": 642, "max": 31822, "value": [14.428571428571429, 16.714285714285715, 19.785714285714285, 20.928571428571427, 21.857142857142858, 21.857142857142858, 21.285714285714285, 21.285714285714285, 16.928571428571427, 15.428571428571429, 19.0, 21.428571428571427, 25.642857142857142, 28.142857142857142, 28.142857142857142, 37.142857142857146, 44.714285714285715, 44.357142857142854, 45.57142857142857, 44.07142857142857, 42.42857142857143, 42.42857142857143, 44.0, 42.57142857142857], "time": ["6/21/21", "6/22/21", "6/23/21", "6/24/21", "6/25/21", "6/26/21", "6/27/21", "6/28/21", "6/29/21", "6/30/21", "7/1/21", "7/2/21", "7/3/21", "7/4/21", "7/5/21", "7/6/21", "7/7/21", "7/8/21", "7/9/21", "7/10/21", "7/11/21", "7/12/21", "7/13/21", "7/14/21", "7/15/21", "7/16/21", "7/17/21", "7/18/21", "7/19/21"], "original_values": [29, 11, 20, 14, 27, 0, 0, 61, 22, 25, 22, 19, 0, 0, 0, 62, 35, 46, 54, 0, 0, 126, 42, 50, 48, 31, 0, 0, 148]}