{"dates": ["6/24/21", "6/25/21", "6/26/21", "6/27/21", "6/28/21", "6/29/21", "6/30/21", "7/1/21", "7/2/21", "7/3/21", "7/4/21", "7/5/21", "7/6/21", "7/7/21", "7/8/21", "7/9/21", "7/10/21", "7/11/21", "7/12/21", "7/13/21", "7/14/21", "7/15/21"], "max_14": 874, "max": 90482, "value": [21.285714285714285, 19.214285714285715, 17.642857142857142, 17.142857142857142, 16.5, 18.142857142857142, 19.428571428571427, 19.428571428571427, 17.214285714285715, 21.642857142857142, 29.5, 32.357142857142854, 34.0, 34.0, 34.0, 43.07142857142857, 46.142857142857146, 42.785714285714285, 48.92857142857143, 54.142857142857146, 55.857142857142854, 55.857142857142854, 64.28571428571429, 70.42857142857143], "time": ["6/21/21", "6/22/21", "6/23/21", "6/24/21", "6/25/21", "6/26/21", "6/27/21", "6/28/21", "6/29/21", "6/30/21", "7/1/21", "7/2/21", "7/3/21", "7/4/21", "7/5/21", "7/6/21", "7/7/21", "7/8/21", "7/9/21", "7/10/21", "7/11/21", "7/12/21", "7/13/21", "7/14/21", "7/15/21", "7/16/21", "7/17/21", "7/18/21", "7/19/21"], "original_values": [60, 16, 26, 19, 28, 0, 0, 31, 23, 12, 24, 46, 0, 0, 0, 116, 29, 47, 46, 0, 0, 127, 32, 66, 96, 70, 0, 0, 245]}