{"dates": ["6/24/21", "6/25/21", "6/26/21", "6/27/21", "6/28/21", "6/29/21", "6/30/21", "7/1/21", "7/2/21", "7/3/21", "7/4/21", "7/5/21", "7/6/21", "7/7/21", "7/8/21", "7/9/21", "7/10/21", "7/11/21", "7/12/21", "7/13/21", "7/14/21", "7/15/21"], "max_14": 105, "max": 11612, "value": [4.0, 4.285714285714286, 4.5, 4.857142857142857, 4.642857142857143, 4.285714285714286, 4.285714285714286, 4.071428571428571, 3.7857142857142856, 3.857142857142857, 3.5, 2.7142857142857144, 3.142857142857143, 4.357142857142857, 5.785714285714286, 6.714285714285714, 6.5, 6.714285714285714, 7.428571428571429, 8.071428571428571, 7.642857142857143, 7.0, 7.714285714285714, 8.214285714285714], "time": ["6/21/21", "6/22/21", "6/23/21", "6/24/21", "6/25/21", "6/26/21", "6/27/21", "6/28/21", "6/29/21", "6/30/21", "7/1/21", "7/2/21", "7/3/21", "7/4/21", "7/5/21", "7/6/21", "7/7/21", "7/8/21", "7/9/21", "7/10/21", "7/11/21", "7/12/21", "7/13/21", "7/14/21", "7/15/21", "7/16/21", "7/17/21", "7/18/21", "7/19/21"], "original_values": [1, -1, 6, 11, 5, 4, 4, 1, 2, 8, 6, 5, 4, 1, 0, 4, 1, 2, 15, 11, 14, 0, 1, 7, 6, 20, 0, 16, 8]}