{"dates": ["6/24/21", "6/25/21", "6/26/21", "6/27/21", "6/28/21", "6/29/21", "6/30/21", "7/1/21", "7/2/21", "7/3/21", "7/4/21", "7/5/21", "7/6/21", "7/7/21", "7/8/21", "7/9/21", "7/10/21", "7/11/21", "7/12/21", "7/13/21", "7/14/21", "7/15/21"], "max_14": 235, "max": 9458, "value": [2.2857142857142856, 3.142857142857143, 3.7857142857142856, 3.7857142857142856, 5.285714285714286, 7.285714285714286, 8.0, 8.0, 6.857142857142857, 6.071428571428571, 7.571428571428571, 8.0, 7.928571428571429, 8.571428571428571, 8.571428571428571, 11.857142857142858, 15.428571428571429, 15.214285714285714, 15.642857142857142, 16.714285714285715, 16.857142857142858, 16.857142857142858, 17.642857142857142, 17.714285714285715], "time": ["6/21/21", "6/22/21", "6/23/21", "6/24/21", "6/25/21", "6/26/21", "6/27/21", "6/28/21", "6/29/21", "6/30/21", "7/1/21", "7/2/21", "7/3/21", "7/4/21", "7/5/21", "7/6/21", "7/7/21", "7/8/21", "7/9/21", "7/10/21", "7/11/21", "7/12/21", "7/13/21", "7/14/21", "7/15/21", "7/16/21", "7/17/21", "7/18/21", "7/19/21"], "original_values": [4, 4, 3, 2, 3, 0, 0, 16, 1, 6, 20, 13, 0, 0, 0, 6, 22, 10, 22, 0, 0, 46, 10, 15, 23, 24, 0, 0, 57]}