{"dates": ["6/24/21", "6/25/21", "6/26/21", "6/27/21", "6/28/21", "6/29/21", "6/30/21", "7/1/21", "7/2/21", "7/3/21", "7/4/21", "7/5/21", "7/6/21", "7/7/21", "7/8/21", "7/9/21", "7/10/21", "7/11/21", "7/12/21", "7/13/21", "7/14/21", "7/15/21"], "max_14": 61, "max": 5765, "value": [0.7142857142857143, 0.7857142857142857, 0.6428571428571429, 0.2857142857142857, 0.2857142857142857, 0.42857142857142855, 0.42857142857142855, 0.42857142857142855, 0.21428571428571427, 1.0714285714285714, 2.4285714285714284, 2.7142857142857144, 2.7857142857142856, 2.857142857142857, 2.857142857142857, 3.0714285714285716, 2.5, 1.8571428571428572, 2.142857142857143, 2.7142857142857144, 3.142857142857143, 3.142857142857143, 4.285714285714286, 5.214285714285714], "time": ["6/21/21", "6/22/21", "6/23/21", "6/24/21", "6/25/21", "6/26/21", "6/27/21", "6/28/21", "6/29/21", "6/30/21", "7/1/21", "7/2/21", "7/3/21", "7/4/21", "7/5/21", "7/6/21", "7/7/21", "7/8/21", "7/9/21", "7/10/21", "7/11/21", "7/12/21", "7/13/21", "7/14/21", "7/15/21", "7/16/21", "7/17/21", "7/18/21", "7/19/21"], "original_values": [2, 2, 1, -1, 1, 0, 0, 3, -1, -1, 1, 1, 0, 0, 0, 14, 3, 1, 2, 0, 0, 3, 3, 5, 3, 8, 0, 0, 19]}