{"dates": ["6/24/21", "6/25/21", "6/26/21", "6/27/21", "6/28/21", "6/29/21", "6/30/21", "7/1/21", "7/2/21", "7/3/21", "7/4/21", "7/5/21", "7/6/21", "7/7/21", "7/8/21", "7/9/21", "7/10/21", "7/11/21", "7/12/21", "7/13/21", "7/14/21", "7/15/21"], "max_14": 5964, "max": 256264, "value": [155.28571428571428, 155.28571428571428, 155.28571428571428, 155.28571428571428, 155.28571428571428, 182.64285714285714, 210.0, 210.0, 210.0, 210.0, 210.0, 210.0, 257.57142857142856, 305.14285714285717, 305.14285714285717, 305.14285714285717, 305.14285714285717, 305.14285714285717, 305.14285714285717, 426.0, 546.8571428571429, 546.8571428571429, 546.8571428571429, 546.8571428571429], "time": ["6/21/21", "6/22/21", "6/23/21", "6/24/21", "6/25/21", "6/26/21", "6/27/21", "6/28/21", "6/29/21", "6/30/21", "7/1/21", "7/2/21", "7/3/21", "7/4/21", "7/5/21", "7/6/21", "7/7/21", "7/8/21", "7/9/21", "7/10/21", "7/11/21", "7/12/21", "7/13/21", "7/14/21", "7/15/21", "7/16/21", "7/17/21", "7/18/21", "7/19/21"], "original_values": [0, 0, 0, 0, 1087, 0, 0, 0, 0, 0, 0, 1470, 0, 0, 0, 0, 0, 0, 2136, 0, 0, 0, 0, 0, 0, 3828, 0, 0, 0]}