{"dates": ["6/24/21", "6/25/21", "6/26/21", "6/27/21", "6/28/21", "6/29/21", "6/30/21", "7/1/21", "7/2/21", "7/3/21", "7/4/21", "7/5/21", "7/6/21", "7/7/21", "7/8/21", "7/9/21", "7/10/21", "7/11/21", "7/12/21", "7/13/21", "7/14/21", "7/15/21"], "max_14": 464, "max": 85015, "value": [18.285714285714285, 19.071428571428573, 19.714285714285715, 20.142857142857142, 17.714285714285715, 12.928571428571429, 11.142857142857142, 11.142857142857142, 9.142857142857142, 9.642857142857142, 12.642857142857142, 13.928571428571429, 15.857142857142858, 17.0, 17.0, 18.428571428571427, 20.5, 23.571428571428573, 27.571428571428573, 30.285714285714285, 31.428571428571427, 31.428571428571427, 38.92857142857143, 42.57142857142857], "time": ["6/21/21", "6/22/21", "6/23/21", "6/24/21", "6/25/21", "6/26/21", "6/27/21", "6/28/21", "6/29/21", "6/30/21", "7/1/21", "7/2/21", "7/3/21", "7/4/21", "7/5/21", "7/6/21", "7/7/21", "7/8/21", "7/9/21", "7/10/21", "7/11/21", "7/12/21", "7/13/21", "7/14/21", "7/15/21", "7/16/21", "7/17/21", "7/18/21", "7/19/21"], "original_values": [17, 12, 8, 43, 48, 0, 0, 28, 10, 16, 1, 23, 0, 0, 0, 45, 23, 12, 39, 0, 0, 20, 54, 57, 34, 55, 0, 0, 125]}