{"dates": ["6/24/21", "6/25/21", "6/26/21", "6/27/21", "6/28/21", "6/29/21", "6/30/21", "7/1/21", "7/2/21", "7/3/21", "7/4/21", "7/5/21", "7/6/21", "7/7/21", "7/8/21", "7/9/21", "7/10/21", "7/11/21", "7/12/21", "7/13/21", "7/14/21", "7/15/21"], "max_14": 111, "max": 5453, "value": [9.714285714285714, 9.642857142857142, 9.5, 8.214285714285714, 6.357142857142857, 5.357142857142857, 4.357142857142857, 3.7142857142857144, 3.5, 3.9285714285714284, 5.357142857142857, 6.0, 6.428571428571429, 7.0, 7.0, 7.357142857142857, 7.0, 5.857142857142857, 6.142857142857143, 6.571428571428571, 6.285714285714286, 6.285714285714286, 7.214285714285714, 7.571428571428571], "time": ["6/21/21", "6/22/21", "6/23/21", "6/24/21", "6/25/21", "6/26/21", "6/27/21", "6/28/21", "6/29/21", "6/30/21", "7/1/21", "7/2/21", "7/3/21", "7/4/21", "7/5/21", "7/6/21", "7/7/21", "7/8/21", "7/9/21", "7/10/21", "7/11/21", "7/12/21", "7/13/21", "7/14/21", "7/15/21", "7/16/21", "7/17/21", "7/18/21", "7/19/21"], "original_values": [4, 10, 18, 17, 10, 9, 0, 3, 9, 1, 8, 5, 0, 0, 0, 18, 12, 6, 13, 0, 0, 5, 8, 6, 16, 9, 0, 0, 18]}