{"dates": ["6/24/21", "6/25/21", "6/26/21", "6/27/21", "6/28/21", "6/29/21", "6/30/21", "7/1/21", "7/2/21", "7/3/21", "7/4/21", "7/5/21", "7/6/21", "7/7/21", "7/8/21", "7/9/21", "7/10/21", "7/11/21", "7/12/21", "7/13/21", "7/14/21", "7/15/21"], "max_14": 99, "max": 4540, "value": [37.142857142857146, 37.214285714285715, 40.857142857142854, 40.642857142857146, 32.142857142857146, 22.357142857142858, 12.642857142857142, 8.0, 7.857142857142857, 4.357142857142857, 1.4285714285714286, 2.357142857142857, 2.7142857142857144, 3.0, 3.5714285714285716, 3.7142857142857144, 4.428571428571429, 4.928571428571429, 4.785714285714286, 7.214285714285714, 10.142857142857142, 10.571428571428571, 10.428571428571429, 9.5], "time": ["6/21/21", "6/22/21", "6/23/21", "6/24/21", "6/25/21", "6/26/21", "6/27/21", "6/28/21", "6/29/21", "6/30/21", "7/1/21", "7/2/21", "7/3/21", "7/4/21", "7/5/21", "7/6/21", "7/7/21", "7/8/21", "7/9/21", "7/10/21", "7/11/21", "7/12/21", "7/13/21", "7/14/21", "7/15/21", "7/16/21", "7/17/21", "7/18/21", "7/19/21"], "original_values": [1, 0, 52, 66, 75, 66, 0, 2, 50, -1, 0, 4, 1, 0, 0, 3, 5, 7, 2, 7, 2, 0, 13, 2, 8, 35, 15, 0, 0]}