{"dates": ["6/24/21", "6/25/21", "6/26/21", "6/27/21", "6/28/21", "6/29/21", "6/30/21", "7/1/21", "7/2/21", "7/3/21", "7/4/21", "7/5/21", "7/6/21", "7/7/21", "7/8/21", "7/9/21", "7/10/21", "7/11/21", "7/12/21", "7/13/21", "7/14/21", "7/15/21"], "max_14": 1484, "max": 28032, "value": [18.428571428571427, 19.642857142857142, 21.214285714285715, 21.642857142857142, 23.428571428571427, 26.5, 27.857142857142858, 27.857142857142858, 23.928571428571427, 28.142857142857142, 40.785714285714285, 46.785714285714285, 53.0, 57.714285714285715, 57.714285714285715, 69.85714285714286, 76.5, 75.64285714285714, 86.21428571428571, 94.57142857142857, 97.0, 97.0, 113.5, 124.78571428571429], "time": ["6/21/21", "6/22/21", "6/23/21", "6/24/21", "6/25/21", "6/26/21", "6/27/21", "6/28/21", "6/29/21", "6/30/21", "7/1/21", "7/2/21", "7/3/21", "7/4/21", "7/5/21", "7/6/21", "7/7/21", "7/8/21", "7/9/21", "7/10/21", "7/11/21", "7/12/21", "7/13/21", "7/14/21", "7/15/21", "7/16/21", "7/17/21", "7/18/21", "7/19/21"], "original_values": [38, 31, 19, 18, 23, 0, 0, 55, 36, 20, 42, 42, 0, 0, 0, 150, 83, 63, 108, 0, 0, 170, 73, 148, 146, 142, 0, 0, 401]}