{"dates": ["6/24/21", "6/25/21", "6/26/21", "6/27/21", "6/28/21", "6/29/21", "6/30/21", "7/1/21", "7/2/21", "7/3/21", "7/4/21", "7/5/21", "7/6/21", "7/7/21", "7/8/21", "7/9/21", "7/10/21", "7/11/21", "7/12/21", "7/13/21", "7/14/21", "7/15/21"], "max_14": 1687, "max": 44111, "value": [19.428571428571427, 23.0, 26.571428571428573, 28.5, 30.428571428571427, 28.285714285714285, 26.142857142857142, 26.142857142857142, 19.714285714285715, 13.285714285714286, 30.5, 47.714285714285715, 61.5, 79.85714285714286, 84.42857142857143, 91.5, 98.57142857142857, 90.28571428571429, 94.5, 103.07142857142857, 105.14285714285714, 121.71428571428571, 137.35714285714286, 142.42857142857142], "time": ["6/21/21", "6/22/21", "6/23/21", "6/24/21", "6/25/21", "6/26/21", "6/27/21", "6/28/21", "6/29/21", "6/30/21", "7/1/21", "7/2/21", "7/3/21", "7/4/21", "7/5/21", "7/6/21", "7/7/21", "7/8/21", "7/9/21", "7/10/21", "7/11/21", "7/12/21", "7/13/21", "7/14/21", "7/15/21", "7/16/21", "7/17/21", "7/18/21", "7/19/21"], "original_values": [40, 0, 35, 0, 61, 0, 0, 90, 0, 62, 0, 31, 0, 0, 0, 0, 303, 0, 224, 64, 0, 99, 0, 187, 175, 169, 148, 148, 170]}