{"dates": ["6/24/21", "6/25/21", "6/26/21", "6/27/21", "6/28/21", "6/29/21", "6/30/21", "7/1/21", "7/2/21", "7/3/21", "7/4/21", "7/5/21", "7/6/21", "7/7/21", "7/8/21", "7/9/21", "7/10/21", "7/11/21", "7/12/21", "7/13/21", "7/14/21", "7/15/21"], "max_14": 265, "max": 70716, "value": [3.7142857142857144, 4.071428571428571, 4.214285714285714, 5.285714285714286, 6.857142857142857, 7.714285714285714, 7.642857142857143, 7.5, 7.642857142857143, 7.857142857142857, 7.785714285714286, 7.928571428571429, 8.357142857142858, 9.857142857142858, 11.5, 11.642857142857142, 12.428571428571429, 14.5, 16.714285714285715, 19.714285714285715, 22.571428571428573, 24.357142857142858, 25.785714285714285, 25.142857142857142], "time": ["6/21/21", "6/22/21", "6/23/21", "6/24/21", "6/25/21", "6/26/21", "6/27/21", "6/28/21", "6/29/21", "6/30/21", "7/1/21", "7/2/21", "7/3/21", "7/4/21", "7/5/21", "7/6/21", "7/7/21", "7/8/21", "7/9/21", "7/10/21", "7/11/21", "7/12/21", "7/13/21", "7/14/21", "7/15/21", "7/16/21", "7/17/21", "7/18/21", "7/19/21"], "original_values": [9, -1, 0, 3, 10, 1, 8, 6, 4, 10, 15, 10, 0, 7, 9, 4, 9, 18, 13, 18, 12, 6, 18, 24, 34, 39, 32, 23, 15]}