{"dates": ["6/24/21", "6/25/21", "6/26/21", "6/27/21", "6/28/21", "6/29/21", "6/30/21", "7/1/21", "7/2/21", "7/3/21", "7/4/21", "7/5/21", "7/6/21", "7/7/21", "7/8/21", "7/9/21", "7/10/21", "7/11/21", "7/12/21", "7/13/21", "7/14/21", "7/15/21"], "max_14": 106, "max": 2090, "value": [2.2857142857142856, 2.2142857142857144, 1.8571428571428572, 1.7857142857142858, 1.6428571428571428, 1.6428571428571428, 1.6428571428571428, 1.2857142857142858, 0.9285714285714286, 0.9285714285714286, 1.0, 1.1428571428571428, 1.0714285714285714, 1.2142857142857142, 1.9285714285714286, 2.642857142857143, 3.0714285714285716, 3.5, 4.5, 5.785714285714286, 7.0, 9.071428571428571, 11.357142857142858, 12.0], "time": ["6/21/21", "6/22/21", "6/23/21", "6/24/21", "6/25/21", "6/26/21", "6/27/21", "6/28/21", "6/29/21", "6/30/21", "7/1/21", "7/2/21", "7/3/21", "7/4/21", "7/5/21", "7/6/21", "7/7/21", "7/8/21", "7/9/21", "7/10/21", "7/11/21", "7/12/21", "7/13/21", "7/14/21", "7/15/21", "7/16/21", "7/17/21", "7/18/21", "7/19/21"], "original_values": [6, 0, 1, 3, 3, 1, 4, 1, 0, 0, 2, 4, 0, 0, 0, 1, 0, 4, 1, 5, 5, 5, 2, 5, 13, 10, 13, 26, 16]}