{"dates": ["6/24/21", "6/25/21", "6/26/21", "6/27/21", "6/28/21", "6/29/21", "6/30/21", "7/1/21", "7/2/21", "7/3/21", "7/4/21", "7/5/21", "7/6/21", "7/7/21", "7/8/21", "7/9/21", "7/10/21", "7/11/21", "7/12/21", "7/13/21", "7/14/21", "7/15/21"], "max_14": 160, "max": 9813, "value": [4.142857142857143, 4.071428571428571, 4.0, 3.7142857142857144, 3.4285714285714284, 3.2142857142857144, 3.0, 3.0, 2.4285714285714284, 1.8571428571428572, 3.0, 4.142857142857143, 5.285714285714286, 6.785714285714286, 7.142857142857143, 8.357142857142858, 9.571428571428571, 10.5, 12.357142857142858, 12.642857142857142, 12.428571428571429, 13.714285714285714, 13.928571428571429, 13.285714285714286], "time": ["6/21/21", "6/22/21", "6/23/21", "6/24/21", "6/25/21", "6/26/21", "6/27/21", "6/28/21", "6/29/21", "6/30/21", "7/1/21", "7/2/21", "7/3/21", "7/4/21", "7/5/21", "7/6/21", "7/7/21", "7/8/21", "7/9/21", "7/10/21", "7/11/21", "7/12/21", "7/13/21", "7/14/21", "7/15/21", "7/16/21", "7/17/21", "7/18/21", "7/19/21"], "original_values": [9, 0, 9, 0, 11, 0, 0, 8, 0, 5, 0, 8, 0, 0, 0, 0, 21, 0, 24, 5, 0, 17, 0, 34, 13, 15, 11, 12, 8]}