{"dates": ["6/24/21", "6/25/21", "6/26/21", "6/27/21", "6/28/21", "6/29/21", "6/30/21", "7/1/21", "7/2/21", "7/3/21", "7/4/21", "7/5/21", "7/6/21", "7/7/21", "7/8/21", "7/9/21", "7/10/21", "7/11/21", "7/12/21", "7/13/21", "7/14/21", "7/15/21"], "max_14": 331, "max": 56310, "value": [10.571428571428571, 11.214285714285714, 11.5, 12.785714285714286, 13.785714285714286, 13.928571428571429, 13.642857142857142, 12.5, 10.785714285714286, 8.857142857142858, 8.714285714285714, 10.285714285714286, 14.142857142857142, 19.071428571428573, 21.642857142857142, 23.142857142857142, 25.071428571428573, 25.357142857142858, 24.357142857142858, 22.357142857142858, 19.714285714285715, 20.0, 22.214285714285715, 22.071428571428573], "time": ["6/21/21", "6/22/21", "6/23/21", "6/24/21", "6/25/21", "6/26/21", "6/27/21", "6/28/21", "6/29/21", "6/30/21", "7/1/21", "7/2/21", "7/3/21", "7/4/21", "7/5/21", "7/6/21", "7/7/21", "7/8/21", "7/9/21", "7/10/21", "7/11/21", "7/12/21", "7/13/21", "7/14/21", "7/15/21", "7/16/21", "7/17/21", "7/18/21", "7/19/21"], "original_values": [9, 11, 11, 11, 14, 14, 8, 10, 14, 26, 10, 17, 7, -1, -5, 2, 36, 22, 59, 34, 8, 7, 17, 25, 19, 34, 22, 24, 22]}