{"dates": ["6/24/21", "6/25/21", "6/26/21", "6/27/21", "6/28/21", "6/29/21", "6/30/21", "7/1/21", "7/2/21", "7/3/21", "7/4/21", "7/5/21", "7/6/21", "7/7/21", "7/8/21", "7/9/21", "7/10/21", "7/11/21", "7/12/21", "7/13/21", "7/14/21", "7/15/21"], "max_14": 123, "max": 11135, "value": [3.142857142857143, 2.2857142857142856, 1.8571428571428572, 2.0714285714285716, 1.7142857142857142, 1.5714285714285714, 1.5714285714285714, 1.5714285714285714, 1.2142857142857142, -0.2857142857142857, -1.1428571428571428, -0.8571428571428571, -0.2857142857142857, 0.2857142857142857, 0.2857142857142857, 1.5714285714285714, 4.285714285714286, 6.857142857142857, 8.571428571428571, 9.928571428571429, 10.714285714285714, 10.714285714285714, 12.0, 12.571428571428571], "time": ["6/21/21", "6/22/21", "6/23/21", "6/24/21", "6/25/21", "6/26/21", "6/27/21", "6/28/21", "6/29/21", "6/30/21", "7/1/21", "7/2/21", "7/3/21", "7/4/21", "7/5/21", "7/6/21", "7/7/21", "7/8/21", "7/9/21", "7/10/21", "7/11/21", "7/12/21", "7/13/21", "7/14/21", "7/15/21", "7/16/21", "7/17/21", "7/18/21", "7/19/21"], "original_values": [17, 0, 2, 3, 0, 0, 0, 5, 6, -1, 1, 0, 0, 0, 0, -10, 3, 1, 8, 0, 0, 18, 10, 19, 9, 19, 0, 0, 36]}