{"dates": ["6/24/21", "6/25/21", "6/26/21", "6/27/21", "6/28/21", "6/29/21", "6/30/21", "7/1/21", "7/2/21", "7/3/21", "7/4/21", "7/5/21", "7/6/21", "7/7/21", "7/8/21", "7/9/21", "7/10/21", "7/11/21", "7/12/21", "7/13/21", "7/14/21", "7/15/21"], "max_14": 139, "max": 11721, "value": [2.7857142857142856, 3.0, 3.0, 3.0714285714285716, 3.4285714285714284, 3.7857142857142856, 3.2142857142857144, 2.357142857142857, 2.0, 3.2142857142857144, 4.785714285714286, 5.5, 6.214285714285714, 6.571428571428571, 6.571428571428571, 8.071428571428571, 8.714285714285714, 8.428571428571429, 9.0, 9.0, 9.0, 9.0, 9.642857142857142, 9.642857142857142], "time": ["6/21/21", "6/22/21", "6/23/21", "6/24/21", "6/25/21", "6/26/21", "6/27/21", "6/28/21", "6/29/21", "6/30/21", "7/1/21", "7/2/21", "7/3/21", "7/4/21", "7/5/21", "7/6/21", "7/7/21", "7/8/21", "7/9/21", "7/10/21", "7/11/21", "7/12/21", "7/13/21", "7/14/21", "7/15/21", "7/16/21", "7/17/21", "7/18/21", "7/19/21"], "original_values": [2, 2, 3, -1, 4, 7, 5, 0, 4, 2, 5, 3, 0, 0, 0, 21, 7, 10, 8, 0, 0, 21, 9, 15, 10, 8, 0, 0, 30]}