{"dates": ["6/24/21", "6/25/21", "6/26/21", "6/27/21", "6/28/21", "6/29/21", "6/30/21", "7/1/21", "7/2/21", "7/3/21", "7/4/21", "7/5/21", "7/6/21", "7/7/21", "7/8/21", "7/9/21", "7/10/21", "7/11/21", "7/12/21", "7/13/21", "7/14/21", "7/15/21"], "max_14": 156, "max": 4895, "value": [8.571428571428571, 7.714285714285714, 6.5, 6.214285714285714, 6.071428571428571, 5.714285714285714, 5.571428571428571, 5.571428571428571, 4.785714285714286, 4.571428571428571, 5.5, 5.714285714285714, 6.0, 6.428571428571429, 6.428571428571429, 8.071428571428571, 9.785714285714286, 10.714285714285714, 12.285714285714286, 13.071428571428571, 13.142857142857142, 13.142857142857142, 12.857142857142858, 11.285714285714286], "time": ["6/21/21", "6/22/21", "6/23/21", "6/24/21", "6/25/21", "6/26/21", "6/27/21", "6/28/21", "6/29/21", "6/30/21", "7/1/21", "7/2/21", "7/3/21", "7/4/21", "7/5/21", "7/6/21", "7/7/21", "7/8/21", "7/9/21", "7/10/21", "7/11/21", "7/12/21", "7/13/21", "7/14/21", "7/15/21", "7/16/21", "7/17/21", "7/18/21", "7/19/21"], "original_values": [23, 14, 5, 11, 7, 0, 0, 11, 9, 6, 8, 5, 0, 0, 0, 17, 11, 6, 11, 0, 0, 23, 18, 23, 16, 12, 0, 0, 19]}