{"dates": ["6/24/21", "6/25/21", "6/26/21", "6/27/21", "6/28/21", "6/29/21", "6/30/21", "7/1/21", "7/2/21", "7/3/21", "7/4/21", "7/5/21", "7/6/21", "7/7/21", "7/8/21", "7/9/21", "7/10/21", "7/11/21", "7/12/21", "7/13/21", "7/14/21", "7/15/21"], "max_14": 761, "max": 39594, "value": [14.857142857142858, 14.857142857142858, 15.857142857142858, 18.642857142857142, 20.642857142857142, 22.071428571428573, 23.785714285714285, 24.142857142857142, 24.0, 22.642857142857142, 19.071428571428573, 21.785714285714285, 28.0, 30.214285714285715, 31.285714285714285, 31.428571428571427, 37.07142857142857, 42.857142857142854, 48.07142857142857, 60.5, 72.57142857142857, 77.28571428571429, 77.28571428571429, 71.64285714285714], "time": ["6/21/21", "6/22/21", "6/23/21", "6/24/21", "6/25/21", "6/26/21", "6/27/21", "6/28/21", "6/29/21", "6/30/21", "7/1/21", "7/2/21", "7/3/21", "7/4/21", "7/5/21", "7/6/21", "7/7/21", "7/8/21", "7/9/21", "7/10/21", "7/11/21", "7/12/21", "7/13/21", "7/14/21", "7/15/21", "7/16/21", "7/17/21", "7/18/21", "7/19/21"], "original_values": [0, 5, 37, 29, 13, 20, 0, 0, 19, 62, 32, 30, 27, -2, 0, 0, 31, 101, 48, 40, 0, 0, 79, 33, 172, 151, 106, 0, 0]}