{"dates": ["6/24/21", "6/25/21", "6/26/21", "6/27/21", "6/28/21", "6/29/21", "6/30/21", "7/1/21", "7/2/21", "7/3/21", "7/4/21", "7/5/21", "7/6/21", "7/7/21", "7/8/21", "7/9/21", "7/10/21", "7/11/21", "7/12/21", "7/13/21", "7/14/21", "7/15/21"], "max_14": 371, "max": 13251, "value": [11.142857142857142, 10.5, 9.928571428571429, 9.785714285714286, 9.785714285714286, 10.357142857142858, 9.714285714285714, 8.714285714285714, 8.071428571428571, 9.928571428571429, 12.0, 13.428571428571429, 15.5, 15.714285714285714, 15.714285714285714, 21.0, 24.071428571428573, 23.5, 25.142857142857142, 25.285714285714285, 25.428571428571427, 25.428571428571427, 26.071428571428573, 25.428571428571427], "time": ["6/21/21", "6/22/21", "6/23/21", "6/24/21", "6/25/21", "6/26/21", "6/27/21", "6/28/21", "6/29/21", "6/30/21", "7/1/21", "7/2/21", "7/3/21", "7/4/21", "7/5/21", "7/6/21", "7/7/21", "7/8/21", "7/9/21", "7/10/21", "7/11/21", "7/12/21", "7/13/21", "7/14/21", "7/15/21", "7/16/21", "7/17/21", "7/18/21", "7/19/21"], "original_values": [18, 13, 16, 7, 10, 14, 0, 9, 14, 13, 10, 15, 0, 0, 0, 49, 7, 36, 18, 0, 0, 74, 18, 30, 36, 20, 0, 0, 83]}