{"dates": ["6/24/21", "6/25/21", "6/26/21", "6/27/21", "6/28/21", "6/29/21", "6/30/21", "7/1/21", "7/2/21", "7/3/21", "7/4/21", "7/5/21", "7/6/21", "7/7/21", "7/8/21", "7/9/21", "7/10/21", "7/11/21", "7/12/21", "7/13/21", "7/14/21", "7/15/21"], "max_14": 230, "max": 32621, "value": [6.285714285714286, 6.5, 6.714285714285714, 6.571428571428571, 7.142857142857143, 8.642857142857142, 8.714285714285714, 8.0, 6.214285714285714, 7.571428571428571, 10.714285714285714, 11.5, 11.5, 11.642857142857142, 12.571428571428571, 15.0, 15.071428571428571, 12.714285714285714, 11.714285714285714, 10.714285714285714, 15.5, 20.285714285714285, 17.857142857142858, 14.5], "time": ["6/21/21", "6/22/21", "6/23/21", "6/24/21", "6/25/21", "6/26/21", "6/27/21", "6/28/21", "6/29/21", "6/30/21", "7/1/21", "7/2/21", "7/3/21", "7/4/21", "7/5/21", "7/6/21", "7/7/21", "7/8/21", "7/9/21", "7/10/21", "7/11/21", "7/12/21", "7/13/21", "7/14/21", "7/15/21", "7/16/21", "7/17/21", "7/18/21", "7/19/21"], "original_values": [22, 2, 2, 8, 0, 10, 0, 25, 2, 0, 18, 11, 0, 0, 0, 46, 0, 29, 0, 13, 0, 34, 13, 0, 15, 0, 80, 0, 0]}