{"dates": ["6/24/21", "6/25/21", "6/26/21", "6/27/21", "6/28/21", "6/29/21", "6/30/21", "7/1/21", "7/2/21", "7/3/21", "7/4/21", "7/5/21", "7/6/21", "7/7/21", "7/8/21", "7/9/21", "7/10/21", "7/11/21", "7/12/21", "7/13/21", "7/14/21", "7/15/21"], "max_14": 238, "max": 14426, "value": [3.142857142857143, 4.428571428571429, 4.857142857142857, 3.4285714285714284, 2.2142857142857144, 2.5714285714285716, 2.5, 1.4285714285714286, -0.14285714285714285, 1.4285714285714286, 5.857142857142857, 8.142857142857142, 8.571428571428571, 8.857142857142858, 8.857142857142858, 11.357142857142858, 12.5, 12.214285714285714, 13.5, 14.571428571428571, 15.428571428571429, 15.428571428571429, 17.785714285714285, 18.857142857142858], "time": ["6/21/21", "6/22/21", "6/23/21", "6/24/21", "6/25/21", "6/26/21", "6/27/21", "6/28/21", "6/29/21", "6/30/21", "7/1/21", "7/2/21", "7/3/21", "7/4/21", "7/5/21", "7/6/21", "7/7/21", "7/8/21", "7/9/21", "7/10/21", "7/11/21", "7/12/21", "7/13/21", "7/14/21", "7/15/21", "7/16/21", "7/17/21", "7/18/21", "7/19/21"], "original_values": [4, 5, -8, 4, 8, 3, 12, 10, 5, -28, 7, 10, 0, 0, 0, 37, 2, 9, 14, 0, 0, 35, 18, 17, 12, 26, 0, 0, 68]}