{"dates": ["6/24/21", "6/25/21", "6/26/21", "6/27/21", "6/28/21", "6/29/21", "6/30/21", "7/1/21", "7/2/21", "7/3/21", "7/4/21", "7/5/21", "7/6/21", "7/7/21", "7/8/21", "7/9/21", "7/10/21", "7/11/21", "7/12/21", "7/13/21", "7/14/21", "7/15/21"], "max_14": 100, "max": 13849, "value": [2.2857142857142856, 1.6428571428571428, 1.0, 1.2857142857142858, 1.7142857142857142, 1.9285714285714286, 2.0714285714285716, 2.142857142857143, 2.0, 2.2857142857142856, 2.2142857142857144, 1.9285714285714286, 2.4285714285714284, 2.7142857142857144, 2.7142857142857144, 3.7857142857142856, 5.642857142857143, 6.785714285714286, 7.214285714285714, 6.928571428571429, 6.571428571428571, 7.642857142857143, 9.071428571428571, 8.214285714285714], "time": ["6/21/21", "6/22/21", "6/23/21", "6/24/21", "6/25/21", "6/26/21", "6/27/21", "6/28/21", "6/29/21", "6/30/21", "7/1/21", "7/2/21", "7/3/21", "7/4/21", "7/5/21", "7/6/21", "7/7/21", "7/8/21", "7/9/21", "7/10/21", "7/11/21", "7/12/21", "7/13/21", "7/14/21", "7/15/21", "7/16/21", "7/17/21", "7/18/21", "7/19/21"], "original_values": [11, 0, 5, 1, 0, -1, 0, 2, 0, 9, 3, 1, 0, 0, 0, 6, 2, 6, 5, 0, 0, 15, 17, 7, 7, 0, 0, 15, 20]}