{"dates": ["6/24/21", "6/25/21", "6/26/21", "6/27/21", "6/28/21", "6/29/21", "6/30/21", "7/1/21", "7/2/21", "7/3/21", "7/4/21", "7/5/21", "7/6/21", "7/7/21", "7/8/21", "7/9/21", "7/10/21", "7/11/21", "7/12/21", "7/13/21", "7/14/21", "7/15/21"], "max_14": 89, "max": 2746, "value": [6.0, 6.214285714285714, 5.785714285714286, 6.142857142857143, 7.071428571428571, 8.0, 7.5, 6.571428571428571, 6.857142857142857, 6.571428571428571, 6.571428571428571, 6.642857142857143, 6.857142857142857, 7.285714285714286, 6.714285714285714, 6.142857142857143, 7.0, 7.642857142857143, 7.357142857142857, 6.785714285714286, 6.285714285714286, 6.285714285714286, 6.428571428571429, 5.714285714285714], "time": ["6/21/21", "6/22/21", "6/23/21", "6/24/21", "6/25/21", "6/26/21", "6/27/21", "6/28/21", "6/29/21", "6/30/21", "7/1/21", "7/2/21", "7/3/21", "7/4/21", "7/5/21", "7/6/21", "7/7/21", "7/8/21", "7/9/21", "7/10/21", "7/11/21", "7/12/21", "7/13/21", "7/14/21", "7/15/21", "7/16/21", "7/17/21", "7/18/21", "7/19/21"], "original_values": [1, 9, 4, 4, -1, 23, 4, 0, 4, 14, 7, 9, 6, 8, 0, 0, 18, 4, 15, 6, 0, 0, 12, 15, 3, 8, 6, 0, 2]}