{"dates": ["6/24/21", "6/25/21", "6/26/21", "6/27/21", "6/28/21", "6/29/21", "6/30/21", "7/1/21", "7/2/21", "7/3/21", "7/4/21", "7/5/21", "7/6/21", "7/7/21", "7/8/21", "7/9/21", "7/10/21", "7/11/21", "7/12/21", "7/13/21", "7/14/21", "7/15/21"], "max_14": 104, "max": 2318, "value": [15.571428571428571, 15.0, 18.0, 18.071428571428573, 14.714285714285714, 15.285714285714286, 12.857142857142858, 10.214285714285714, 10.428571428571429, 11.142857142857142, 11.571428571428571, 11.428571428571429, 11.785714285714286, 12.214285714285714, 12.285714285714286, 12.142857142857142, 8.071428571428571, 4.214285714285714, 4.571428571428571, 4.357142857142857, 3.357142857142857, 2.7142857142857144, 2.7142857142857144, 2.5], "time": ["6/21/21", "6/22/21", "6/23/21", "6/24/21", "6/25/21", "6/26/21", "6/27/21", "6/28/21", "6/29/21", "6/30/21", "7/1/21", "7/2/21", "7/3/21", "7/4/21", "7/5/21", "7/6/21", "7/7/21", "7/8/21", "7/9/21", "7/10/21", "7/11/21", "7/12/21", "7/13/21", "7/14/21", "7/15/21", "7/16/21", "7/17/21", "7/18/21", "7/19/21"], "original_values": [8, 0, 51, 0, -3, 53, 0, 0, 50, 2, 2, 3, 13, 3, 0, 60, -2, 4, 6, 16, 1, 0, 3, 1, 6, 1, 7, 1, 0]}