{"dates": ["6/24/21", "6/25/21", "6/26/21", "6/27/21", "6/28/21", "6/29/21", "6/30/21", "7/1/21", "7/2/21", "7/3/21", "7/4/21", "7/5/21", "7/6/21", "7/7/21", "7/8/21", "7/9/21", "7/10/21", "7/11/21", "7/12/21", "7/13/21", "7/14/21", "7/15/21"], "max_14": 339, "max": 27884, "value": [11.5, 12.285714285714286, 11.785714285714286, 11.357142857142858, 11.571428571428571, 11.5, 10.642857142857142, 9.214285714285714, 8.0, 9.857142857142858, 11.714285714285714, 12.0, 13.357142857142858, 13.857142857142858, 13.857142857142858, 17.642857142857142, 20.0, 19.571428571428573, 21.142857142857142, 21.785714285714285, 21.857142857142858, 21.857142857142858, 24.428571428571427, 25.142857142857142], "time": ["6/21/21", "6/22/21", "6/23/21", "6/24/21", "6/25/21", "6/26/21", "6/27/21", "6/28/21", "6/29/21", "6/30/21", "7/1/21", "7/2/21", "7/3/21", "7/4/21", "7/5/21", "7/6/21", "7/7/21", "7/8/21", "7/9/21", "7/10/21", "7/11/21", "7/12/21", "7/13/21", "7/14/21", "7/15/21", "7/16/21", "7/17/21", "7/18/21", "7/19/21"], "original_values": [6, 21, 19, 10, 9, 11, 9, 8, 12, 22, 10, 8, 0, 0, 0, 46, 14, 22, 15, 0, 0, 53, 26, 28, 30, 16, 0, 0, 89]}