{"dates": ["6/24/21", "6/25/21", "6/26/21", "6/27/21", "6/28/21", "6/29/21", "6/30/21", "7/1/21", "7/2/21", "7/3/21", "7/4/21", "7/5/21", "7/6/21", "7/7/21", "7/8/21", "7/9/21", "7/10/21", "7/11/21", "7/12/21", "7/13/21", "7/14/21", "7/15/21"], "max_14": 115, "max": 3073, "value": [5.071428571428571, 5.285714285714286, 5.071428571428571, 4.785714285714286, 4.285714285714286, 4.0, 4.142857142857143, 4.142857142857143, 4.071428571428571, 4.285714285714286, 4.071428571428571, 4.0, 4.785714285714286, 5.0, 4.928571428571429, 5.285714285714286, 7.5, 11.357142857142858, 12.714285714285714, 11.928571428571429, 11.571428571428571, 11.5, 11.214285714285714, 8.642857142857142], "time": ["6/21/21", "6/22/21", "6/23/21", "6/24/21", "6/25/21", "6/26/21", "6/27/21", "6/28/21", "6/29/21", "6/30/21", "7/1/21", "7/2/21", "7/3/21", "7/4/21", "7/5/21", "7/6/21", "7/7/21", "7/8/21", "7/9/21", "7/10/21", "7/11/21", "7/12/21", "7/13/21", "7/14/21", "7/15/21", "7/16/21", "7/17/21", "7/18/21", "7/19/21"], "original_values": [2, 3, 8, 11, 6, 3, 5, 0, 2, 5, 7, 6, 5, 3, 1, 4, 0, 11, 13, 1, 6, 3, 33, 25, 5, 8, 1, 5, 0]}