{"dates": ["6/24/21", "6/25/21", "6/26/21", "6/27/21", "6/28/21", "6/29/21", "6/30/21", "7/1/21", "7/2/21", "7/3/21", "7/4/21", "7/5/21", "7/6/21", "7/7/21", "7/8/21", "7/9/21", "7/10/21", "7/11/21", "7/12/21", "7/13/21", "7/14/21", "7/15/21"], "max_14": 168, "max": 19991, "value": [3.5714285714285716, 3.9285714285714284, 5.214285714285714, 5.142857142857143, 4.071428571428571, 3.7142857142857144, 3.4285714285714284, 3.4285714285714284, 2.4285714285714284, 2.642857142857143, 5.142857142857143, 6.714285714285714, 7.0, 7.0, 7.0, 8.785714285714286, 9.214285714285714, 9.0, 11.285714285714286, 12.142857142857142, 11.857142857142858, 11.857142857142858, 12.642857142857142, 12.928571428571429], "time": ["6/21/21", "6/22/21", "6/23/21", "6/24/21", "6/25/21", "6/26/21", "6/27/21", "6/28/21", "6/29/21", "6/30/21", "7/1/21", "7/2/21", "7/3/21", "7/4/21", "7/5/21", "7/6/21", "7/7/21", "7/8/21", "7/9/21", "7/10/21", "7/11/21", "7/12/21", "7/13/21", "7/14/21", "7/15/21", "7/16/21", "7/17/21", "7/18/21", "7/19/21"], "original_values": [9, -4, 7, 0, 13, 0, 0, 14, 9, -7, -1, 9, 0, 0, 0, 26, 11, 3, 9, 0, 0, 25, 7, 27, 19, 5, 0, 0, 36]}