{"dates": ["6/24/21", "6/25/21", "6/26/21", "6/27/21", "6/28/21", "6/29/21", "6/30/21", "7/1/21", "7/2/21", "7/3/21", "7/4/21", "7/5/21", "7/6/21", "7/7/21", "7/8/21", "7/9/21", "7/10/21", "7/11/21", "7/12/21", "7/13/21", "7/14/21", "7/15/21"], "max_14": 142, "max": 16838, "value": [6.071428571428571, 6.357142857142857, 5.571428571428571, 4.571428571428571, 4.0, 4.428571428571429, 4.285714285714286, 3.0714285714285716, 2.357142857142857, 3.9285714285714284, 6.357142857142857, 6.785714285714286, 6.642857142857143, 6.857142857142857, 6.857142857142857, 8.428571428571429, 8.571428571428571, 6.642857142857143, 6.857142857142857, 8.071428571428571, 8.571428571428571, 8.571428571428571, 9.428571428571429, 9.857142857142858], "time": ["6/21/21", "6/22/21", "6/23/21", "6/24/21", "6/25/21", "6/26/21", "6/27/21", "6/28/21", "6/29/21", "6/30/21", "7/1/21", "7/2/21", "7/3/21", "7/4/21", "7/5/21", "7/6/21", "7/7/21", "7/8/21", "7/9/21", "7/10/21", "7/11/21", "7/12/21", "7/13/21", "7/14/21", "7/15/21", "7/16/21", "7/17/21", "7/18/21", "7/19/21"], "original_values": [6, 9, 5, 8, 2, 8, 9, 1, 3, -3, 8, 8, 0, 0, 0, 26, 8, 3, 11, 0, 0, 22, 6, 1, 13, 18, 0, 0, 34]}