{"dates": ["6/24/21", "6/25/21", "6/26/21", "6/27/21", "6/28/21", "6/29/21", "6/30/21", "7/1/21", "7/2/21", "7/3/21", "7/4/21", "7/5/21", "7/6/21", "7/7/21", "7/8/21", "7/9/21", "7/10/21", "7/11/21", "7/12/21", "7/13/21", "7/14/21", "7/15/21"], "max_14": 2142, "max": 75088, "value": [56.0, 56.0, 56.0, 56.0, 56.0, 63.285714285714285, 70.57142857142857, 70.57142857142857, 70.57142857142857, 70.57142857142857, 70.57142857142857, 70.57142857142857, 85.07142857142857, 99.57142857142857, 99.57142857142857, 99.57142857142857, 99.57142857142857, 99.57142857142857, 99.57142857142857, 153.0, 206.42857142857142, 206.42857142857142, 206.42857142857142, 206.42857142857142], "time": ["6/21/21", "6/22/21", "6/23/21", "6/24/21", "6/25/21", "6/26/21", "6/27/21", "6/28/21", "6/29/21", "6/30/21", "7/1/21", "7/2/21", "7/3/21", "7/4/21", "7/5/21", "7/6/21", "7/7/21", "7/8/21", "7/9/21", "7/10/21", "7/11/21", "7/12/21", "7/13/21", "7/14/21", "7/15/21", "7/16/21", "7/17/21", "7/18/21", "7/19/21"], "original_values": [0, 0, 0, 0, 392, 0, 0, 0, 0, 0, 0, 494, 0, 0, 0, 0, 0, 0, 697, 0, 0, 0, 0, 0, 0, 1445, 0, 0, 0]}