{"dates": ["6/24/21", "6/25/21", "6/26/21", "6/27/21", "6/28/21", "6/29/21", "6/30/21", "7/1/21", "7/2/21", "7/3/21", "7/4/21", "7/5/21", "7/6/21", "7/7/21", "7/8/21", "7/9/21", "7/10/21", "7/11/21", "7/12/21", "7/13/21", "7/14/21", "7/15/21"], "max_14": 145, "max": 14814, "value": [3.857142857142857, 3.5714285714285716, 3.2857142857142856, 2.7857142857142856, 2.2857142857142856, 2.0714285714285716, 1.8571428571428572, 1.8571428571428572, 1.4285714285714286, 1.0, 2.5714285714285716, 4.142857142857143, 4.857142857142857, 6.214285714285714, 6.857142857142857, 7.857142857142857, 8.857142857142858, 9.142857142857142, 11.214285714285714, 12.571428571428571, 12.071428571428571, 12.5, 12.428571428571429, 11.857142857142858], "time": ["6/21/21", "6/22/21", "6/23/21", "6/24/21", "6/25/21", "6/26/21", "6/27/21", "6/28/21", "6/29/21", "6/30/21", "7/1/21", "7/2/21", "7/3/21", "7/4/21", "7/5/21", "7/6/21", "7/7/21", "7/8/21", "7/9/21", "7/10/21", "7/11/21", "7/12/21", "7/13/21", "7/14/21", "7/15/21", "7/16/21", "7/17/21", "7/18/21", "7/19/21"], "original_values": [10, 0, 11, 0, 6, 0, 0, 6, 0, 4, 0, 3, 0, 0, 0, 0, 26, 0, 13, 9, 0, 14, 0, 30, 25, 7, 8, 7, 6]}