{"dates": ["6/24/21", "6/25/21", "6/26/21", "6/27/21", "6/28/21", "6/29/21", "6/30/21", "7/1/21", "7/2/21", "7/3/21", "7/4/21", "7/5/21", "7/6/21", "7/7/21", "7/8/21", "7/9/21", "7/10/21", "7/11/21", "7/12/21", "7/13/21", "7/14/21", "7/15/21"], "max_14": 421, "max": 5545, "value": [7.142857142857143, 8.357142857142858, 10.285714285714286, 10.714285714285714, 12.071428571428571, 13.857142857142858, 14.0, 14.0, 11.571428571428571, 11.714285714285714, 14.928571428571429, 14.428571428571429, 14.142857142857142, 15.0, 15.0, 19.142857142857142, 21.928571428571427, 21.928571428571427, 24.785714285714285, 27.571428571428573, 28.857142857142858, 28.857142857142858, 32.857142857142854, 34.92857142857143], "time": ["6/21/21", "6/22/21", "6/23/21", "6/24/21", "6/25/21", "6/26/21", "6/27/21", "6/28/21", "6/29/21", "6/30/21", "7/1/21", "7/2/21", "7/3/21", "7/4/21", "7/5/21", "7/6/21", "7/7/21", "7/8/21", "7/9/21", "7/10/21", "7/11/21", "7/12/21", "7/13/21", "7/14/21", "7/15/21", "7/16/21", "7/17/21", "7/18/21", "7/19/21"], "original_values": [17, 0, 14, 11, 8, 0, 0, 34, 10, 10, 34, 10, 0, 0, 0, 46, 19, 18, 22, 0, 0, 58, 27, 38, 39, 40, 0, 0, 114]}