{"dates": ["6/24/21", "6/25/21", "6/26/21", "6/27/21", "6/28/21", "6/29/21", "6/30/21", "7/1/21", "7/2/21", "7/3/21", "7/4/21", "7/5/21", "7/6/21", "7/7/21", "7/8/21", "7/9/21", "7/10/21", "7/11/21", "7/12/21", "7/13/21", "7/14/21", "7/15/21"], "max_14": 70, "max": 2830, "value": [1.1428571428571428, 1.1428571428571428, 0.7142857142857143, 1.6428571428571428, 3.142857142857143, 3.2857142857142856, 3.2857142857142856, 3.2857142857142856, 3.2857142857142856, 3.2857142857142856, 2.7142857142857144, 2.0, 1.8571428571428572, 1.8571428571428572, 1.8571428571428572, 2.857142857142857, 3.857142857142857, 3.4285714285714284, 3.0, 3.0, 3.0, 4.285714285714286, 5.857142857142857, 6.142857142857143], "time": ["6/21/21", "6/22/21", "6/23/21", "6/24/21", "6/25/21", "6/26/21", "6/27/21", "6/28/21", "6/29/21", "6/30/21", "7/1/21", "7/2/21", "7/3/21", "7/4/21", "7/5/21", "7/6/21", "7/7/21", "7/8/21", "7/9/21", "7/10/21", "7/11/21", "7/12/21", "7/13/21", "7/14/21", "7/15/21", "7/16/21", "7/17/21", "7/18/21", "7/19/21"], "original_values": [0, 6, 2, 0, 0, 0, 0, 0, 0, 21, 2, 0, 0, 0, 0, 0, 13, 0, 0, 0, 0, 14, 0, 7, 0, 0, 0, 18, 18]}