{"dates": ["6/24/21", "6/25/21", "6/26/21", "6/27/21", "6/28/21", "6/29/21", "6/30/21", "7/1/21", "7/2/21", "7/3/21", "7/4/21", "7/5/21", "7/6/21", "7/7/21", "7/8/21", "7/9/21", "7/10/21", "7/11/21", "7/12/21", "7/13/21", "7/14/21", "7/15/21"], "max_14": 86, "max": 12753, "value": [4.142857142857143, 3.4285714285714284, 2.7142857142857144, 3.0714285714285716, 3.642857142857143, 3.642857142857143, 3.4285714285714284, 3.4285714285714284, 3.357142857142857, 4.785714285714286, 5.785714285714286, 4.857142857142857, 4.357142857142857, 4.285714285714286, 4.285714285714286, 5.142857142857143, 4.285714285714286, 2.857142857142857, 3.2142857142857144, 4.142857142857143, 5.0, 5.0, 5.642857142857143, 6.214285714285714], "time": ["6/21/21", "6/22/21", "6/23/21", "6/24/21", "6/25/21", "6/26/21", "6/27/21", "6/28/21", "6/29/21", "6/30/21", "7/1/21", "7/2/21", "7/3/21", "7/4/21", "7/5/21", "7/6/21", "7/7/21", "7/8/21", "7/9/21", "7/10/21", "7/11/21", "7/12/21", "7/13/21", "7/14/21", "7/15/21", "7/16/21", "7/17/21", "7/18/21", "7/19/21"], "original_values": [11, 4, 2, 6, 6, 0, 0, 1, 4, 7, 9, 3, 0, 0, 0, 25, 0, 3, 2, 0, 0, 12, 1, 4, 4, 14, 0, 0, 21]}