{"dates": ["6/24/21", "6/25/21", "6/26/21", "6/27/21", "6/28/21", "6/29/21", "6/30/21", "7/1/21", "7/2/21", "7/3/21", "7/4/21", "7/5/21", "7/6/21", "7/7/21", "7/8/21", "7/9/21", "7/10/21", "7/11/21", "7/12/21", "7/13/21", "7/14/21", "7/15/21"], "max_14": 136, "max": 16425, "value": [3.857142857142857, 3.5714285714285716, 3.2857142857142856, 3.2857142857142856, 3.5714285714285716, 3.857142857142857, 3.857142857142857, 3.857142857142857, 3.357142857142857, 4.071428571428571, 5.285714285714286, 4.642857142857143, 4.0, 4.0, 4.0, 6.428571428571429, 7.642857142857143, 6.428571428571429, 7.357142857142857, 8.285714285714286, 8.285714285714286, 8.285714285714286, 9.428571428571429, 10.571428571428571], "time": ["6/21/21", "6/22/21", "6/23/21", "6/24/21", "6/25/21", "6/26/21", "6/27/21", "6/28/21", "6/29/21", "6/30/21", "7/1/21", "7/2/21", "7/3/21", "7/4/21", "7/5/21", "7/6/21", "7/7/21", "7/8/21", "7/9/21", "7/10/21", "7/11/21", "7/12/21", "7/13/21", "7/14/21", "7/15/21", "7/16/21", "7/17/21", "7/18/21", "7/19/21"], "original_values": [11, 0, 0, 16, 0, 0, 0, 7, 0, 0, 20, 0, 0, 0, 0, 17, 0, 11, 0, 0, 0, 34, 0, 0, 24, 0, 0, 0, 50]}