{"dates": ["6/24/21", "6/25/21", "6/26/21", "6/27/21", "6/28/21", "6/29/21", "6/30/21", "7/1/21", "7/2/21", "7/3/21", "7/4/21", "7/5/21", "7/6/21", "7/7/21", "7/8/21", "7/9/21", "7/10/21", "7/11/21", "7/12/21", "7/13/21", "7/14/21", "7/15/21"], "max_14": 841, "max": 21740, "value": [10.428571428571429, 10.428571428571429, 10.428571428571429, 10.428571428571429, 10.428571428571429, 12.642857142857142, 14.857142857142858, 14.857142857142858, 14.857142857142858, 14.857142857142858, 14.857142857142858, 14.857142857142858, 26.142857142857142, 37.42857142857143, 37.42857142857143, 37.42857142857143, 37.42857142857143, 37.42857142857143, 37.42857142857143, 60.07142857142857, 82.71428571428571, 82.71428571428571, 82.71428571428571, 82.71428571428571], "time": ["6/21/21", "6/22/21", "6/23/21", "6/24/21", "6/25/21", "6/26/21", "6/27/21", "6/28/21", "6/29/21", "6/30/21", "7/1/21", "7/2/21", "7/3/21", "7/4/21", "7/5/21", "7/6/21", "7/7/21", "7/8/21", "7/9/21", "7/10/21", "7/11/21", "7/12/21", "7/13/21", "7/14/21", "7/15/21", "7/16/21", "7/17/21", "7/18/21", "7/19/21"], "original_values": [0, 0, 0, 0, 73, 0, 0, 0, 0, 0, 0, 104, 0, 0, 0, 0, 0, 0, 262, 0, 0, 0, 0, 0, 0, 579, 0, 0, 0]}