{"dates": ["6/24/21", "6/25/21", "6/26/21", "6/27/21", "6/28/21", "6/29/21", "6/30/21", "7/1/21", "7/2/21", "7/3/21", "7/4/21", "7/5/21", "7/6/21", "7/7/21", "7/8/21", "7/9/21", "7/10/21", "7/11/21", "7/12/21", "7/13/21", "7/14/21", "7/15/21"], "max_14": 84, "max": 10823, "value": [2.5, 2.7857142857142856, 3.0, 2.7857142857142856, 2.2857142857142856, 1.6428571428571428, 1.6428571428571428, 2.0, 1.8571428571428572, 1.7857142857142858, 2.2142857142857144, 3.0, 3.7857142857142856, 4.214285714285714, 4.428571428571429, 4.571428571428571, 5.214285714285714, 5.428571428571429, 5.071428571428571, 5.214285714285714, 4.785714285714286, 4.071428571428571, 5.642857142857143, 6.571428571428571], "time": ["6/21/21", "6/22/21", "6/23/21", "6/24/21", "6/25/21", "6/26/21", "6/27/21", "6/28/21", "6/29/21", "6/30/21", "7/1/21", "7/2/21", "7/3/21", "7/4/21", "7/5/21", "7/6/21", "7/7/21", "7/8/21", "7/9/21", "7/10/21", "7/11/21", "7/12/21", "7/13/21", "7/14/21", "7/15/21", "7/16/21", "7/17/21", "7/18/21", "7/19/21"], "original_values": [0, 2, 5, 4, 5, 1, 1, 3, 2, 2, 0, 0, 6, 1, 1, 3, 7, 6, 5, 7, 3, 1, 12, 1, 7, 6, 0, 0, 26]}