{"dates": ["6/24/21", "6/25/21", "6/26/21", "6/27/21", "6/28/21", "6/29/21", "6/30/21", "7/1/21", "7/2/21", "7/3/21", "7/4/21", "7/5/21", "7/6/21", "7/7/21", "7/8/21", "7/9/21", "7/10/21", "7/11/21", "7/12/21", "7/13/21", "7/14/21", "7/15/21"], "max_14": 287, "max": 4076, "value": [11.428571428571429, 12.285714285714286, 12.571428571428571, 13.785714285714286, 15.571428571428571, 15.785714285714286, 14.714285714285714, 15.071428571428571, 17.142857142857142, 18.642857142857142, 18.5, 17.642857142857142, 17.071428571428573, 19.071428571428573, 20.571428571428573, 18.142857142857142, 16.428571428571427, 17.785714285714285, 19.714285714285715, 21.571428571428573, 22.5, 22.214285714285715, 23.428571428571427, 23.285714285714285], "time": ["6/21/21", "6/22/21", "6/23/21", "6/24/21", "6/25/21", "6/26/21", "6/27/21", "6/28/21", "6/29/21", "6/30/21", "7/1/21", "7/2/21", "7/3/21", "7/4/21", "7/5/21", "7/6/21", "7/7/21", "7/8/21", "7/9/21", "7/10/21", "7/11/21", "7/12/21", "7/13/21", "7/14/21", "7/15/21", "7/16/21", "7/17/21", "7/18/21", "7/19/21"], "original_values": [8, 11, 10, 10, 28, 7, 12, 8, 15, 23, 22, 19, 1, 23, 26, 18, 18, 15, 18, 30, 15, 0, 20, 35, 25, 34, 27, 14, 18]}