{"dates": ["6/24/21", "6/25/21", "6/26/21", "6/27/21", "6/28/21", "6/29/21", "6/30/21", "7/1/21", "7/2/21", "7/3/21", "7/4/21", "7/5/21", "7/6/21", "7/7/21", "7/8/21", "7/9/21", "7/10/21", "7/11/21", "7/12/21", "7/13/21", "7/14/21", "7/15/21"], "max_14": 42, "max": 9732, "value": [2.857142857142857, 2.7857142857142856, 2.7857142857142856, 3.0, 3.0714285714285716, 2.857142857142857, 2.5714285714285716, 2.5, 2.642857142857143, 2.5714285714285716, 2.2142857142857144, 2.0, 2.2142857142857144, 2.2142857142857144, 2.142857142857143, 2.2142857142857144, 2.142857142857143, 2.2857142857142856, 2.5, 2.5714285714285716, 2.7142857142857144, 3.0, 3.5, 3.5714285714285716], "time": ["6/21/21", "6/22/21", "6/23/21", "6/24/21", "6/25/21", "6/26/21", "6/27/21", "6/28/21", "6/29/21", "6/30/21", "7/1/21", "7/2/21", "7/3/21", "7/4/21", "7/5/21", "7/6/21", "7/7/21", "7/8/21", "7/9/21", "7/10/21", "7/11/21", "7/12/21", "7/13/21", "7/14/21", "7/15/21", "7/16/21", "7/17/21", "7/18/21", "7/19/21"], "original_values": [1, 5, 3, 2, 4, 5, 0, 0, 6, 5, 1, 2, 3, 1, 1, 4, 2, 1, 5, 0, 3, 0, 4, 4, 2, 5, 2, 5, 5]}