{"dates": ["6/24/21", "6/25/21", "6/26/21", "6/27/21", "6/28/21", "6/29/21", "6/30/21", "7/1/21", "7/2/21", "7/3/21", "7/4/21", "7/5/21", "7/6/21", "7/7/21", "7/8/21", "7/9/21", "7/10/21", "7/11/21", "7/12/21", "7/13/21", "7/14/21", "7/15/21"], "max_14": 164, "max": 6478, "value": [2.7142857142857144, 4.0, 5.071428571428571, 5.5, 6.428571428571429, 7.214285714285714, 7.714285714285714, 7.714285714285714, 8.142857142857142, 8.785714285714286, 8.928571428571429, 9.142857142857142, 9.428571428571429, 9.428571428571429, 9.428571428571429, 10.214285714285714, 11.285714285714286, 11.642857142857142, 11.357142857142858, 12.071428571428571, 13.142857142857142, 13.142857142857142, 12.785714285714286, 11.642857142857142], "time": ["6/21/21", "6/22/21", "6/23/21", "6/24/21", "6/25/21", "6/26/21", "6/27/21", "6/28/21", "6/29/21", "6/30/21", "7/1/21", "7/2/21", "7/3/21", "7/4/21", "7/5/21", "7/6/21", "7/7/21", "7/8/21", "7/9/21", "7/10/21", "7/11/21", "7/12/21", "7/13/21", "7/14/21", "7/15/21", "7/16/21", "7/17/21", "7/18/21", "7/19/21"], "original_values": [0, 7, 1, 6, 5, 0, 0, 18, 4, 10, 10, 12, 0, 0, 24, 7, 9, 14, 12, 0, 0, 35, 11, 10, 9, 27, 0, 0, 30]}