{"dates": ["6/24/21", "6/25/21", "6/26/21", "6/27/21", "6/28/21", "6/29/21", "6/30/21", "7/1/21", "7/2/21", "7/3/21", "7/4/21", "7/5/21", "7/6/21", "7/7/21", "7/8/21", "7/9/21", "7/10/21", "7/11/21", "7/12/21", "7/13/21", "7/14/21", "7/15/21"], "max_14": 163, "max": 3291, "value": [0.8571428571428571, 0.7142857142857143, 1.5714285714285714, 4.071428571428571, 5.714285714285714, 5.928571428571429, 6.0, 6.0, 5.928571428571429, 5.357142857142857, 3.642857142857143, 2.5714285714285716, 3.0, 3.2857142857142856, 3.2857142857142856, 4.285714285714286, 6.0, 8.642857142857142, 11.928571428571429, 14.357142857142858, 15.428571428571429, 15.428571428571429, 16.714285714285715, 16.714285714285715], "time": ["6/21/21", "6/22/21", "6/23/21", "6/24/21", "6/25/21", "6/26/21", "6/27/21", "6/28/21", "6/29/21", "6/30/21", "7/1/21", "7/2/21", "7/3/21", "7/4/21", "7/5/21", "7/6/21", "7/7/21", "7/8/21", "7/9/21", "7/10/21", "7/11/21", "7/12/21", "7/13/21", "7/14/21", "7/15/21", "7/16/21", "7/17/21", "7/18/21", "7/19/21"], "original_values": [3, 1, 1, 0, 1, 0, 0, 1, 15, 22, 2, 2, 0, 0, 0, 8, 5, 4, 6, 0, 0, 14, 18, 32, 23, 21, 0, 0, 32]}