{"dates": ["6/24/21", "6/25/21", "6/26/21", "6/27/21", "6/28/21", "6/29/21", "6/30/21", "7/1/21", "7/2/21", "7/3/21", "7/4/21", "7/5/21", "7/6/21", "7/7/21", "7/8/21", "7/9/21", "7/10/21", "7/11/21", "7/12/21", "7/13/21", "7/14/21", "7/15/21"], "max_14": 370, "max": 100919, "value": [13.857142857142858, 16.571428571428573, 18.0, 17.5, 17.785714285714285, 17.142857142857142, 17.0, 17.0, 12.571428571428571, 9.428571428571429, 11.571428571428571, 12.642857142857142, 13.857142857142858, 14.857142857142858, 14.857142857142858, 16.071428571428573, 19.785714285714285, 22.357142857142858, 23.428571428571427, 23.857142857142858, 23.285714285714285, 23.285714285714285, 29.428571428571427, 31.357142857142858], "time": ["6/21/21", "6/22/21", "6/23/21", "6/24/21", "6/25/21", "6/26/21", "6/27/21", "6/28/21", "6/29/21", "6/30/21", "7/1/21", "7/2/21", "7/3/21", "7/4/21", "7/5/21", "7/6/21", "7/7/21", "7/8/21", "7/9/21", "7/10/21", "7/11/21", "7/12/21", "7/13/21", "7/14/21", "7/15/21", "7/16/21", "7/17/21", "7/18/21", "7/19/21"], "original_values": [24, 24, 7, 20, 22, 0, 0, 62, 6, 18, 13, 20, 0, 0, 0, 24, 30, 16, 34, 0, 0, 17, 59, 31, 30, 26, 0, 0, 103]}