{"dates": ["6/24/21", "6/25/21", "6/26/21", "6/27/21", "6/28/21", "6/29/21", "6/30/21", "7/1/21", "7/2/21", "7/3/21", "7/4/21", "7/5/21", "7/6/21", "7/7/21", "7/8/21", "7/9/21", "7/10/21", "7/11/21", "7/12/21", "7/13/21", "7/14/21", "7/15/21"], "max_14": 471, "max": 77074, "value": [24.142857142857142, 26.071428571428573, 26.5, 26.5, 26.785714285714285, 25.714285714285715, 25.214285714285715, 26.285714285714285, 26.714285714285715, 26.428571428571427, 26.0, 26.5, 27.714285714285715, 28.571428571428573, 29.071428571428573, 28.642857142857142, 27.857142857142858, 27.428571428571427, 28.357142857142858, 30.428571428571427, 33.5, 36.285714285714285, 38.07142857142857, 37.714285714285715], "time": ["6/21/21", "6/22/21", "6/23/21", "6/24/21", "6/25/21", "6/26/21", "6/27/21", "6/28/21", "6/29/21", "6/30/21", "7/1/21", "7/2/21", "7/3/21", "7/4/21", "7/5/21", "7/6/21", "7/7/21", "7/8/21", "7/9/21", "7/10/21", "7/11/21", "7/12/21", "7/13/21", "7/14/21", "7/15/21", "7/16/21", "7/17/21", "7/18/21", "7/19/21"], "original_values": [9, 31, 24, 25, 49, 23, 16, 20, 26, 29, 24, 35, 30, 24, 18, 24, 25, 35, 41, 36, 25, 11, 20, 23, 50, 55, 65, 35, 26]}