{"dates": ["6/24/21", "6/25/21", "6/26/21", "6/27/21", "6/28/21", "6/29/21", "6/30/21", "7/1/21", "7/2/21", "7/3/21", "7/4/21", "7/5/21", "7/6/21", "7/7/21", "7/8/21", "7/9/21", "7/10/21", "7/11/21", "7/12/21", "7/13/21", "7/14/21", "7/15/21"], "max_14": 577, "max": 13624, "value": [9.285714285714286, 9.285714285714286, 9.285714285714286, 9.285714285714286, 9.285714285714286, 10.642857142857142, 12.0, 12.0, 12.0, 12.0, 12.0, 12.0, 21.142857142857142, 30.285714285714285, 30.285714285714285, 30.285714285714285, 30.285714285714285, 30.285714285714285, 30.285714285714285, 41.214285714285715, 52.142857142857146, 52.142857142857146, 52.142857142857146, 52.142857142857146], "time": ["6/21/21", "6/22/21", "6/23/21", "6/24/21", "6/25/21", "6/26/21", "6/27/21", "6/28/21", "6/29/21", "6/30/21", "7/1/21", "7/2/21", "7/3/21", "7/4/21", "7/5/21", "7/6/21", "7/7/21", "7/8/21", "7/9/21", "7/10/21", "7/11/21", "7/12/21", "7/13/21", "7/14/21", "7/15/21", "7/16/21", "7/17/21", "7/18/21", "7/19/21"], "original_values": [0, 0, 0, 0, 65, 0, 0, 0, 0, 0, 0, 84, 0, 0, 0, 0, 0, 0, 212, 0, 0, 0, 0, 0, 0, 365, 0, 0, 0]}