{"dates": ["6/24/21", "6/25/21", "6/26/21", "6/27/21", "6/28/21", "6/29/21", "6/30/21", "7/1/21", "7/2/21", "7/3/21", "7/4/21", "7/5/21", "7/6/21", "7/7/21", "7/8/21", "7/9/21", "7/10/21", "7/11/21", "7/12/21", "7/13/21", "7/14/21", "7/15/21"], "max_14": 193, "max": 14442, "value": [6.142857142857143, 6.928571428571429, 7.714285714285714, 7.357142857142857, 7.0, 5.714285714285714, 4.428571428571429, 4.428571428571429, 3.0714285714285716, 1.7142857142857142, 3.2857142857142856, 4.857142857142857, 5.214285714285714, 6.214285714285714, 6.857142857142857, 8.0, 9.142857142857142, 8.928571428571429, 9.785714285714286, 11.857142857142858, 14.785714285714286, 17.857142857142858, 18.714285714285715, 18.428571428571427], "time": ["6/21/21", "6/22/21", "6/23/21", "6/24/21", "6/25/21", "6/26/21", "6/27/21", "6/28/21", "6/29/21", "6/30/21", "7/1/21", "7/2/21", "7/3/21", "7/4/21", "7/5/21", "7/6/21", "7/7/21", "7/8/21", "7/9/21", "7/10/21", "7/11/21", "7/12/21", "7/13/21", "7/14/21", "7/15/21", "7/16/21", "7/17/21", "7/18/21", "7/19/21"], "original_values": [8, 0, 9, 0, 26, 0, 0, 19, 0, 4, 0, 8, 0, 0, 0, 0, 26, 0, 13, 9, 0, 16, 0, 23, 15, 27, 36, 16, 12]}