{"dates": ["6/24/21", "6/25/21", "6/26/21", "6/27/21", "6/28/21", "6/29/21", "6/30/21", "7/1/21", "7/2/21", "7/3/21", "7/4/21", "7/5/21", "7/6/21", "7/7/21", "7/8/21", "7/9/21", "7/10/21", "7/11/21", "7/12/21", "7/13/21", "7/14/21", "7/15/21"], "max_14": 216, "max": 28987, "value": [22.285714285714285, 20.642857142857142, 18.428571428571427, -7.785714285714286, -35.142857142857146, -41.214285714285715, -44.785714285714285, -44.0, -45.357142857142854, -44.142857142857146, -17.428571428571427, 7.0, 8.428571428571429, 9.714285714285714, 9.714285714285714, 13.857142857142858, 16.142857142857142, 14.214285714285714, 15.714285714285714, 16.571428571428573, 15.857142857142858, 15.857142857142858, 14.357142857142858, 12.714285714285714], "time": ["6/21/21", "6/22/21", "6/23/21", "6/24/21", "6/25/21", "6/26/21", "6/27/21", "6/28/21", "6/29/21", "6/30/21", "7/1/21", "7/2/21", "7/3/21", "7/4/21", "7/5/21", "7/6/21", "7/7/21", "7/8/21", "7/9/21", "7/10/21", "7/11/21", "7/12/21", "7/13/21", "7/14/21", "7/15/21", "7/16/21", "7/17/21", "7/18/21", "7/19/21"], "original_values": [42, 0, 25, 28, 73, -13, 2, 17, -6, -336, 6, 10, 0, 0, 0, 28, 4, 8, 28, 0, 0, 58, 2, 3, 30, 18, 0, 0, 37]}