{"dates": ["6/24/21", "6/25/21", "6/26/21", "6/27/21", "6/28/21", "6/29/21", "6/30/21", "7/1/21", "7/2/21", "7/3/21", "7/4/21", "7/5/21", "7/6/21", "7/7/21", "7/8/21", "7/9/21", "7/10/21", "7/11/21", "7/12/21", "7/13/21", "7/14/21", "7/15/21"], "max_14": 84, "max": 19019, "value": [7.928571428571429, 7.928571428571429, 7.0, 5.071428571428571, 3.5, 2.642857142857143, 2.2142857142857144, 2.0714285714285716, 2.4285714285714284, 3.0, 3.2142857142857144, 3.7142857142857144, 4.357142857142857, 4.928571428571429, 5.428571428571429, 5.357142857142857, 5.571428571428571, 6.5, 7.142857142857143, 7.214285714285714, 6.928571428571429, 6.785714285714286, 6.857142857142857, 6.214285714285714], "time": ["6/21/21", "6/22/21", "6/23/21", "6/24/21", "6/25/21", "6/26/21", "6/27/21", "6/28/21", "6/29/21", "6/30/21", "7/1/21", "7/2/21", "7/3/21", "7/4/21", "7/5/21", "7/6/21", "7/7/21", "7/8/21", "7/9/21", "7/10/21", "7/11/21", "7/12/21", "7/13/21", "7/14/21", "7/15/21", "7/16/21", "7/17/21", "7/18/21", "7/19/21"], "original_values": [4, 13, 19, 10, 6, 3, 1, 3, 1, 4, 3, 1, 2, 0, 9, 3, 5, 9, 4, 7, 2, 6, 9, 12, 11, 3, 4, 3, 6]}