{"dates": ["6/24/21", "6/25/21", "6/26/21", "6/27/21", "6/28/21", "6/29/21", "6/30/21", "7/1/21", "7/2/21", "7/3/21", "7/4/21", "7/5/21", "7/6/21", "7/7/21", "7/8/21", "7/9/21", "7/10/21", "7/11/21", "7/12/21", "7/13/21", "7/14/21", "7/15/21"], "max_14": 220, "max": 46048, "value": [11.5, 12.214285714285714, 10.785714285714286, 9.571428571428571, 9.571428571428571, 9.785714285714286, 8.928571428571429, 7.5, 7.071428571428571, 7.857142857142857, 8.071428571428571, 8.214285714285714, 8.928571428571429, 10.928571428571429, 12.642857142857142, 13.071428571428571, 13.857142857142858, 14.214285714285714, 14.571428571428571, 15.928571428571429, 15.0, 12.5, 14.928571428571429, 17.071428571428573], "time": ["6/21/21", "6/22/21", "6/23/21", "6/24/21", "6/25/21", "6/26/21", "6/27/21", "6/28/21", "6/29/21", "6/30/21", "7/1/21", "7/2/21", "7/3/21", "7/4/21", "7/5/21", "7/6/21", "7/7/21", "7/8/21", "7/9/21", "7/10/21", "7/11/21", "7/12/21", "7/13/21", "7/14/21", "7/15/21", "7/16/21", "7/17/21", "7/18/21", "7/19/21"], "original_values": [11, 12, 21, 5, 10, 12, 19, 2, 1, 15, 11, 7, 3, 8, 7, 7, 12, 16, 12, 26, 9, 12, 13, 11, 22, 25, 0, 0, 55]}