{"dates": ["6/24/21", "6/25/21", "6/26/21", "6/27/21", "6/28/21", "6/29/21", "6/30/21", "7/1/21", "7/2/21", "7/3/21", "7/4/21", "7/5/21", "7/6/21", "7/7/21", "7/8/21", "7/9/21", "7/10/21", "7/11/21", "7/12/21", "7/13/21", "7/14/21", "7/15/21"], "max_14": 319, "max": 5988, "value": [3.0, 3.2142857142857144, 3.4285714285714284, 3.7857142857142856, 4.285714285714286, 5.571428571428571, 6.714285714285714, 6.714285714285714, 6.214285714285714, 7.714285714285714, 10.571428571428571, 12.285714285714286, 12.928571428571429, 12.714285714285714, 12.714285714285714, 16.642857142857142, 19.214285714285715, 18.285714285714285, 19.142857142857142, 20.142857142857142, 20.714285714285715, 20.714285714285715, 22.857142857142858, 23.857142857142858], "time": ["6/21/21", "6/22/21", "6/23/21", "6/24/21", "6/25/21", "6/26/21", "6/27/21", "6/28/21", "6/29/21", "6/30/21", "7/1/21", "7/2/21", "7/3/21", "7/4/21", "7/5/21", "7/6/21", "7/7/21", "7/8/21", "7/9/21", "7/10/21", "7/11/21", "7/12/21", "7/13/21", "7/14/21", "7/15/21", "7/16/21", "7/17/21", "7/18/21", "7/19/21"], "original_values": [4, 7, 1, 4, 5, 0, 0, 7, 7, 6, 6, 21, 0, 0, 0, 35, 18, 18, 18, 0, 0, 55, 16, 24, 24, 26, 0, 0, 85]}