{"dates": ["6/24/21", "6/25/21", "6/26/21", "6/27/21", "6/28/21", "6/29/21", "6/30/21", "7/1/21", "7/2/21", "7/3/21", "7/4/21", "7/5/21", "7/6/21", "7/7/21", "7/8/21", "7/9/21", "7/10/21", "7/11/21", "7/12/21", "7/13/21", "7/14/21", "7/15/21"], "max_14": 97, "max": 4927, "value": [3.2142857142857144, 3.357142857142857, 3.2857142857142856, 3.4285714285714284, 3.7857142857142856, 4.5, 4.714285714285714, 4.214285714285714, 3.7857142857142856, 4.0, 4.857142857142857, 5.428571428571429, 5.571428571428571, 5.571428571428571, 5.571428571428571, 6.714285714285714, 7.571428571428571, 6.714285714285714, 6.0, 5.857142857142857, 5.857142857142857, 5.857142857142857, 5.928571428571429, 5.571428571428571], "time": ["6/21/21", "6/22/21", "6/23/21", "6/24/21", "6/25/21", "6/26/21", "6/27/21", "6/28/21", "6/29/21", "6/30/21", "7/1/21", "7/2/21", "7/3/21", "7/4/21", "7/5/21", "7/6/21", "7/7/21", "7/8/21", "7/9/21", "7/10/21", "7/11/21", "7/12/21", "7/13/21", "7/14/21", "7/15/21", "7/16/21", "7/17/21", "7/18/21", "7/19/21"], "original_values": [4, 4, 3, 5, 1, 4, 3, 3, 4, 5, 8, 8, 0, 0, 0, 10, 11, 10, 8, 0, 0, 16, 6, 3, 8, 8, 0, 0, 17]}