{"dates": ["6/24/21", "6/25/21", "6/26/21", "6/27/21", "6/28/21", "6/29/21", "6/30/21", "7/1/21", "7/2/21", "7/3/21", "7/4/21", "7/5/21", "7/6/21", "7/7/21", "7/8/21", "7/9/21", "7/10/21", "7/11/21", "7/12/21", "7/13/21", "7/14/21", "7/15/21"], "max_14": 687, "max": 68018, "value": [22.214285714285715, 24.071428571428573, 23.0, 20.0, 17.428571428571427, 15.571428571428571, 12.714285714285714, 9.214285714285714, 6.857142857142857, 10.214285714285714, 15.214285714285714, 17.142857142857142, 21.785714285714285, 25.0, 25.0, 31.142857142857142, 36.0, 37.857142857142854, 43.214285714285715, 45.714285714285715, 46.0, 46.0, 53.42857142857143, 57.214285714285715], "time": ["6/21/21", "6/22/21", "6/23/21", "6/24/21", "6/25/21", "6/26/21", "6/27/21", "6/28/21", "6/29/21", "6/30/21", "7/1/21", "7/2/21", "7/3/21", "7/4/21", "7/5/21", "7/6/21", "7/7/21", "7/8/21", "7/9/21", "7/10/21", "7/11/21", "7/12/21", "7/13/21", "7/14/21", "7/15/21", "7/16/21", "7/17/21", "7/18/21", "7/19/21"], "original_values": [7, 30, 34, 22, 22, 32, 17, 16, 6, 16, 4, 14, 0, 0, 0, 69, 23, 24, 59, 0, 0, 86, 51, 67, 55, 63, 0, 0, 190]}