{"dates": ["6/24/21", "6/25/21", "6/26/21", "6/27/21", "6/28/21", "6/29/21", "6/30/21", "7/1/21", "7/2/21", "7/3/21", "7/4/21", "7/5/21", "7/6/21", "7/7/21", "7/8/21", "7/9/21", "7/10/21", "7/11/21", "7/12/21", "7/13/21", "7/14/21", "7/15/21"], "max_14": 135, "max": 14582, "value": [4.571428571428571, 4.357142857142857, 4.071428571428571, 4.5, 4.785714285714286, 4.428571428571429, 4.285714285714286, 4.285714285714286, 3.857142857142857, 3.7142857142857144, 3.2857142857142856, 3.0, 3.7142857142857144, 4.0, 4.0, 5.214285714285714, 6.928571428571429, 9.857142857142858, 13.0, 13.857142857142858, 14.0, 14.0, 13.428571428571429, 11.857142857142858], "time": ["6/21/21", "6/22/21", "6/23/21", "6/24/21", "6/25/21", "6/26/21", "6/27/21", "6/28/21", "6/29/21", "6/30/21", "7/1/21", "7/2/21", "7/3/21", "7/4/21", "7/5/21", "7/6/21", "7/7/21", "7/8/21", "7/9/21", "7/10/21", "7/11/21", "7/12/21", "7/13/21", "7/14/21", "7/15/21", "7/16/21", "7/17/21", "7/18/21", "7/19/21"], "original_values": [9, 4, 7, 5, 7, 0, 0, 6, 3, 14, 2, 5, 0, 0, 0, 7, 4, 8, 9, 0, 0, 17, 14, 38, 18, 11, 0, 0, 9]}