{"dates": ["6/24/21", "6/25/21", "6/26/21", "6/27/21", "6/28/21", "6/29/21", "6/30/21", "7/1/21", "7/2/21", "7/3/21", "7/4/21", "7/5/21", "7/6/21", "7/7/21", "7/8/21", "7/9/21", "7/10/21", "7/11/21", "7/12/21", "7/13/21", "7/14/21", "7/15/21"], "max_14": 127, "max": 4447, "value": [1.5714285714285714, 1.7142857142857142, 1.8571428571428572, 1.8571428571428572, 1.8571428571428572, 3.357142857142857, 4.857142857142857, 4.857142857142857, 4.428571428571429, 4.0, 5.0, 6.0, 5.714285714285714, 6.5, 7.571428571428571, 7.642857142857143, 7.714285714285714, 8.357142857142858, 9.928571428571429, 10.285714285714286, 9.714285714285714, 9.928571428571429, 10.285714285714286, 10.428571428571429], "time": ["6/21/21", "6/22/21", "6/23/21", "6/24/21", "6/25/21", "6/26/21", "6/27/21", "6/28/21", "6/29/21", "6/30/21", "7/1/21", "7/2/21", "7/3/21", "7/4/21", "7/5/21", "7/6/21", "7/7/21", "7/8/21", "7/9/21", "7/10/21", "7/11/21", "7/12/21", "7/13/21", "7/14/21", "7/15/21", "7/16/21", "7/17/21", "7/18/21", "7/19/21"], "original_values": [4, 0, 4, 0, 3, 0, 0, 6, 0, 4, 0, 24, 0, 0, 0, 0, 18, 0, 20, 15, 0, 1, 0, 27, 13, 12, 15, 3, 3]}