{"dates": ["6/24/21", "6/25/21", "6/26/21", "6/27/21", "6/28/21", "6/29/21", "6/30/21", "7/1/21", "7/2/21", "7/3/21", "7/4/21", "7/5/21", "7/6/21", "7/7/21", "7/8/21", "7/9/21", "7/10/21", "7/11/21", "7/12/21", "7/13/21", "7/14/21", "7/15/21"], "max_14": 566, "max": 59719, "value": [21.571428571428573, 20.642857142857142, 18.571428571428573, 17.214285714285715, 16.142857142857142, 15.5, 15.714285714285714, 15.714285714285714, 12.714285714285714, 13.0, 16.785714285714285, 19.642857142857142, 23.428571428571427, 24.857142857142858, 24.857142857142858, 31.857142857142858, 37.142857142857146, 37.92857142857143, 38.785714285714285, 37.42857142857143, 37.714285714285715, 37.714285714285715, 39.857142857142854, 39.5], "time": ["6/21/21", "6/22/21", "6/23/21", "6/24/21", "6/25/21", "6/26/21", "6/27/21", "6/28/21", "6/29/21", "6/30/21", "7/1/21", "7/2/21", "7/3/21", "7/4/21", "7/5/21", "7/6/21", "7/7/21", "7/8/21", "7/9/21", "7/10/21", "7/11/21", "7/12/21", "7/13/21", "7/14/21", "7/15/21", "7/16/21", "7/17/21", "7/18/21", "7/19/21"], "original_values": [55, 29, 23, 25, 19, 0, 0, 42, 13, 20, 13, 22, 0, 0, 0, 59, 27, 46, 42, 0, 0, 98, 35, 62, 23, 46, 0, 0, 128]}