{"dates": ["6/24/21", "6/25/21", "6/26/21", "6/27/21", "6/28/21", "6/29/21", "6/30/21", "7/1/21", "7/2/21", "7/3/21", "7/4/21", "7/5/21", "7/6/21", "7/7/21", "7/8/21", "7/9/21", "7/10/21", "7/11/21", "7/12/21", "7/13/21", "7/14/21", "7/15/21"], "max_14": 64, "max": 4355, "value": [6.857142857142857, 6.571428571428571, 6.357142857142857, 6.214285714285714, 5.785714285714286, 5.857142857142857, 4.0, 1.8571428571428572, 1.5714285714285714, 1.6428571428571428, 2.357142857142857, 2.9285714285714284, 3.142857142857143, 3.7142857142857144, 4.285714285714286, 5.071428571428571, 6.0, 5.928571428571429, 5.714285714285714, 5.714285714285714, 5.428571428571429, 5.142857142857143, 4.214285714285714, 2.7142857142857144], "time": ["6/21/21", "6/22/21", "6/23/21", "6/24/21", "6/25/21", "6/26/21", "6/27/21", "6/28/21", "6/29/21", "6/30/21", "7/1/21", "7/2/21", "7/3/21", "7/4/21", "7/5/21", "7/6/21", "7/7/21", "7/8/21", "7/9/21", "7/10/21", "7/11/21", "7/12/21", "7/13/21", "7/14/21", "7/15/21", "7/16/21", "7/17/21", "7/18/21", "7/19/21"], "original_values": [11, 0, 4, 3, 0, 30, 0, 7, 1, 1, 0, 4, 0, 0, 3, 6, 6, 3, 4, 8, 0, 14, 8, 3, 3, 4, 4, 0, 1]}