{"dates": ["6/24/21", "6/25/21", "6/26/21", "6/27/21", "6/28/21", "6/29/21", "6/30/21", "7/1/21", "7/2/21", "7/3/21", "7/4/21", "7/5/21", "7/6/21", "7/7/21", "7/8/21", "7/9/21", "7/10/21", "7/11/21", "7/12/21", "7/13/21", "7/14/21", "7/15/21"], "max_14": 247, "max": 28290, "value": [12.285714285714286, 11.714285714285714, 11.5, 12.714285714285714, 12.571428571428571, 12.714285714285714, 13.857142857142858, 13.857142857142858, 12.714285714285714, 10.928571428571429, 10.857142857142858, 12.857142857142858, 12.928571428571429, 11.571428571428571, 11.571428571428571, 13.071428571428571, 15.285714285714286, 16.285714285714285, 16.642857142857142, 17.857142857142858, 19.0, 19.0, 19.857142857142858, 18.714285714285715], "time": ["6/21/21", "6/22/21", "6/23/21", "6/24/21", "6/25/21", "6/26/21", "6/27/21", "6/28/21", "6/29/21", "6/30/21", "7/1/21", "7/2/21", "7/3/21", "7/4/21", "7/5/21", "7/6/21", "7/7/21", "7/8/21", "7/9/21", "7/10/21", "7/11/21", "7/12/21", "7/13/21", "7/14/21", "7/15/21", "7/16/21", "7/17/21", "7/18/21", "7/19/21"], "original_values": [24, 22, 13, 18, 9, 0, 0, 16, 27, 25, 4, 25, 0, 0, 0, 18, 33, 24, 6, 0, 0, 21, 28, 37, 25, 22, 0, 0, 33]}