{"dates": ["6/24/21", "6/25/21", "6/26/21", "6/27/21", "6/28/21", "6/29/21", "6/30/21", "7/1/21", "7/2/21", "7/3/21", "7/4/21", "7/5/21", "7/6/21", "7/7/21", "7/8/21", "7/9/21", "7/10/21", "7/11/21", "7/12/21", "7/13/21", "7/14/21", "7/15/21"], "max_14": 25, "max": 3079, "value": [1.0, 1.6428571428571428, 2.2857142857142856, 2.2857142857142856, 2.2142857142857144, 2.0714285714285716, 2.0, 2.0, 1.3571428571428572, 1.5714285714285714, 2.4285714285714284, 2.357142857142857, 2.2857142857142856, 2.2857142857142856, 2.2857142857142856, 2.4285714285714284, 1.7142857142857142, 1.0714285714285714, 1.2857142857142858, 1.2142857142857142, 1.1428571428571428, 1.1428571428571428, 1.0714285714285714, 1.0], "time": ["6/21/21", "6/22/21", "6/23/21", "6/24/21", "6/25/21", "6/26/21", "6/27/21", "6/28/21", "6/29/21", "6/30/21", "7/1/21", "7/2/21", "7/3/21", "7/4/21", "7/5/21", "7/6/21", "7/7/21", "7/8/21", "7/9/21", "7/10/21", "7/11/21", "7/12/21", "7/13/21", "7/14/21", "7/15/21", "7/16/21", "7/17/21", "7/18/21", "7/19/21"], "original_values": [0, 0, 2, 3, 2, 0, 0, 9, 0, 2, 2, 1, 0, 0, 0, 12, 2, 1, 1, 0, 0, 2, 0, 5, 1, 0, 0, 0, 1]}