{"dates": ["6/24/21", "6/25/21", "6/26/21", "6/27/21", "6/28/21", "6/29/21", "6/30/21", "7/1/21", "7/2/21", "7/3/21", "7/4/21", "7/5/21", "7/6/21", "7/7/21", "7/8/21", "7/9/21", "7/10/21", "7/11/21", "7/12/21", "7/13/21", "7/14/21", "7/15/21"], "max_14": 1201, "max": 38367, "value": [12.428571428571429, 13.071428571428571, 13.428571428571429, -10.642857142857142, -34.642857142857146, -32.285714285714285, -31.714285714285715, -31.071428571428573, -28.428571428571427, -23.5, 5.357142857142857, 31.071428571428573, 32.57142857142857, 33.0, 33.214285714285715, 47.42857142857143, 60.642857142857146, 63.785714285714285, 72.85714285714286, 84.71428571428571, 91.42857142857143, 90.28571428571429, 99.64285714285714, 105.85714285714286], "time": ["6/21/21", "6/22/21", "6/23/21", "6/24/21", "6/25/21", "6/26/21", "6/27/21", "6/28/21", "6/29/21", "6/30/21", "7/1/21", "7/2/21", "7/3/21", "7/4/21", "7/5/21", "7/6/21", "7/7/21", "7/8/21", "7/9/21", "7/10/21", "7/11/21", "7/12/21", "7/13/21", "7/14/21", "7/15/21", "7/16/21", "7/17/21", "7/18/21", "7/19/21"], "original_values": [13, 6, 12, 17, 16, 18, 10, 12, 12, -331, 24, 42, 0, 37, 22, 71, 14, 39, 48, 0, 40, 218, 60, 69, 111, 142, 0, 24, 365]}