{"dates": ["6/24/21", "6/25/21", "6/26/21", "6/27/21", "6/28/21", "6/29/21", "6/30/21", "7/1/21", "7/2/21", "7/3/21", "7/4/21", "7/5/21", "7/6/21", "7/7/21", "7/8/21", "7/9/21", "7/10/21", "7/11/21", "7/12/21", "7/13/21", "7/14/21", "7/15/21"], "max_14": 214, "max": 28040, "value": [4.428571428571429, 4.428571428571429, 5.357142857142857, 5.928571428571429, 6.5, 7.714285714285714, 7.857142857142857, 7.714285714285714, 7.642857142857143, 8.142857142857142, 10.0, 11.357142857142858, 11.357142857142858, 11.285714285714286, 11.285714285714286, 13.428571428571429, 14.857142857142858, 13.428571428571429, 12.642857142857142, 12.928571428571429, 13.285714285714286, 13.285714285714286, 14.142857142857142, 13.785714285714286], "time": ["6/21/21", "6/22/21", "6/23/21", "6/24/21", "6/25/21", "6/26/21", "6/27/21", "6/28/21", "6/29/21", "6/30/21", "7/1/21", "7/2/21", "7/3/21", "7/4/21", "7/5/21", "7/6/21", "7/7/21", "7/8/21", "7/9/21", "7/10/21", "7/11/21", "7/12/21", "7/13/21", "7/14/21", "7/15/21", "7/16/21", "7/17/21", "7/18/21", "7/19/21"], "original_values": [1, 6, 14, 2, 6, 2, 0, 1, 19, 9, 15, 10, 0, 0, 0, 27, 27, 16, 9, 0, 0, 30, 17, 17, 15, 14, 0, 0, 42]}