{"dates": ["6/24/21", "6/25/21", "6/26/21", "6/27/21", "6/28/21", "6/29/21", "6/30/21", "7/1/21", "7/2/21", "7/3/21", "7/4/21", "7/5/21", "7/6/21", "7/7/21", "7/8/21", "7/9/21", "7/10/21", "7/11/21", "7/12/21", "7/13/21", "7/14/21", "7/15/21"], "max_14": 59, "max": 2197, "value": [1.8571428571428572, 1.8571428571428572, 1.7857142857142858, 1.8571428571428572, 1.9285714285714286, 1.4285714285714286, 1.0, 1.0, 0.7857142857142857, 0.7857142857142857, 0.8571428571428571, 1.2142857142857142, 2.357142857142857, 3.0, 3.0, 3.5, 4.0, 4.142857142857143, 4.0, 3.4285714285714284, 3.142857142857143, 3.142857142857143, 3.7857142857142856, 4.214285714285714], "time": ["6/21/21", "6/22/21", "6/23/21", "6/24/21", "6/25/21", "6/26/21", "6/27/21", "6/28/21", "6/29/21", "6/30/21", "7/1/21", "7/2/21", "7/3/21", "7/4/21", "7/5/21", "7/6/21", "7/7/21", "7/8/21", "7/9/21", "7/10/21", "7/11/21", "7/12/21", "7/13/21", "7/14/21", "7/15/21", "7/16/21", "7/17/21", "7/18/21", "7/19/21"], "original_values": [3, 1, 1, 2, 6, 0, 0, 3, 0, 3, 1, 0, 0, 0, 0, 3, 1, 8, 9, 0, 0, 7, 3, 3, 4, 5, 0, 0, 16]}