{"dates": ["6/24/21", "6/25/21", "6/26/21", "6/27/21", "6/28/21", "6/29/21", "6/30/21", "7/1/21", "7/2/21", "7/3/21", "7/4/21", "7/5/21", "7/6/21", "7/7/21", "7/8/21", "7/9/21", "7/10/21", "7/11/21", "7/12/21", "7/13/21", "7/14/21", "7/15/21"], "max_14": 1685, "max": 38352, "value": [37.714285714285715, 37.714285714285715, 37.714285714285715, 37.714285714285715, 37.714285714285715, 47.642857142857146, 57.57142857142857, 57.57142857142857, 57.57142857142857, 57.57142857142857, 57.57142857142857, 57.57142857142857, 70.42857142857143, 83.28571428571429, 83.28571428571429, 83.28571428571429, 83.28571428571429, 83.28571428571429, 83.28571428571429, 120.35714285714286, 157.42857142857142, 157.42857142857142, 157.42857142857142, 157.42857142857142], "time": ["6/21/21", "6/22/21", "6/23/21", "6/24/21", "6/25/21", "6/26/21", "6/27/21", "6/28/21", "6/29/21", "6/30/21", "7/1/21", "7/2/21", "7/3/21", "7/4/21", "7/5/21", "7/6/21", "7/7/21", "7/8/21", "7/9/21", "7/10/21", "7/11/21", "7/12/21", "7/13/21", "7/14/21", "7/15/21", "7/16/21", "7/17/21", "7/18/21", "7/19/21"], "original_values": [0, 0, 0, 0, 264, 0, 0, 0, 0, 0, 0, 403, 0, 0, 0, 0, 0, 0, 583, 0, 0, 0, 0, 0, 0, 1102, 0, 0, 0]}