{"dates": ["6/24/21", "6/25/21", "6/26/21", "6/27/21", "6/28/21", "6/29/21", "6/30/21", "7/1/21", "7/2/21", "7/3/21", "7/4/21", "7/5/21", "7/6/21", "7/7/21", "7/8/21", "7/9/21", "7/10/21", "7/11/21", "7/12/21", "7/13/21", "7/14/21", "7/15/21"], "max_14": 805, "max": 19481, "value": [21.785714285714285, 23.142857142857142, 24.142857142857142, 27.214285714285715, 29.214285714285715, 30.785714285714285, 30.428571428571427, 29.071428571428573, 31.642857142857142, 33.642857142857146, 33.714285714285715, 36.07142857142857, 38.142857142857146, 41.285714285714285, 45.214285714285715, 42.07142857142857, 42.92857142857143, 49.285714285714285, 55.142857142857146, 62.142857142857146, 65.28571428571429, 67.85714285714286, 73.42857142857143, 70.21428571428571], "time": ["6/21/21", "6/22/21", "6/23/21", "6/24/21", "6/25/21", "6/26/21", "6/27/21", "6/28/21", "6/29/21", "6/30/21", "7/1/21", "7/2/21", "7/3/21", "7/4/21", "7/5/21", "7/6/21", "7/7/21", "7/8/21", "7/9/21", "7/10/21", "7/11/21", "7/12/21", "7/13/21", "7/14/21", "7/15/21", "7/16/21", "7/17/21", "7/18/21", "7/19/21"], "original_values": [29, 11, 20, 27, 24, 31, 21, 27, 27, 47, 28, 45, 5, 28, 56, 26, 49, 59, 43, 51, 37, 3, 91, 73, 117, 83, 55, 69, 49]}