{"dates": ["6/24/21", "6/25/21", "6/26/21", "6/27/21", "6/28/21", "6/29/21", "6/30/21", "7/1/21", "7/2/21", "7/3/21", "7/4/21", "7/5/21", "7/6/21", "7/7/21", "7/8/21", "7/9/21", "7/10/21", "7/11/21", "7/12/21", "7/13/21", "7/14/21", "7/15/21"], "max_14": 108, "max": 15460, "value": [4.571428571428571, 3.857142857142857, 2.7857142857142856, 2.0714285714285716, 1.9285714285714286, 2.5, 2.857142857142857, 2.857142857142857, 2.0714285714285716, 2.7142857142857144, 4.214285714285714, 5.285714285714286, 5.785714285714286, 5.285714285714286, 5.285714285714286, 6.071428571428571, 6.0, 5.5, 5.428571428571429, 6.142857142857143, 7.285714285714286, 7.285714285714286, 7.928571428571429, 8.142857142857142], "time": ["6/21/21", "6/22/21", "6/23/21", "6/24/21", "6/25/21", "6/26/21", "6/27/21", "6/28/21", "6/29/21", "6/30/21", "7/1/21", "7/2/21", "7/3/21", "7/4/21", "7/5/21", "7/6/21", "7/7/21", "7/8/21", "7/9/21", "7/10/21", "7/11/21", "7/12/21", "7/13/21", "7/14/21", "7/15/21", "7/16/21", "7/17/21", "7/18/21", "7/19/21"], "original_values": [21, 3, 6, 1, 1, 0, 0, 11, -2, 1, 4, 6, 0, 0, 0, 18, 2, 18, -1, 0, 0, 11, 6, 7, 12, 15, 0, 0, 20]}