{"dates": ["6/24/21", "6/25/21", "6/26/21", "6/27/21", "6/28/21", "6/29/21", "6/30/21", "7/1/21", "7/2/21", "7/3/21", "7/4/21", "7/5/21", "7/6/21", "7/7/21", "7/8/21", "7/9/21", "7/10/21", "7/11/21", "7/12/21", "7/13/21", "7/14/21", "7/15/21"], "max_14": 60, "max": 4196, "value": [1.2857142857142858, 1.6428571428571428, 2.0, 2.0, 2.0, 2.0, 2.0, 2.0, 1.7857142857142858, 1.5, 1.3571428571428572, 1.2142857142857142, 1.5714285714285714, 2.0, 2.0, 2.4285714285714284, 3.357142857142857, 4.214285714285714, 4.714285714285714, 4.714285714285714, 4.571428571428571, 4.571428571428571, 5.142857142857143, 5.214285714285714], "time": ["6/21/21", "6/22/21", "6/23/21", "6/24/21", "6/25/21", "6/26/21", "6/27/21", "6/28/21", "6/29/21", "6/30/21", "7/1/21", "7/2/21", "7/3/21", "7/4/21", "7/5/21", "7/6/21", "7/7/21", "7/8/21", "7/9/21", "7/10/21", "7/11/21", "7/12/21", "7/13/21", "7/14/21", "7/15/21", "7/16/21", "7/17/21", "7/18/21", "7/19/21"], "original_values": [1, 1, 3, 2, 2, 0, 0, 6, 1, 3, 2, 2, 0, 0, 3, 0, 2, 1, 8, 0, 0, 9, 7, 7, 3, 6, 0, 0, 17]}