{"dates": ["6/24/21", "6/25/21", "6/26/21", "6/27/21", "6/28/21", "6/29/21", "6/30/21", "7/1/21", "7/2/21", "7/3/21", "7/4/21", "7/5/21", "7/6/21", "7/7/21", "7/8/21", "7/9/21", "7/10/21", "7/11/21", "7/12/21", "7/13/21", "7/14/21", "7/15/21"], "max_14": 981, "max": 185134, "value": [21.214285714285715, 22.785714285714285, 22.5, 22.071428571428573, 22.857142857142858, 24.428571428571427, 25.285714285714285, 26.642857142857142, 28.642857142857142, 30.285714285714285, 32.714285714285715, 36.07142857142857, 40.07142857142857, 44.214285714285715, 48.142857142857146, 50.785714285714285, 54.214285714285715, 59.357142857142854, 63.785714285714285, 67.07142857142857, 71.92857142857143, 77.92857142857143, 84.5, 83.85714285714286], "time": ["6/21/21", "6/22/21", "6/23/21", "6/24/21", "6/25/21", "6/26/21", "6/27/21", "6/28/21", "6/29/21", "6/30/21", "7/1/21", "7/2/21", "7/3/21", "7/4/21", "7/5/21", "7/6/21", "7/7/21", "7/8/21", "7/9/21", "7/10/21", "7/11/21", "7/12/21", "7/13/21", "7/14/21", "7/15/21", "7/16/21", "7/17/21", "7/18/21", "7/19/21"], "original_values": [19, 22, 16, 27, 27, 28, 19, 22, 15, 17, 37, 39, 28, 38, 31, 29, 37, 64, 68, 57, 64, 42, 66, 72, 91, 87, 106, 99, 99]}