{"dates": ["6/24/21", "6/25/21", "6/26/21", "6/27/21", "6/28/21", "6/29/21", "6/30/21", "7/1/21", "7/2/21", "7/3/21", "7/4/21", "7/5/21", "7/6/21", "7/7/21", "7/8/21", "7/9/21", "7/10/21", "7/11/21", "7/12/21", "7/13/21", "7/14/21", "7/15/21"], "max_14": 193, "max": 5626, "value": [3.7142857142857144, 6.928571428571429, 10.642857142857142, 11.285714285714286, 12.928571428571429, 14.571428571428571, 14.714285714285714, 14.714285714285714, 13.5, 12.0, 12.142857142857142, 12.571428571428571, 12.785714285714286, 13.0, 13.0, 12.0, 11.571428571428571, 12.142857142857142, 11.928571428571429, 12.428571428571429, 13.142857142857142, 13.142857142857142, 14.857142857142858, 15.428571428571429], "time": ["6/21/21", "6/22/21", "6/23/21", "6/24/21", "6/25/21", "6/26/21", "6/27/21", "6/28/21", "6/29/21", "6/30/21", "7/1/21", "7/2/21", "7/3/21", "7/4/21", "7/5/21", "7/6/21", "7/7/21", "7/8/21", "7/9/21", "7/10/21", "7/11/21", "7/12/21", "7/13/21", "7/14/21", "7/15/21", "7/16/21", "7/17/21", "7/18/21", "7/19/21"], "original_values": [6, 5, 8, 5, 2, 0, 0, 51, 12, 10, 26, 4, 0, 0, 34, 8, 16, 26, 7, 0, 0, 20, 16, 16, 23, 17, 0, 0, 44]}