{"dates": ["6/24/21", "6/25/21", "6/26/21", "6/27/21", "6/28/21", "6/29/21", "6/30/21", "7/1/21", "7/2/21", "7/3/21", "7/4/21", "7/5/21", "7/6/21", "7/7/21", "7/8/21", "7/9/21", "7/10/21", "7/11/21", "7/12/21", "7/13/21", "7/14/21", "7/15/21"], "max_14": 62, "max": 930, "value": [0.7142857142857143, 0.7142857142857143, 0.9285714285714286, 1.0, 1.5, 2.4285714285714284, 2.5714285714285716, 2.4285714285714284, 2.4285714285714284, 2.7142857142857144, 3.2857142857142856, 3.0, 2.7142857142857144, 3.2857142857142856, 3.642857142857143, 3.7142857142857144, 3.5714285714285716, 3.857142857142857, 4.714285714285714, 4.571428571428571, 4.357142857142857, 4.928571428571429, 5.142857142857143, 4.785714285714286], "time": ["6/21/21", "6/22/21", "6/23/21", "6/24/21", "6/25/21", "6/26/21", "6/27/21", "6/28/21", "6/29/21", "6/30/21", "7/1/21", "7/2/21", "7/3/21", "7/4/21", "7/5/21", "7/6/21", "7/7/21", "7/8/21", "7/9/21", "7/10/21", "7/11/21", "7/12/21", "7/13/21", "7/14/21", "7/15/21", "7/16/21", "7/17/21", "7/18/21", "7/19/21"], "original_values": [0, 0, 2, 0, 1, 2, 0, 0, 3, 0, 9, 5, 0, 0, 0, 7, 4, 1, 9, 4, 1, 0, 5, 10, 7, 1, 9, 4, 0]}