{"dates": ["6/24/21", "6/25/21", "6/26/21", "6/27/21", "6/28/21", "6/29/21", "6/30/21", "7/1/21", "7/2/21", "7/3/21", "7/4/21", "7/5/21", "7/6/21", "7/7/21", "7/8/21", "7/9/21", "7/10/21", "7/11/21", "7/12/21", "7/13/21", "7/14/21", "7/15/21"], "max_14": 121, "max": 26137, "value": [9.142857142857142, 10.214285714285714, 11.0, 13.428571428571429, 18.214285714285715, 23.642857142857142, 31.285714285714285, 36.642857142857146, 37.214285714285715, 40.92857142857143, 38.5, 28.714285714285715, 20.571428571428573, 10.714285714285714, 4.285714285714286, 3.9285714285714284, -0.07142857142857142, 0.5, 7.5, 11.428571428571429, 12.857142857142858, 12.071428571428571, 12.357142857142858, 13.142857142857142], "time": ["6/21/21", "6/22/21", "6/23/21", "6/24/21", "6/25/21", "6/26/21", "6/27/21", "6/28/21", "6/29/21", "6/30/21", "7/1/21", "7/2/21", "7/3/21", "7/4/21", "7/5/21", "7/6/21", "7/7/21", "7/8/21", "7/9/21", "7/10/21", "7/11/21", "7/12/21", "7/13/21", "7/14/21", "7/15/21", "7/16/21", "7/17/21", "7/18/21", "7/19/21"], "original_values": [5, 4, 14, -1, 24, 10, 16, 4, 16, 36, 44, 55, 86, 15, 13, 59, -41, -16, 1, 2, 9, 14, 2, 24, 17, 23, 0, 0, 27]}