{"dates": ["6/24/21", "6/25/21", "6/26/21", "6/27/21", "6/28/21", "6/29/21", "6/30/21", "7/1/21", "7/2/21", "7/3/21", "7/4/21", "7/5/21", "7/6/21", "7/7/21", "7/8/21", "7/9/21", "7/10/21", "7/11/21", "7/12/21", "7/13/21", "7/14/21", "7/15/21"], "max_14": 53, "max": 5385, "value": [5.142857142857143, 3.0714285714285716, 1.0, 1.2857142857142858, 1.4285714285714286, 1.1428571428571428, 1.0, 1.0, 0.7857142857142857, 0.8571428571428571, 1.0, 1.0714285714285714, 1.5714285714285714, 1.8571428571428572, 1.8571428571428572, 2.5714285714285716, 3.357142857142857, 3.642857142857143, 3.7857142857142856, 3.7857142857142856, 3.857142857142857, 3.857142857142857, 4.071428571428571, 3.9285714285714284], "time": ["6/21/21", "6/22/21", "6/23/21", "6/24/21", "6/25/21", "6/26/21", "6/27/21", "6/28/21", "6/29/21", "6/30/21", "7/1/21", "7/2/21", "7/3/21", "7/4/21", "7/5/21", "7/6/21", "7/7/21", "7/8/21", "7/9/21", "7/10/21", "7/11/21", "7/12/21", "7/13/21", "7/14/21", "7/15/21", "7/16/21", "7/17/21", "7/18/21", "7/19/21"], "original_values": [32, 0, 0, 2, 2, 0, 0, 3, 0, 4, 0, 0, 0, 0, 0, 4, 2, 3, 4, 0, 0, 10, 5, 5, 2, 5, 0, 0, 13]}