{"dates": ["6/24/21", "6/25/21", "6/26/21", "6/27/21", "6/28/21", "6/29/21", "6/30/21", "7/1/21", "7/2/21", "7/3/21", "7/4/21", "7/5/21", "7/6/21", "7/7/21", "7/8/21", "7/9/21", "7/10/21", "7/11/21", "7/12/21", "7/13/21", "7/14/21", "7/15/21"], "max_14": 1564, "max": 76894, "value": [51.714285714285715, 51.714285714285715, 51.714285714285715, 51.714285714285715, 51.714285714285715, 53.357142857142854, 55.0, 55.0, 55.0, 55.0, 55.0, 55.0, 66.78571428571429, 78.57142857142857, 78.57142857142857, 78.57142857142857, 78.57142857142857, 78.57142857142857, 78.57142857142857, 111.71428571428571, 144.85714285714286, 144.85714285714286, 144.85714285714286, 144.85714285714286], "time": ["6/21/21", "6/22/21", "6/23/21", "6/24/21", "6/25/21", "6/26/21", "6/27/21", "6/28/21", "6/29/21", "6/30/21", "7/1/21", "7/2/21", "7/3/21", "7/4/21", "7/5/21", "7/6/21", "7/7/21", "7/8/21", "7/9/21", "7/10/21", "7/11/21", "7/12/21", "7/13/21", "7/14/21", "7/15/21", "7/16/21", "7/17/21", "7/18/21", "7/19/21"], "original_values": [0, 0, 0, 0, 362, 0, 0, 0, 0, 0, 0, 385, 0, 0, 0, 0, 0, 0, 550, 0, 0, 0, 0, 0, 0, 1014, 0, 0, 0]}