{"dates": ["6/24/21", "6/25/21", "6/26/21", "6/27/21", "6/28/21", "6/29/21", "6/30/21", "7/1/21", "7/2/21", "7/3/21", "7/4/21", "7/5/21", "7/6/21", "7/7/21", "7/8/21", "7/9/21", "7/10/21", "7/11/21", "7/12/21", "7/13/21", "7/14/21", "7/15/21"], "max_14": 71, "max": 3590, "value": [0.8571428571428571, 0.8571428571428571, 1.2857142857142858, 1.7142857142857142, 1.7142857142857142, 1.7142857142857142, 2.142857142857143, 2.5714285714285716, 2.5714285714285716, 1.7857142857142858, 1.0, 1.6428571428571428, 2.7857142857142856, 2.7857142857142856, 2.2857142857142856, 2.2857142857142856, 4.285714285714286, 6.285714285714286, 5.642857142857143, 6.428571428571429, 7.857142857142857, 7.857142857142857, 7.857142857142857, 5.857142857142857], "time": ["6/21/21", "6/22/21", "6/23/21", "6/24/21", "6/25/21", "6/26/21", "6/27/21", "6/28/21", "6/29/21", "6/30/21", "7/1/21", "7/2/21", "7/3/21", "7/4/21", "7/5/21", "7/6/21", "7/7/21", "7/8/21", "7/9/21", "7/10/21", "7/11/21", "7/12/21", "7/13/21", "7/14/21", "7/15/21", "7/16/21", "7/17/21", "7/18/21", "7/19/21"], "original_values": [0, 5, 0, 0, 0, 1, 0, 0, 11, 0, 0, 0, 7, 0, 0, 0, 0, 9, 7, 0, 0, 0, 28, 0, 0, 27, 0, 0, 0]}