{"dates": ["6/24/21", "6/25/21", "6/26/21", "6/27/21", "6/28/21", "6/29/21", "6/30/21", "7/1/21", "7/2/21", "7/3/21", "7/4/21", "7/5/21", "7/6/21", "7/7/21", "7/8/21", "7/9/21", "7/10/21", "7/11/21", "7/12/21", "7/13/21", "7/14/21", "7/15/21"], "max_14": 284, "max": 18059, "value": [6.0, 6.857142857142857, 7.714285714285714, 7.785714285714286, 7.857142857142857, 7.857142857142857, 7.857142857142857, 7.857142857142857, 6.714285714285714, 5.571428571428571, 7.5, 9.428571428571429, 9.5, 9.571428571428571, 9.571428571428571, 12.785714285714286, 16.0, 12.785714285714286, 13.214285714285714, 19.285714285714285, 21.714285714285715, 21.714285714285715, 23.142857142857142, 24.571428571428573], "time": ["6/21/21", "6/22/21", "6/23/21", "6/24/21", "6/25/21", "6/26/21", "6/27/21", "6/28/21", "6/29/21", "6/30/21", "7/1/21", "7/2/21", "7/3/21", "7/4/21", "7/5/21", "7/6/21", "7/7/21", "7/8/21", "7/9/21", "7/10/21", "7/11/21", "7/12/21", "7/13/21", "7/14/21", "7/15/21", "7/16/21", "7/17/21", "7/18/21", "7/19/21"], "original_values": [4, 0, 17, 0, 21, 0, 0, 16, 0, 18, 0, 21, 0, 0, 0, 0, 45, 0, 22, 0, 0, 45, 0, 0, 51, 56, 0, 0, 65]}