{"dates": ["6/24/21", "6/25/21", "6/26/21", "6/27/21", "6/28/21", "6/29/21", "6/30/21", "7/1/21", "7/2/21", "7/3/21", "7/4/21", "7/5/21", "7/6/21", "7/7/21", "7/8/21", "7/9/21", "7/10/21", "7/11/21", "7/12/21", "7/13/21", "7/14/21", "7/15/21"], "max_14": 185, "max": 15156, "value": [6.071428571428571, 6.428571428571429, 6.642857142857143, 6.714285714285714, 5.571428571428571, 4.5, 4.214285714285714, 3.642857142857143, 3.2857142857142856, 4.0, 5.0, 5.857142857142857, 6.571428571428571, 6.571428571428571, 6.571428571428571, 7.928571428571429, 9.0, 9.5, 10.785714285714286, 11.857142857142858, 12.428571428571429, 12.428571428571429, 14.785714285714286, 16.285714285714285], "time": ["6/21/21", "6/22/21", "6/23/21", "6/24/21", "6/25/21", "6/26/21", "6/27/21", "6/28/21", "6/29/21", "6/30/21", "7/1/21", "7/2/21", "7/3/21", "7/4/21", "7/5/21", "7/6/21", "7/7/21", "7/8/21", "7/9/21", "7/10/21", "7/11/21", "7/12/21", "7/13/21", "7/14/21", "7/15/21", "7/16/21", "7/17/21", "7/18/21", "7/19/21"], "original_values": [0, 3, 6, 20, 7, 5, 3, 2, 4, 6, 4, 8, 0, 0, 0, 16, 8, 14, 8, 0, 0, 19, 12, 19, 21, 16, 0, 0, 52]}