{"dates": ["6/24/21", "6/25/21", "6/26/21", "6/27/21", "6/28/21", "6/29/21", "6/30/21", "7/1/21", "7/2/21", "7/3/21", "7/4/21", "7/5/21", "7/6/21", "7/7/21", "7/8/21", "7/9/21", "7/10/21", "7/11/21", "7/12/21", "7/13/21", "7/14/21", "7/15/21"], "max_14": 278, "max": 24332, "value": [10.857142857142858, 11.642857142857142, 12.0, 11.714285714285714, 11.142857142857142, 11.571428571428571, 12.142857142857142, 12.071428571428571, 12.142857142857142, 11.642857142857142, 12.214285714285714, 12.071428571428571, 13.071428571428571, 15.785714285714286, 16.857142857142858, 18.571428571428573, 20.785714285714285, 21.428571428571427, 23.071428571428573, 23.571428571428573, 21.928571428571427, 21.714285714285715, 20.785714285714285, 18.571428571428573], "time": ["6/21/21", "6/22/21", "6/23/21", "6/24/21", "6/25/21", "6/26/21", "6/27/21", "6/28/21", "6/29/21", "6/30/21", "7/1/21", "7/2/21", "7/3/21", "7/4/21", "7/5/21", "7/6/21", "7/7/21", "7/8/21", "7/9/21", "7/10/21", "7/11/21", "7/12/21", "7/13/21", "7/14/21", "7/15/21", "7/16/21", "7/17/21", "7/18/21", "7/19/21"], "original_values": [4, 12, 17, 17, 9, 13, 8, 7, 14, 11, 15, 17, 13, 7, 9, 5, 28, -4, 50, 18, 17, 23, 22, 20, 27, 26, 19, 13, 14]}