{"dates": ["6/24/21", "6/25/21", "6/26/21", "6/27/21", "6/28/21", "6/29/21", "6/30/21", "7/1/21", "7/2/21", "7/3/21", "7/4/21", "7/5/21", "7/6/21", "7/7/21", "7/8/21", "7/9/21", "7/10/21", "7/11/21", "7/12/21", "7/13/21", "7/14/21", "7/15/21"], "max_14": 435, "max": 23727, "value": [16.0, 15.857142857142858, 15.571428571428571, 15.5, 15.214285714285714, 15.357142857142858, 15.857142857142858, 15.857142857142858, 12.214285714285714, 12.071428571428571, 16.642857142857142, 18.142857142857142, 18.857142857142858, 19.142857142857142, 19.142857142857142, 22.714285714285715, 23.785714285714285, 22.0, 23.571428571428573, 27.357142857142858, 30.285714285714285, 30.285714285714285, 33.07142857142857, 34.357142857142854], "time": ["6/21/21", "6/22/21", "6/23/21", "6/24/21", "6/25/21", "6/26/21", "6/27/21", "6/28/21", "6/29/21", "6/30/21", "7/1/21", "7/2/21", "7/3/21", "7/4/21", "7/5/21", "7/6/21", "7/7/21", "7/8/21", "7/9/21", "7/10/21", "7/11/21", "7/12/21", "7/13/21", "7/14/21", "7/15/21", "7/16/21", "7/17/21", "7/18/21", "7/19/21"], "original_values": [53, 9, 23, 21, 6, 0, 0, 51, 7, 24, 16, 13, 0, 0, 0, 56, 39, 22, 17, 0, 0, 50, 21, 49, 34, 58, 0, 0, 89]}