{"dates": ["6/24/21", "6/25/21", "6/26/21", "6/27/21", "6/28/21", "6/29/21", "6/30/21", "7/1/21", "7/2/21", "7/3/21", "7/4/21", "7/5/21", "7/6/21", "7/7/21", "7/8/21", "7/9/21", "7/10/21", "7/11/21", "7/12/21", "7/13/21", "7/14/21", "7/15/21"], "max_14": 430, "max": 19548, "value": [9.714285714285714, 11.0, 12.071428571428571, 11.857142857142858, 11.857142857142858, 11.857142857142858, 11.857142857142858, 11.857142857142858, 9.142857142857142, 9.285714285714286, 13.571428571428571, 16.357142857142858, 18.357142857142858, 19.0, 19.0, 23.5, 25.785714285714285, 24.5, 25.928571428571427, 28.857142857142858, 31.285714285714285, 31.285714285714285, 32.357142857142854, 32.214285714285715], "time": ["6/21/21", "6/22/21", "6/23/21", "6/24/21", "6/25/21", "6/26/21", "6/27/21", "6/28/21", "6/29/21", "6/30/21", "7/1/21", "7/2/21", "7/3/21", "7/4/21", "7/5/21", "7/6/21", "7/7/21", "7/8/21", "7/9/21", "7/10/21", "7/11/21", "7/12/21", "7/13/21", "7/14/21", "7/15/21", "7/16/21", "7/17/21", "7/18/21", "7/19/21"], "original_values": [20, 11, 15, 12, 10, 0, 0, 38, 8, 15, 12, 10, 0, 0, 0, 48, 35, 31, 19, 0, 0, 63, 17, 48, 38, 53, 0, 0, 78]}