{"dates": ["6/24/21", "6/25/21", "6/26/21", "6/27/21", "6/28/21", "6/29/21", "6/30/21", "7/1/21", "7/2/21", "7/3/21", "7/4/21", "7/5/21", "7/6/21", "7/7/21", "7/8/21", "7/9/21", "7/10/21", "7/11/21", "7/12/21", "7/13/21", "7/14/21", "7/15/21"], "max_14": 73, "max": 15569, "value": [3.4285714285714284, 4.214285714285714, 3.9285714285714284, 2.857142857142857, 2.857142857142857, 2.357142857142857, 1.8571428571428572, 1.8571428571428572, 1.0714285714285714, 1.0714285714285714, 1.7142857142857142, 1.7142857142857142, 2.357142857142857, 2.857142857142857, 2.857142857142857, 4.0, 4.714285714285714, 4.428571428571429, 4.928571428571429, 5.285714285714286, 5.285714285714286, 5.285714285714286, 5.285714285714286, 5.071428571428571], "time": ["6/21/21", "6/22/21", "6/23/21", "6/24/21", "6/25/21", "6/26/21", "6/27/21", "6/28/21", "6/29/21", "6/30/21", "7/1/21", "7/2/21", "7/3/21", "7/4/21", "7/5/21", "7/6/21", "7/7/21", "7/8/21", "7/9/21", "7/10/21", "7/11/21", "7/12/21", "7/13/21", "7/14/21", "7/15/21", "7/16/21", "7/17/21", "7/18/21", "7/19/21"], "original_values": [0, 13, 4, 1, 6, 0, 0, 11, -2, 4, 1, -1, 0, 0, 0, 9, 2, 3, 6, 0, 0, 16, 3, 4, 8, 6, 0, 0, 16]}