{"dates": ["6/24/21", "6/25/21", "6/26/21", "6/27/21", "6/28/21", "6/29/21", "6/30/21", "7/1/21", "7/2/21", "7/3/21", "7/4/21", "7/5/21", "7/6/21", "7/7/21", "7/8/21", "7/9/21", "7/10/21", "7/11/21", "7/12/21", "7/13/21", "7/14/21", "7/15/21"], "max_14": 2081, "max": 283685, "value": [48.42857142857143, 53.785714285714285, 54.92857142857143, 56.142857142857146, 55.285714285714285, 54.357142857142854, 51.857142857142854, 46.57142857142857, 44.92857142857143, 46.785714285714285, 48.42857142857143, 53.714285714285715, 63.5, 80.85714285714286, 102.64285714285714, 116.57142857142857, 123.35714285714286, 130.85714285714286, 141.64285714285714, 144.0, 152.64285714285714, 167.28571428571428, 173.14285714285714, 169.57142857142858], "time": ["6/21/21", "6/22/21", "6/23/21", "6/24/21", "6/25/21", "6/26/21", "6/27/21", "6/28/21", "6/29/21", "6/30/21", "7/1/21", "7/2/21", "7/3/21", "7/4/21", "7/5/21", "7/6/21", "7/7/21", "7/8/21", "7/9/21", "7/10/21", "7/11/21", "7/12/21", "7/13/21", "7/14/21", "7/15/21", "7/16/21", "7/17/21", "7/18/21", "7/19/21"], "original_values": [56, 35, 34, 66, 62, 49, 74, 57, 50, 36, 52, 63, 13, 36, 72, 61, 48, 114, 138, 181, 173, 130, 98, 116, 197, 88, 352, 207, 178]}