{"dates": ["6/24/21", "6/25/21", "6/26/21", "6/27/21", "6/28/21", "6/29/21", "6/30/21", "7/1/21", "7/2/21", "7/3/21", "7/4/21", "7/5/21", "7/6/21", "7/7/21", "7/8/21", "7/9/21", "7/10/21", "7/11/21", "7/12/21", "7/13/21", "7/14/21", "7/15/21"], "max_14": 149, "max": 10359, "value": [2.5714285714285716, 2.2142857142857144, 1.8571428571428572, 2.2142857142857144, 2.5714285714285716, 2.2142857142857144, 1.8571428571428572, 1.8571428571428572, 1.5714285714285714, 1.2857142857142858, 2.4285714285714284, 3.5714285714285716, 4.642857142857143, 6.428571428571429, 7.142857142857143, 7.857142857142857, 8.571428571428571, 8.928571428571429, 10.642857142857142, 11.428571428571429, 11.0, 11.571428571428571, 12.357142857142858, 12.714285714285714], "time": ["6/21/21", "6/22/21", "6/23/21", "6/24/21", "6/25/21", "6/26/21", "6/27/21", "6/28/21", "6/29/21", "6/30/21", "7/1/21", "7/2/21", "7/3/21", "7/4/21", "7/5/21", "7/6/21", "7/7/21", "7/8/21", "7/9/21", "7/10/21", "7/11/21", "7/12/21", "7/13/21", "7/14/21", "7/15/21", "7/16/21", "7/17/21", "7/18/21", "7/19/21"], "original_values": [9, 0, 3, 0, 6, 0, 0, 4, 0, 8, 0, 1, 0, 0, 0, 0, 24, 0, 16, 10, 0, 10, 0, 29, 19, 8, 12, 6, 15]}