{"dates": ["6/24/21", "6/25/21", "6/26/21", "6/27/21", "6/28/21", "6/29/21", "6/30/21", "7/1/21", "7/2/21", "7/3/21", "7/4/21", "7/5/21", "7/6/21", "7/7/21", "7/8/21", "7/9/21", "7/10/21", "7/11/21", "7/12/21", "7/13/21", "7/14/21", "7/15/21"], "max_14": 262, "max": 28933, "value": [2.0, 2.857142857142857, 3.857142857142857, 4.5, 5.357142857142857, 6.571428571428571, 7.214285714285714, 7.0, 5.928571428571429, 5.714285714285714, 6.642857142857143, 7.285714285714286, 8.285714285714286, 8.714285714285714, 8.714285714285714, 11.214285714285714, 13.642857142857142, 15.214285714285714, 17.0, 15.857142857142858, 14.571428571428571, 16.785714285714285, 21.357142857142858, 22.714285714285715], "time": ["6/21/21", "6/22/21", "6/23/21", "6/24/21", "6/25/21", "6/26/21", "6/27/21", "6/28/21", "6/29/21", "6/30/21", "7/1/21", "7/2/21", "7/3/21", "7/4/21", "7/5/21", "7/6/21", "7/7/21", "7/8/21", "7/9/21", "7/10/21", "7/11/21", "7/12/21", "7/13/21", "7/14/21", "7/15/21", "7/16/21", "7/17/21", "7/18/21", "7/19/21"], "original_values": [3, 1, 5, 2, 0, 3, 0, 15, 3, 12, 7, 12, 0, 0, 0, 15, 13, 15, 18, 0, 0, 35, 14, 36, 17, 0, 0, 31, 68]}