{"dates": ["6/24/21", "6/25/21", "6/26/21", "6/27/21", "6/28/21", "6/29/21", "6/30/21", "7/1/21", "7/2/21", "7/3/21", "7/4/21", "7/5/21", "7/6/21", "7/7/21", "7/8/21", "7/9/21", "7/10/21", "7/11/21", "7/12/21", "7/13/21", "7/14/21", "7/15/21"], "max_14": 2981, "max": 309851, "value": [82.14285714285714, 74.57142857142857, 69.28571428571429, 93.64285714285714, 119.0, 125.07142857142857, 127.85714285714286, 127.85714285714286, 127.85714285714286, 130.0, 122.92857142857143, 122.35714285714286, 139.14285714285714, 147.28571428571428, 147.28571428571428, 160.57142857142858, 162.21428571428572, 189.64285714285714, 229.0, 224.92857142857142, 220.57142857142858, 220.57142857142858, 236.28571428571428, 252.0], "time": ["6/21/21", "6/22/21", "6/23/21", "6/24/21", "6/25/21", "6/26/21", "6/27/21", "6/28/21", "6/29/21", "6/30/21", "7/1/21", "7/2/21", "7/3/21", "7/4/21", "7/5/21", "7/6/21", "7/7/21", "7/8/21", "7/9/21", "7/10/21", "7/11/21", "7/12/21", "7/13/21", "7/14/21", "7/15/21", "7/16/21", "7/17/21", "7/18/21", "7/19/21"], "original_values": [106, 101, 139, 114, 115, 0, 0, 0, 133, 448, 160, 154, 0, 0, 0, 163, 319, 281, 268, 0, 0, 186, 0, 866, 285, 207, 0, 0, 406]}