{"dates": ["6/24/21", "6/25/21", "6/26/21", "6/27/21", "6/28/21", "6/29/21", "6/30/21", "7/1/21", "7/2/21", "7/3/21", "7/4/21", "7/5/21", "7/6/21", "7/7/21", "7/8/21", "7/9/21", "7/10/21", "7/11/21", "7/12/21", "7/13/21", "7/14/21", "7/15/21"], "max_14": 44, "max": 6301, "value": [1.8571428571428572, 1.2857142857142858, 0.7142857142857143, 0.5714285714285714, 0.5714285714285714, 0.7142857142857143, 0.7142857142857143, 0.7142857142857143, 0.7142857142857143, 0.6428571428571429, 0.7142857142857143, 0.8571428571428571, 1.1428571428571428, 1.4285714285714286, 1.4285714285714286, 2.2857142857142856, 3.4285714285714284, 3.7142857142857144, 3.7857142857142856, 3.7142857142857144, 3.5714285714285716, 3.5714285714285716, 3.357142857142857, 2.857142857142857], "time": ["6/21/21", "6/22/21", "6/23/21", "6/24/21", "6/25/21", "6/26/21", "6/27/21", "6/28/21", "6/29/21", "6/30/21", "7/1/21", "7/2/21", "7/3/21", "7/4/21", "7/5/21", "7/6/21", "7/7/21", "7/8/21", "7/9/21", "7/10/21", "7/11/21", "7/12/21", "7/13/21", "7/14/21", "7/15/21", "7/16/21", "7/17/21", "7/18/21", "7/19/21"], "original_values": [7, 1, 3, 1, 1, 0, 0, -1, 1, 1, 3, 1, 0, 0, -1, 0, 3, 3, 5, 0, 0, 11, 4, 3, 4, 3, 0, 0, 8]}