{"dates": ["6/24/21", "6/25/21", "6/26/21", "6/27/21", "6/28/21", "6/29/21", "6/30/21", "7/1/21", "7/2/21", "7/3/21", "7/4/21", "7/5/21", "7/6/21", "7/7/21", "7/8/21", "7/9/21", "7/10/21", "7/11/21", "7/12/21", "7/13/21", "7/14/21", "7/15/21"], "max_14": 463, "max": 49480, "value": [25.071428571428573, 26.642857142857142, 27.357142857142858, 28.285714285714285, 29.142857142857142, 28.785714285714285, 25.785714285714285, 23.0, 22.0, 20.071428571428573, 19.5, 19.5, 23.5, 29.285714285714285, 30.714285714285715, 31.928571428571427, 34.714285714285715, 37.5, 39.142857142857146, 35.642857142857146, 31.785714285714285, 32.42857142857143, 33.0, 31.0], "time": ["6/21/21", "6/22/21", "6/23/21", "6/24/21", "6/25/21", "6/26/21", "6/27/21", "6/28/21", "6/29/21", "6/30/21", "7/1/21", "7/2/21", "7/3/21", "7/4/21", "7/5/21", "7/6/21", "7/7/21", "7/8/21", "7/9/21", "7/10/21", "7/11/21", "7/12/21", "7/13/21", "7/14/21", "7/15/21", "7/16/21", "7/17/21", "7/18/21", "7/19/21"], "original_values": [12, 20, 13, 33, 35, 54, 17, 17, 25, 21, 37, 26, 21, 11, 9, 6, 32, 26, 93, 35, 17, 20, 34, 43, 38, 32, 42, 19, 26]}